おまC,
母がピーマンを口にくわえながら料理を作っていた,ハハガピーマンヲクチニクワエナガラリョウリヲツクッテイタ
てめぇの頭はハッピーセットかよ？,テメェノアタマハハッピーセットカヨ
お前らナデシコJAPANのことブサイクとか言ってるけど,オマエラナデシコジャパンノコトブサイクトカイッテルケド
でもお前ハゲじゃん,デモオマエハゲジャン
メシマズ嫁,メシマズヨメ
タオパンパ,タオパンパ
ま～ん（笑）,マーン
ファインデム地蔵,ファインデムジゾウ
10まで息止める,ジュウマデイキトメル
寄り道がてら見知らぬラーメン屋に立ち入ったら、 そこで偶然中学のときのクラスメート数人とばったり出会ったのよ。,ヨリミチガテラミシラヌラーメンヤニタチイッタラソコデグウゼンチュウガクノトキノクラスメートスウニントバッタリデアッタノヨ
あっち向いてホイ→,アッチムイテホイ
女「どうしたの深刻そうな顔して」,ドウシタノシンコクソウナカオシテ
女性とは何かを表す証明式,ジョセイトハナニカヲアラワスショウメイシキ
いよいよ明日がセンター試験本番ですよ！ むっちゃドキドキしてきた…。,イヨイヨアスガセンターシケンホンバンデスヨ ムッチャドキドキシテキタ
アメリカ人のバーベキューへの思い入れ,アメリカジンノバーベキューヘノオモイイレ
無言レスアンカーの心理,ムゴンレスアンカーノシンリ
一般人のアニメ作品に対する認識,
君も人生と向き合う時なんだ,キミモジンセイトムキアウトキナンダ
フレッツ闇,フレッツヤミ
うはｗｗｗｗ信号青すぎｗｗｗｗｗワタロｗｗｗｗｗｗｗｗｗｗｗ,ウハ シンゴウアオスギ ワタロ
メイクイットパッスィボゥ,メイクイットパッスィボゥ
リチャードボイラン,リチャードボイラン
ブラックホール企業,ブラックホールキギョウ
会いたくて震える,アイタクテフルエル
テラ豚丼騒動,テラブタドンソウドウ
vvsm,ヴァヴァサマ
弗,ドル
NNN,エヌエヌエヌ
養分,ヨウブン
ヌカ,ヌカ
天蓋,テンガイ
煎餅屋,センベイヤ
産廃,サンパイ
海鮮、回線,カイセン
埋め,ウメ
サジェスト汚染,サジェストオセン
デーオタ,デーオタ
小坂ゾーン,コサカゾーン
オレ選手,オレセンシュ
ドッキングにぼし,ドッキングニボシ
ぬるコぽっぷ,ヌルコポップ
ROM専,ロムセン
k（お金などの単位）,ケー
ウォーター(ヲーター),ウォーター
2chの地域表示における内モンゴル自治区,ウチモンゴルジチク
dpk,ドピコ
…もう…やめちゃってもいい…かなァ…人生,モウヤメチャッテモイイカナァジンセイ
今朝、自販機で缶コーヒー買ったら 「おはようございます。お仕事頑張ってください！」って言われた。,ケサ、ジハンキデカンコーヒーカッタラオハヨウゴザイマスオシゴトガンバッテクダサイッテイワレタ
夢の国デスニートランド,ユメノクニデスニートランド
とっとこハム太郎の替え歌,トットコハムタロウノカエウタ
「おやじ、今日俺退職するんだ。」,オヤジ、キョウオレタイショクスルンダ
デュフフww,デュフフ
マジレスすると,マジレススルト
ぬまっき,ヌマッキ
ろっぽんぞー,ロッポンゾー
金コマ,カネコマ
アフィチル,アフィチル
こマ？,コマ
イミフナズン,イミフナズン
セゲオ,セゲオ
なぜこんなことになってしまったんだ,ナゼコンナコトニナッテシマッタンダ
これあかんやつや,コレアカンヤツヤ
だよもん星人,ダヨモンセイジン
さやかわいい,サヤカワイイ
変態という名の紳士,ヘンタイトイウナノシンシ
どうしてああなった,ドウシテアアナッタ
ほぼイキかけました,ホボイキカケマシタ
チーッス,チーッス
天狗じゃ、天狗の仕業じゃ！,テングジャ テングノシワザジャ
ババア結婚してくれ,ババアケッコンシテクレ
USUGEMAN,ウスゲマン
俺提督,オレテイトク
ぐう凡,グウボン
やキ神,ヤキカミ
(^o^)/＼ｳﾃﾞｵﾚﾀ,ウデオレタ
ピンズド（ピンポイントでｽﾞﾄﾞﾝ、ｽﾞﾄﾞﾝ）,ピンポイントデズドンズドン
片栗粉X,カタクリコエックス
距離梨,キョリナシ
ドヴァ帝国,ドヴァテイコク
おさわりまんこっちです,オサワリマンコッチデス
売って売って売りまくれ,ウッテウッテウリマクレ
加速するストレート,カソクスルストレート
sage強要厨,サゲキョウヨウチュウ
ギャプッ！ギャプッ！クソワロタ！,ギャプッ ギャプッ クソワロタ
ここテン,ココテン
ビッグウェーブさん,ビッグウェーブサン
残念 さやかちゃんでした,ザンネン サヤカチャンデシタ
m9^д^)m9^д^)m9^д^)ｼﾞｪｯﾄｽﾄﾘｰﾑﾌﾟｷﾞｬｰ,ジェットストリームプギャー
俺TUEEEE,オレツエー
メタ萌え,メタモエ
雑コラ,ザツコラ
超爆噴火ラストワルツ怒ストエフスキー,チョウハクフンカラストワルツドストエフスキー
微レ存,ビレゾン
キター,キター
イヤゲ物,イヤゲモノ
これ豆な,コレマメナ
ワロタウロス,ワロタウロス
お前のヨーデル鋭利なものマンの請求書？,オマエノヨーデルエイリナモノマンノセイキュウショ
ｸｿﾜﾛ太鼓ﾄﾞﾝﾄﾞﾝwwww,クソワロタイコドンドン
24する,ツーホースル
スレタイに改行,スレタイニカイギョウ
車のエンジンがかからないの…,クルマノエンジンガカカラナイノ
母「おい、おまいら！！夕食ができますた。リビングに集合しる！」,オイオマイラ　ユウショクガデキマスタ　リビングニシュウゴウシル
吉野家ってどういう注文システムなんですかお？（　＾ω＾）,ヨシノヤッテドウイウチュウモンシステムナンデスカオ
遣唐使来ないじゃん。ぜんっぜん来ない。,ケントウシコナイジャン　ゼンッゼンコナイ
渡辺俊介ちゃんを救う会,ワタナベシュンスケチャンヲスクウカイ
ロミオ化,ロミオカ
毒親,ドクオヤ
あなたが神か,アナタガカミカ
ジョージマッケンジー,ジョージマッケンジー
ちな虎,チナトラ
パスは鏡,パスハカガミ
やってられっか夫,ヤッテラレッカオ
レジカン,レジカン
買う買う詐欺,カウカウサギ
フリメ,フリメ
集合汁,シュウゴウシル
違う！今のはクリボーが勝手に！,チガウ　イマノハクリボーガカッテニ
テラアリエナスバルス病,テラアリエナスバルスビョウ
ポインヨ,ポインヨ
こちらスネーク,コチラスネーク
パスは炒め,パスハイタメ
クソワロタンバリンwwww（シャンシャン,クソワロタンバリン シャンシャン
私得,ワタシトク
千葉滋賀佐賀,チバシガサガ
ムリムリムリムリかたつむり,ムリムリムリムリカタツムリ
ロロナだと思ったか？ 俺だよ！,ロロナダトオモッタカ オレダヨ
グラフで比較するとそれほど差はない,グラフデヒカクスルトソレホドサハナイ
絶望ハンバーグ工場,ゼツボウハンバーグコウジョウ
後楽園ゆうえんちで僕と握手,コウラクエンユウエンチデボクトアクシュ
ネ喪,ネモ
ヒエ～ッ,ヒエーッ
殿が来るぞ,トノガクルゾ
スーパーサイエンス部に不可能の文字はないわ,スーパーサイエンスブニフカノウノモジハナイワ
へえ！すごいじゃないか　きっと人生で何の役にも立たないだろうね！！,ヘエスゴイジャナイカ　キットジンセイデナンノヤクニモタタナイダロウネ
アンチコメント,アンチコメント
支援,シエン
パラニート,パラニート
ネトスト（ネットストーカー）,ネトスト
ウォガ,ウォガ
飯テロ,メシテロ
義実家,ギジッカ
バーニング・ダーク・フレイム・オブ・ディッセンバー,バーニング　ダーク　フレイム　オブ　ディッセンバー
感じ悪いね,カンジワルイネ
やめあら,ヤメアラ
セコママ,セコママ
伝説の92,デンセツノキュウジュウニ
デリシャスデリシャス,デリシャスデリシャス
色んな八兵衛,イロンナハチベイ
サッカー選手の名言,
ある男が医師に、100歳まで生きられるでしょうか、と尋ねた,
鈴木でございます,
bkwr,バクワラ
ちょっと田んぼの様子みてくる,チョットタンボノヨウスミテクル
とっても大好きな人がいるのにワキガなんです。,トッテモダイスキナヒトガイルノニワキガナンデス
な闇深,ナヤミフカ
95割／95割はゆとり,キュウジュウゴワリ
カサーリ,カサーリ
ageブラザーズ,アゲブラザーズ
盛大なブーメラン,セイダイナブーメラン
バックステッポ,バックステッポ
専トピ／専用トピックス,セントピ
池上無双,イケガミムソウ
アニート,アニート
けしからんもっとやれ,ケシカランモットヤレ
母パート妹デート俺ニート,ハハパートイモウトデートオレニート
口の中パッサパサ,クチノナカパッサパサ
彼女なんて都市伝説,カノジョナンテトシデンセツ
うp主失踪,ウプヌシシッソウ
ワロティングヌス,ワロティングヌス
ハイパーメディアクリエイター,ハイパーメディアクリエイター
スコット鉄太朗,スコットテツタロウ
ネット上のお前ら　現実世界のおまえら,ネットジョウノオマエラ　ゲンジツセカイノオマエラ
アベノリスク,アベノリスク
俺ガイル,オレガイル
静まれーぃ！静まれーぃ！,シズマレーイ　シズマレーイ
こいよベネット,コイヨベネット
メル欄,メルラン
なるほどわからん,ナルホドワカラン
ワイシャツの下から大騒ぎするランキング,ワイシャツノシタカラオオサワギスルランキング
フェレンゲルシュターデン現象,フェレンゲルシュターデンゲンショウ
イカれたメンバー紹介するぜ！,イカレタメンバーショウカイスルゼ
歩いてお帰り,アルイテオカエリ
間嫁,マヨメ
テノヒラクルー,テノヒラクルー
地下民,チカミン
汚いなさすが忍者きたない,キタナイサスガキタナイ
大盛りギョク,オオモリギョク
ただし○○、テメーはダメだ,タダシ テメーハダメダ
オンカッカ,オンカッカ
コテトリ,コテトリ
セルフあぼーん,セルフアボーン
おい、小池！,オイ コイケ
>>1さん,イチサン
呪まーす,ノロマース
ざまぁwwww,ザマァ
ハムッ、ハフハフ、ハフッ!!,ハムッ ハフハフ ハフッ
オマエモカー,オマエモカー
カワイソス,カワイソス
牛丼子,ギュウドンコ
ID真っ赤,アイディーマッカ
やきう民,ヤキウミン
ムチュコタン,ムチュコタン
食テロ,ショクテロ
ワロス曲線,ワロスキョクセン
アイちゃんが好きだぁ,アイチャンガスキダァ
仲間だもんげ！,ナカマダモンゲ
鳩夫,ハトオ
どえらいカード,ドエライカード
ATM地蔵,エーティーエムジゾウ
ケケ中,ケケナカ
カバ藁,カバワラ
涙目,ナミダメ
後釣り宣言,アトツリセンゲン
釣神様,ツリガミサマ
ハァハァ,ハァハァ
気団,キダン
DQ返し（DQNな仕返し）,ドキュンガエシ
インテル長友,インテルナガトモ
パラヒキニート,パラヒキニート
蜜墨金,ミツスミキン
おながいします,オナガイシマス
バカな・・・早すぎる・・・,バカナ　ハヤスギル
ゲフンゲフン,ゲフンゲフン
俺歓喜,オレカンキ
走ルンです,ハシルンデス
ロミオメール,ロミオメール
井端はいいバッター,イバタハイイバッター
あそこで温めてる弁当俺のなんすよww,アソコデアタタメテルベントウオレノナンスヨ
俺なんすよ,オレナンスヨ
デモデモダッテ,デモデモダッテ
ちょっと何言ってるか分かんないです,チョットナニイッテルカワカンナイデス
ジュウシマツ住職,ジュウシマツジュウショク
ブロンティスト,ブロンティスト
ネオむぎ茶事件,ネオムギチャジケン
足軽女,アシガルオンナ
ミャハ,ミャハ
暖かい棒,アタタキボウ
怒らないでマジレスしてほしいんだけど,オコラナイデマジレスシテホシインダケド
それマジで言ったん？,ソレマジデイッタン
シュエエアィサィ ターアィーサィ,シュエエアィサィ ターアィーサィ
いやどす,イヤドス
汚物は消毒だー!,オブツハショウドクダー
ジャコス行くの！？,ジャコスイクノ
宇宙ヤバイ,ウチュウヤバイ
肩さん,カタサン
パチンコガンダム駅,パチンコガンダムエキ
なんJ民の手首はボロボロ,ナンジェイミンノテクビハボロボロ
どう思った？,ドウオモッタ
日銀砲,ニチギンホウ
ジョスィ,ジョスィ
いい加減にしろ！,イイカゲンニシロ
クンデレ,クンデレ
BKD（売国奴）,ビーケーディー
うーんこの,ウーンコノ
たまげたなぁ,タマゲタナア
トリバレ,トリバレ
プリシタ,プリシタ
最後まで理性を保て,サイゴマデリセイヲタモテ
オッケーイ！（古田敦也）,オッケーイ
教えてエロい人,オシエテエロイヒト
赤さん,アカサン
会えよ,アエヨ
電農名繊九,デンノウメイオリキュウ
西福産久,セイフクサンキュウ
成成明国独武,セイセイメイコクドップ
ゴランノス・ポンサー,ゴランノスポンサー
すがすが,スガスガ
謎定期,ナゾテイキ
ピチュる,ピチュル
パー線,パーセン
謎肉,ナゾニク
静止芸,セイシゲイ
不妊様,フニンサマ
妊婦様,ニンプサマ
CO（カットアウト）,シーオー
ススズ,ススズ
手紙厨,テガミチュウ
もぅﾏﾁﾞ無理。,モウマヂムリ　カレシトワカレタ　チョォダイスキダッタノニ
汚嫁,オヨメ
オサーン,オサーン
ゲスパー,ゲスパー
緑の紙,ミドリノカミ
大ウト,オオウト
コトメ子（コトメコ）,コトメコ
コトメ,コトメ
マヤる,マヤル
（難聴）,ナンチョウ
非リア充,ヒリアジュウ
ニート婚,ニートコン
今酷い自演を見た,イマヒドイジエンヲミタ
アホス,アホス
ちょっと横になるわ,チョットヨコニナルワ
俺くん,オレクン
エネ夫,エネオ
支払いは任せろー,シハライハマカセロー
だが無意味だ,ダガムイミダ
それマジでフォイフォイ,ソレマジデフォイフォイ
ケンモメン,ケンモメン
ワイ将,ワイショウ
エアロバキバキ,エアロバキバキ
えー！何すか！？,エーナンスカ
テラカオス,テラカオス
マジプゲラ,マジプゲラ
関東上流江戸桜,カントウジョウリュウエドザクラ
はい草,ハイクサ
草生えた,クサハエタ
大草原不可避,ダイソウゲンフカヒ
FO（フェードアウト）,エフオー、フェードアウト
メンヘラ男,メンヘラオトコ
にわかオタク,ニワカオタク
名スレの予感,メイスレノヨカン
パンパカ,パンパカ
早く謝れよ,ハヤクアヤマレヨ
ハカー,ハカー
灰ムツ,ハイムツ
バータレ,バータレ
はきゅん,ハキュン
ゴミレス,ゴミレス
UZEEE,ウゼエエエ
カプール板,カプールバン
過疎板,カソイタ
化石スレ,カセキスレ
2ch脳,ニチャンノウ
いつやるか？今でしょ！,イツヤルカ　イマデショ
メタファー,メタファー
うるせぇ！ハンガーを食らいやがれ！！,ウルセエ、ハンガーヲクライヤガレ
カーネノレ,カーネノレ
モルーノレ,モルーノレ
ちゅるやさん,チュルヤサン
ほほう それでそれで？,ホホウ ソレデソレデ
またお前らか,マタオマエラカ
突然の死,トツゼンノシ
つまんね＾＾；スレ主何歳？,ツマンネ スレヌシナンサイ
ちょろいもんだぜ,チョロイモンダゼ
何が嫌いかより何が好きかで自分を語れよ！,ナニガキライカヨリナニガスキカデジブンヲカタレヨ
正直スマンカッタ,ショウジキスマンカッタ
それはひょっとしてギャグで言ってるのか！？,ソレハヒョットシテギャグデイッテルノカ
スプー,スプー
赤胴車,アカドウシャ
あぁ、ガムやるよ,アア、ガムヤルヨ
木こりファッション,キコリファッション
板違い,イタチガイ
イタチ,イタチ
キチママ,キチママ
ゴキブリッツ,ゴキブリッツ
シャガク,シャガク
タロ大,タロダイ
B級イレブン,ビーキュウイレブン
ジャンパイア,ジャンパイア
月曜日,ゲツヨウビ
うそです,ウソデス
公式カプ,コウシキカプ
逆ステマ,ギャクステマ
パソコン蛾物故割れた,パソコンガブッコワレタ
チュンチュン,チュンチュン
リアルチート,リアルチート
ガッ,ガッ
キボン,キボン
ヒエ～ッ,ヒエ～ッ
即ハメボンバー,ソクハメボンバー
ウホホホ・ポコ,ウホホホ　ポコ
涙目敗走,ナミダメハイソウ
あーげないｗｗｗｗｗｗｗｗｗｗｗｗｗｗｗｗｗｗ,アーゲナイ
なにいってだこいつ,ナニイッテダコイツ
大天使里崎,ダイテンシサトザキ
チック,チック
コラコラコラコラ～ッ！(`o´),コラコラコラコラ～ッ
なお、まにあわんもよう,ナオ、マニアワンモヨウ
辛いです,ツライデス
糞コテ,クソコテ
照ワ恋聴（照井君 ワイも恋愛サーキュレーション聴きまくってるで）,テルワレンキ
チャカD（マキシモ・ネルソン投手）,チャカディー
戦力が足りなかった,センリョクガタリナカッタ
ポイー,ポイー
ぶるっちょさむさむ,ブルッチョサムサム
追いオリ（追いオリーブ）,オイオリ
だいじっこ,ダイジッコ
高橋尻,タカハシジリ
な基爆釣（なんJって基本的に爆釣れだな）,ナキバクチョウ
はっきりわかんだね,ハッキリワカンダネ
ぐう正論,グウセイロン
万理ある,バンリアル
ポジハメ,ポジハメ
糞糞,クソウンチ
イキスギィ！,イキスギィ
まワ晒（まーたワイが晒されてしまったのか）,マワサラ
ンゴ,ンゴ
念レス成功,ネンレスセイコウ
なあに、かえって免疫力がつく,ナアニ、カエッテメンエキリョクガツク
説教ニキ,セッキョウニキ
コミケ雲,コミケグモ
コッックーカーキョッッョ,コッックーカーキョッッョ
グローバルなオポチュニティ,グローバルナオポチュニティ
（結婚しよ）,ケッコンシヨ
オタ充,オタジュウ
カオス,カオス
必死だな,ヒッシダナ
ワロワロホスピタル,ワロワロホスピタル
ゴーリキー,ゴーリキー
ウザカメ,ウザカメ
ゲイツ砲,ゲイツホウ
サムゲタン騒動,サムゲタンソウドウ
評価する,ヒョウカスル
無慈悲,ムジヒ
泥ママ,ドロママ
ゴリラ系彼女,ゴリラケイカノジョ
非リア,ヒリア
ぐう畜ペンギン,グウチクペンギン
女の浮気時の言い訳への対応コピペ,オンナノウワキジのイイワケヘノタイオウコピペ
Welcome to Underground,ウェルカムトゥーアウンダーグラウンド
ぐう天使,グウテンシ
モンキーパンツ,モンキーパンツ
サギプリ,サギプリ
mixiデビュー！,
ちなヤク,チナヤク
畜生ペンギン,チクショウペンギン
俺氏,オレシ
ジョイナス,ジョイナス
ヤパニネイト,ヤパニネイト
ム板,ムイタ
テレホマン,テレホマン
ギコ猫,ギコネコ
世界の7つの真実,セカイノナナツノシンジツ
ひらめいた,ヒラメイタ
シナキーン,シナキーン
ぽっどる,ポッドル
バッテンパンチ,バッテンパンチ
画像クレメンス,ガゾウクレメンス
まだあわてるような時間じゃない,マダアワテルヨウナジカンジャナイ
はぁー・・・ そろそろ堪忍袋の緒が切れそうだわ,ハァー　ソロソロカンニンブクロノオガキレソウダワ
ぴょまいら,ピョマイラ
プゲラ,プゲラ
5億年ボタン,ゴオクネンボタン
あくしろよ,アクシロヨ
まいんさん,マインサン
イチロイド,イチロイド
即ハボ,ソクハボ
さよなライオン,サヨナライオン
マスタードサンクス,マスタードサンクス
ニフラム,ニフラム
ボリクリ,ボリクリ
ドームラン,ドームラン
>>1の通訳連れてきたぞー,イチノツウヤクツレテキタゾー
草不可避,クサフカヒ
おじちゃんたちどうしてはたらかないの？,オジチャンタチドウシテハタラカナイノ
ふなっしー,フナッシー
マッマ,マッマ
FランのFはフェニックスのFや,エフランノエフハフェニックスノエフヤ
くぅ～w疲れましたw,クゥーツカレマシタ
フッジッサーン／^o^＼,フッジッサーン
MOCO’Sキッチン エキストラヴァージンオリーブオイル,モコズキッチン エキストラヴァージンオリーブオイル
まいんちゃん,マインチャン
光の戦士,ヒカリノセンシ
サンキューガッツ,サンキューガッツ
ハンカチーフガイ,ハンカチーフガイ
もう一年遊べるドン,モウイチネンアソベルドン
ワロタンゴ,ワロタンゴ
(察し),サッシ
もう一回遊べるドン,モウイッカイアソベルドン
ギコハハハ,ギコハハハ
シラネーヨ,シラネーヨ
束武束上線,タマジョウセン
多段串,タダングシ
片翼のタシロス,カタヨクノタシロス
タイーフォ,タイーフォ
カナニカ版,カナニカバン
んでんでんで,ンデンデンデ
ふぇぇ,フェェ
提供目,テイキョウメ
ウマー,ウマー
放屁テロ,ホウヒテロ
任天堂の倒し方、知らないでしょ？オレらはもう知ってますよ,ニンテンドウノタオシカタ、シラナイデショ　オレラハモウシッテマスヨ
コナミ感,コナミカン
刺身の上にタンポポを乗せる仕事,サシミノウエニタンポポヲノセルシゴト
おまいら,オマイラ
アレスト,アレスト
プニキ,プニキ
プゲラッチョ,プゲラッチョ
毛根サルベージ,モウコンサルベージ
次でボケて,ツギデボケテ
黄金厨,オウゴンチュウ
バルキスの定理,バルキスノテイリ
ゴルシ,ゴルシ
税リーグ,ゼイリーグ
あいつら未来に生きてんな,アイツラミライニイキテンナ
ガリヲタ,ガリヲタ
俺の嫁,オレノヨメ
ウトメ,ウトメ
もっとハラデイ,モットハラデイ
案の定である,アンノジョウデアル
いかんのか？,イカンノカ
さんをつけろよデコ助野郎,サンヲツケロヨデコスケヤロウ
さかなクンさん,サカナクンサン
末永く爆発しろ,スエナガクバクハツシロ
続きはよ,ツヅキハヨ
イザナミだ,イザナミダ
一応スペック,イチオウスペック
ゴールはケチャップみたいなもの,ゴールハケチャップミタイナモノ
その目は優しかった,ソノメハヤサシカッタ
初カキコ…ども…,ハツカキコ…ドモ…
（アカン）,アカン
なおマ（なお、マリナーズは敗れた模様）,ナオマ
ロマン枠,ロマンワク
大正義巨人軍,ダイセイギキョジングン
カイエン乗りてぇ,カイエンノリテエ
ビッグになろう,ビッグニナロウ
うわぁ　頑張ろう,ウワア　ガンバロウ
青山に土地買うってやばいっすか？,アオヤマニトチカウッテヤバイッスカ
ばくわら,バクワラ
自動殴打装置,ジドウオウダソウチ
どくじた,ドクジタ
リロスレ,リロスレ
良スレの予感,リョウスレノヨカン
画像ハラデイ,ガゾウハラデイ
でも僕はオリーブオイル！,デモボクハオリーブオイル
シャバドゥビタッチヘーンシーン!!,シャバドゥビタッチヘーンシーン
うははーこうしてやる～あはは～～～,ウハハーコウシテヤルーアハハー
クラヲタ（クラシックオタク）,クラヲタ
インコ怪人,インコカイジン
一発だけなら誤射,イッパツダケナラゴシャ
勝ち組ライン,カチグミライン
角度とか,カクドドカ
虚塵,キョジン
アナヲタ,アナヲタ
幼卒,ヨウソツ
煽りコピペ,アオリコピペ
あうヲタ,アウヲタ
水戸ナチオ,ミトナチオ
恵体糞打,メグタイクソダ
mjdk,マジデカ、エムジェイディーケー
ざんとう,ザントウ
ホットペッパーを見た,ホットペッパーヲミタ
スルーカ,スルーカ
ぐうかわ,グウカワ
辛いさん,ツライサン
痛印,イタイン
ワロリッシュ,ワロリッシュ
オーオタ,オーオタ
主人公補正,シュジンコウホセイ
カイエン青山,カイエンアオヤマ
佐川男子,サガワダンシ
伏せ丼,フセドン
ブンシャカ,ブンシャカ
ゲハ戦争,ゲハセンソウ
おまわりさんこっちです,オマワリサンコッチデス
僕、アルバイトォォ,ボク、アルバイトォォ
メゥトモテラホシス,メゥトモテラホシス
ノージョブ,ノージョブ
マジですか！フハハ！,マジデスカフハハ
当たるものかよ,アタルモノカヨ
無茶しやがって,ムチャシヤガッテ
ヲタ,ヲタ
ヒキニート,ヒキニート
ドヤ顔マカー,ドヤガオマカー
俺の中で話題に,オレノナカデワダイニ
テレホタイム,テレホタイム
反省会,ハンセイカイ
倍角文字,バイカクモジ
す強,スゴウ
ランキグン,ランキグン
カタカタ,カタカタ
月極グループ,ゲッキョクグループ
株式会社定礎,カブシキガイシャテイソ
なにこれかわいい,ナニコレカワイイ
ポエム婚,ポエムコン
電突,デントツ
ダメリカ,ダメリカ
モヒョ,モヒョ
荒ぶる有袋類,アラブルユウタイルイ
てへげろ,テヘゲロ
風説の呂布,フウセツノロフ
戦ってる、というか、守ってるかな。,タタカッテル、トイウカ、マモッテルカナ
トンファーキック,トンファーキック
けさい,ケサイ
監督解任ダービー,カントクカイニンダービー
さとり世代,サトリセダイ
ここまでテンプレ,ココマデテンプレ
トーレス師匠,トーレスシショウ
つ旦,オチャ
難色をおぼえる,ナンショクヲオボエル
あなたを犯人です,アナタヲハンニンデス
ラウンジャー,ラウンジャー
マナル,マナル
ハコデスカ,ハコデスカ
ネラー,ネラー
俺漏れも,オレモレモ
ウェルコネ,ウェルコネ
イオミフ,イオミフ
ハイピング砲,ハイピングホウ
レスアンカー,レスアンカー
イラネ,イラネ
アパッチ砲,アパッチホウ
魔法使い,マホウツカイ
ggrks,ググレカス
禿藁,ハゲワラ
スッドレ,スッドレ
はげど,ハゲド
ハハッワロス,ハハッワロス
ファミキチ,ファミキチ
うｐ主,ウプヌシ
試される大地,タメサレルダイチ
全俺が泣いた,ゼンオレガナイタ
デビルマン基準,デビルマンキジュン
山田オルタナティブ,ヤマダオルタナティブ
アキヒロ,アキヒロ
ニラニラ,ニラニラ
それが世界の選択か,ソレガセカイノセンタクカ
ニニフ,ニニフ
チャーハン作るよ!,チャーハンツクルヨ
などと意味不明な供述をしており,ナドトイミフメイナキョウジュツヲシテオリ
ゲハード,ゲハード
ありがとう任天堂,アリガトウニンテンドウ
知ってた,シッテタ
そうでしたっけ？ウフフ,ソウデシタッケ　ウフフ
汚沢,オザワ
二度とvipから出ていけ,ニドトビップカラデテイケ
よう俺,ヨウオレ
おまえとは美味い酒が飲めそうだ,オマエトハウマイサケガノメソウダ
香具師,ヤシ
またお前か,マタオマエカ
なんだ夢か,ナンダユメカ
なんということでしょう,ナントイウコトデショウ
知ってた速報,シッテタソクホウ
台風コロッケ,タイフウコロッケ
おはD,オハディー
一緒や！打っても！,イッショヤ　ウッテモ
サンキューカッス,サンキューカッス
おお、もう…,オオ、モウ
ダークコンドル,ダークコンドル
な、なんだってー!,ナ、ナンダッテー
一日一韓,イチニチイッカン
ジミンモー,ジミンモー
トンクス,トンクス
※ただイケ,タダイケ
お、Jか？,オ、ジェイカ
オラオラ状態,オラオラジョウタイ
人生の初心者,ジンセイノショシンシャ
しR,シアール
おでんマン,オデンマン
おいお前ら,オイオマエラ
素朴なぎもーん,
フツメン,フツメン
空気固定,クウキコテイ
ムッコロ,ムッコロ
喪男,モオトコ
すごまじい,スゴマジイ
スーパーハカー,スーパーハカー
ブヒキャラ,ブヒキャラ
2ch用語,にちゃんねるようご
○○すぐる,すぐる
せやな,セヤナ
エムエークス,エムエークス
仙台ジェンキンス,センダイジェンキンス
スレ立て荒らし,スレタテアラシ
種厨,タネチュウ
駄スレ,ダスレ
だが、心配のしすぎではないか,ダガ、シンパイノシスギデハナイカ
さかにっぽ,サカニッポ
ザクグフゲルググ,ザクグフゲルググ
ケコーン,ケコーン
ミー二ャーたん,ミー二ャータン
逝ってくる,イッテクル
不等号厨,フトウゴウチュウ
プロギャラリー,プロギャラリー
風流被害,フウリュウヒガイ
ブーミインサイッ,ブーミインサイッ
ひらつ化,ヒラツカ
ビスケたん,ビスケタン
神、いわゆるゴッド,カミ、イワユルゴッド
ピンつま,ピンツマ
任意ID,ニンイアイディー
ネタにマジレス,ネタニマジレス
カコワルイ,カコワルイ
ニョイ潟,ニョイガタ
今の自分は勝ってると思います,イマノジブンハカッテルトオモイマス
ヌケドナルド,ヌケドナルド
vipからきますた,ビップカラキマスタ
ぶははは,ブハハハ
楽しすぎワロタ,タノシスギワロタ
ほうとうイエー！,ホウトウイエー
オープン2ちゃんねる,オープンニチャンネル
さあ、さっさとパンを食べる作業に戻るんだ！,サア、サッサトパンヲタベルサギョウニモドルンダ
…わかった　この話はやめよう ハイ!! やめやめ,ワカッタコノハナシハヤメヨウ　ハイヤメヤメ
荒ぶる鷹のポーズ,アラブルタカノポーズ
もやし(裏声),モヤシ
キタコレ,キタコレ
うぷろだ,ウプロダ
ウェーハッハッハ,ウェーハッハッハ
一枚岩ではないからな,イチマイイワデハナイカラナ
ブボボ(`；ω；´)ﾓﾜｯ,ブボボモワッ
宅配テロ,タクハイテロ
ワロエナイ,ワロエナイ
メシウマ状態,メシウマジョウタイ
うわなにをするやめr,ウワナニヲスルヤメ
中の人などいない,ナカノヒトナドイナイ
誰がうまいこと言えと,ダレガウマイコトイエト
モルスァ,モルスァ
もうどうにでもな～れ,モウドウニデモナーレ
メシマズ,メシマズ
おいやめろ,オイヤメロ
こっちみんな,コッチミンナ
うそはうそであると見抜ける人でないと難しい,ウソハウソデアルトミヌケルヒトデナイトムズカシイ
特定した,トクテイシタ
WMARCH,ダブルマーチ
F5攻撃,エフゴコウゲキ
修羅の国 福岡,シュラノクニフクオカ
自宅ガーディアン,ジタクガーディアン
ジョン・タイター,ジョンタイター
ズコー,ズコー
ばっちゃが言ってた,バッチャガイッテタ
びっぷら,ビップラ
ぞぬ,ゾヌ
やばい、紫電の槍(ライトニングスピア)だ!,ヤバイ、ライトニングスピアダ
ネット乞食,ネットコジキ
ご家庭に○○はない！,ゴカテイニ○○ハナイ
まずジュー,マズジュー
チョニー,チョニー
重複スレ,チョウフクスレ
おっさんホイホイ,オッサンホイホイ
痛Suica,イタスイカ
デスブログ,デスブログ
トゥギャ崎,トゥギャサキ
必死チェッカー,ヒッシチェッカー
失敬！ドヒューン,シッケイドヒューン
エアロタ,エアロタ
クワソロタ,クワソロタ
DQNの川流れ,ドキュンノカワナガレ
mjdsk,マジデスカ
無理ぽ,ムリポ
ダイナミック不謹慎,ダイナミックフキンシン
ドキュソ,ドキュソ
勅使河原国男,チョクシガワラクニオ
プロニート,プロニート
ギギギ,ギギギ
ノムリッシュ翻訳,ノムリッシュホンヤク
合法ロリ,ゴウホウロリ
いいぞもっとやれ,イイゾモットヤレ
アップを始めたようです,アップヲハジメタヨウデス
真面目系クズ,マジメケイクズ
nkskのくせに,エヌケーエスケーノクセニ
ネ実,ネジツ
ステマブログ,ステマブログ
はよ本体売れやコラ,ハヨホンタイウレヤコラ
夢のスコア,ユメノスコア
／(^o^)＼ナンテコッタイ,ナンテコッタイ
ファサー,ファサー
裏山死刑,ウラヤマシケイ
奇蹟のカーニバル開幕だ,キセキノカーニバルカイマクダ
関西人の特徴でおまんがな,カンサイジンノトクチョウデオマンガナ
お断りします,オコトワリシマス
ばっかじゃねーの,バッカジャネーノ
よくもだましたアアアア！！だましてくれたなアアアアア！！,ヨクモダマシタアアアア　ダマシテクレタナアアアアア
立ったら書く,タッタラカク
という夢を見たんだ,トイウユメヲミタンダ
デュクシ,デュクシ
こいつ最高にアホ,コイツサイコウニアホ
ウインガー,ウインガー
ブヒッチ,ブヒッチ
昇天ペガサスMIX盛り,ショウテンペガサスミックスモリ
ダウソ民,ダウソミン
やったねたえちゃん！,ヤッタネタエチャン
画像も貼らずにスレ立てとな！?,ガゾウモハラズニスレタテトナ
もうやめてください！！泣いてる子もいるんですよ！！,モウヤメテクダサイ　ナイテルコモイルンデスヨ
もうやめて、○○のライフはゼロよ,モウヤメテ、ノライフハゼロヨ
sakuる,サクル
専ブラ（専用ブラウザ）,センブラ
ふいんき←何故か変換できない,フインキ　ナゼカヘンカンデキナイ
イラ壁,イラカベ
床ドン,ユカドン
グルシャン（グルメシャンプー）,グルシャン
カラフルデブ,カラフルデブ
24クール,ニジュウヨンクール
猛虎弁,モウコベン
アフィカス,アフィカス
基地外,キチガイ
バーロ夫,バーロオ
コポォ,コポォ
オウフ,オウフ
マンドクセ,マンドクセ
おま俺,オマオレ
公開処刑,コウカイショケイ
アフガン航空相撲,アフガンコウクウズモウ
北極6号,ロクゴウサン
ロダ,ロダ
おっさんスレ,オッサンスレ
可愛すぎて生きるのが辛い,カワイスギテイキルノガツライ
スペック,スペック
自虐風自慢,ジギャクフウジマン
いったい何が始まるんです？,イッタイナニガハジマルンデス
どこで差が付いたのか。慢心、環境の違い,ドコデサガツイタノカ　マンシン、カンキョウノチガイ
きのこたけのこ戦争,キノコタケノコセンソウ
能登かわいいよ能登,ノトカワイイヨノト
珍走団,チンソウダン
耳にバナナが入っててな,ミミニバナナガハイッテテナ
ないんだな、それが,ナインダナソレガ
パーフェクトソース,パーフェクトソース
天才のそれに近いな,テンサイノソレニチカイナ
すまぬ・・・すまぬ・・・,スマヌ、スマヌ
ダディクール,ダディクール
知ってるがお前の態度が気に入らない,シッテルガオマエノタイドガキニイラナイ
ついカッとなってやった、今は反省している。,ツイカットナッテヤッタ、イマハハンセイシテイル
情強（情報強者）,ジョウキョウ
はやくしろっ!! 間にあわなくなってもしらんぞーーっ!!,ハヤクシロッ　マニアワナクナッテシランゾー
いや、そのりくつはおかしい,イヤ、ソノリクツハオカシイ
言わせんな恥ずかしい,イワセンナハズカシイ
どどどど童貞ちゃうわ！,ドドドドドウテイチャウワ
がんがれ,がんがれ
解読班,カイドクハン
若者ガー,ワカモノガー
ちくわ大明神,チクワダイミョウジン
ルイズコピペ,ルイズコピペ
モコニキ,モコニキ
追いオリーブ,オイオリーブ
アッピル,アッピル
隠れ優良企業,カクレユウリョウキギョウ
これからが本当の地獄だ,コレカラガホントウノジゴクダ
絶許,ゼツユル
こいつ直接脳内に・・・！,コイツチョクセツノウナイニ
寺生まれのTさん,テラウマレノティーサン
wwwっうぇ,ッウェ
カンザキスト,カンザキスト
特技はイオナズンです,トクギハイオナズンデス
さいてょ,さいてょ
何・・・だと・・・?,ナンダト
蓮コラ,ハスコラ
山崎渉,ヤマサキワタル
ぽまいら,ポマイラ
神降臨,カミコウリン
働きたくないでござる,ハタラキタクナイデゴザル
貼られるべき画像がスレに無い,ハラレルベキガゾウガスレニナイ
ただ天（ただでさえ天使の○○が）,タダテン
敗北を知りたい,ハイボクヲシリタイ
ゆりしー大勝利,ユリシーダイショウリ
耳に精子がかかる,ミミニセイシガカカル
わりとどうでもいい,ワリトドウデモイイ
働いたら負けかなと思ってる,ハタライタラマケカナトオモッテル
通報しますた,ツウホウシマスタ
おにゃのこ,オニャノコ
はいはい、どーもすみませんでした,ハイハイ、ドーモスミマセンデシタ
【面接官】資格はお持ちですか？,シカクハオモチデスカ
どう見ても○○です。本当にありがとうございました,ドウミテモ○○デス。ホントウニアリガトウゴザイマシタ
はい論破,ハイロンパ
ブッコロリ,ブッコロリ
空飛ぶスパゲッティ・モンスター教,ソラトブスパゲッティモンスターキョウ
ゆんゆん,ユンユン
リアル厨房,リアルチュウボウ
オッス！オラババア！,オッス！オラババア！
ガイル＝ヴォルデモーロ,ガイル＝ヴォルデモーロ
ぐううざい,グウウザイ
エロ写メ強要カープ,エロシャメキョウヨウカープ
エターナルフォースブリザード,エターナルフォースブリザード
その発想はなかったわ,ソノハッソウハナカッタワ
kskst（加速下）,カソクシタ
ゲラウトヒア,ゲラウトヒア
ハロワ,ハロワ
またまたご冗談を,マタマタゴジョウダンヲ
ホテル直送のクロワッサン,ホテルチョクソウノクロワッサン
話は聞かせてもらった! 人類は滅亡する！,ハナシハキカセテモラッタ　ジンルイハメツボウスル
激務度ランキング,ゲキムドランキング
しまむらくん,シマムラクン
テニヌ,テニヌ
こやつめハハハ,コヤツメハハハ
ペロッ…これは青酸カリ!!,ペロッ　コレハセイサンカリ
空気教,クウキキョウ
タンデムガール,タンデムガール
大友（大きなお友達）,オオトモ
全裸待機,ゼンラタイキ
エアオファー,
エアー圭,
ロスでは日常茶飯事,ロスデハニチジョウサハンジ
何言ってんだこいつ,ナニイッテンダコイツ
おまえは何を言っているんだ,オマエハナニヲイッテイルンダ
笹食ってる場合じゃねえ！,ササクッテルバアイジャネエ
ちくわしか持ってねえ,チクワシカモッテネエ
わしが育てた,ワシガソダテタ
連呼リアン,レンコリアン
労働厨,ロウドウチュウ
効いてる効いてるｗ,キイテルキイテル
ボコボコにしてやんよ,ボコボコニシテヤンヨ
またつこうた,マタツコウタ
ただしソースはソニー,
ヲタージョ,ヲタージョ
オタージョ,オタージョ
倒証ファーザーズ,トウショウファザーズ
百合ップル,ユリップル
どけよホーン,ドケヨホーン
未食君,ミショククン
ライヌ,ライヌ
コニー,コニー
リキシレディ,リキシレディ
アッー!,アッー
川越シェフ,カワゴエシェフ
あばばばばばば,アババババババ
高度な情報戦,コウドナジョウホウセン
スレチ,スレチ
チャリで来た,チャリデキタ
ナマポ（生活保護）,ナマポ
わろりんぬ,ワロリンヌ
おまC,
母がピーマンを口にくわえながら料理を作っていた,ハハガピーマンヲクチニクワエナガラリョウリヲツクッテイタ
てめぇの頭はハッピーセットかよ？,テメェノアタマハハッピーセットカヨ
お前らナデシコJAPANのことブサイクとか言ってるけど,オマエラナデシコジャパンノコトブサイクトカイッテルケド
でもお前ハゲじゃん,デモオマエハゲジャン
メシマズ嫁,メシマズヨメ
タオパンパ,タオパンパ
ま～ん（笑）,マーン
ファインデム地蔵,ファインデムジゾウ
10まで息止める,ジュウマデイキトメル
寄り道がてら見知らぬラーメン屋に立ち入ったら、 そこで偶然中学のときのクラスメート数人とばったり出会ったのよ。,ヨリミチガテラミシラヌラーメンヤニタチイッタラソコデグウゼンチュウガクノトキノクラスメートスウニントバッタリデアッタノヨ
あっち向いてホイ→,アッチムイテホイ
女「どうしたの深刻そうな顔して」,ドウシタノシンコクソウナカオシテ
女性とは何かを表す証明式,ジョセイトハナニカヲアラワスショウメイシキ
いよいよ明日がセンター試験本番ですよ！ むっちゃドキドキしてきた…。,イヨイヨアスガセンターシケンホンバンデスヨ ムッチャドキドキシテキタ
アメリカ人のバーベキューへの思い入れ,アメリカジンノバーベキューヘノオモイイレ
無言レスアンカーの心理,ムゴンレスアンカーノシンリ
一般人のアニメ作品に対する認識,
君も人生と向き合う時なんだ,キミモジンセイトムキアウトキナンダ
フレッツ闇,フレッツヤミ
うはｗｗｗｗ信号青すぎｗｗｗｗｗワタロｗｗｗｗｗｗｗｗｗｗｗ,ウハ シンゴウアオスギ ワタロ
メイクイットパッスィボゥ,メイクイットパッスィボゥ
リチャードボイラン,リチャードボイラン
ブラックホール企業,ブラックホールキギョウ
会いたくて震える,アイタクテフルエル
テラ豚丼騒動,テラブタドンソウドウ
vvsm,ヴァヴァサマ
弗,ドル
NNN,エヌエヌエヌ
養分,ヨウブン
ヌカ,ヌカ
天蓋,テンガイ
煎餅屋,センベイヤ
産廃,サンパイ
海鮮、回線,カイセン
埋め,ウメ
サジェスト汚染,サジェストオセン
デーオタ,デーオタ
小坂ゾーン,コサカゾーン
オレ選手,オレセンシュ
ドッキングにぼし,ドッキングニボシ
ぬるコぽっぷ,ヌルコポップ
ROM専,ロムセン
k（お金などの単位）,ケー
ウォーター(ヲーター),ウォーター
2chの地域表示における内モンゴル自治区,ウチモンゴルジチク
dpk,ドピコ
…もう…やめちゃってもいい…かなァ…人生,モウヤメチャッテモイイカナァジンセイ
今朝、自販機で缶コーヒー買ったら 「おはようございます。お仕事頑張ってください！」って言われた。,ケサ、ジハンキデカンコーヒーカッタラオハヨウゴザイマスオシゴトガンバッテクダサイッテイワレタ
夢の国デスニートランド,ユメノクニデスニートランド
とっとこハム太郎の替え歌,トットコハムタロウノカエウタ
「おやじ、今日俺退職するんだ。」,オヤジ、キョウオレタイショクスルンダ
デュフフww,デュフフ
マジレスすると,マジレススルト
ぬまっき,ヌマッキ
ろっぽんぞー,ロッポンゾー
金コマ,カネコマ
アフィチル,アフィチル
こマ？,コマ
イミフナズン,イミフナズン
セゲオ,セゲオ
なぜこんなことになってしまったんだ,ナゼコンナコトニナッテシマッタンダ
これあかんやつや,コレアカンヤツヤ
だよもん星人,ダヨモンセイジン
さやかわいい,サヤカワイイ
変態という名の紳士,ヘンタイトイウナノシンシ
どうしてああなった,ドウシテアアナッタ
ほぼイキかけました,ホボイキカケマシタ
チーッス,チーッス
天狗じゃ、天狗の仕業じゃ！,テングジャ テングノシワザジャ
ババア結婚してくれ,ババアケッコンシテクレ
USUGEMAN,ウスゲマン
俺提督,オレテイトク
ぐう凡,グウボン
やキ神,ヤキカミ
(^o^)/＼ｳﾃﾞｵﾚﾀ,ウデオレタ
ピンズド（ピンポイントでｽﾞﾄﾞﾝ、ｽﾞﾄﾞﾝ）,ピンポイントデズドンズドン
片栗粉X,カタクリコエックス
距離梨,キョリナシ
ドヴァ帝国,ドヴァテイコク
おさわりまんこっちです,オサワリマンコッチデス
売って売って売りまくれ,ウッテウッテウリマクレ
加速するストレート,カソクスルストレート
sage強要厨,サゲキョウヨウチュウ
ギャプッ！ギャプッ！クソワロタ！,ギャプッ ギャプッ クソワロタ
ここテン,ココテン
ビッグウェーブさん,ビッグウェーブサン
残念 さやかちゃんでした,ザンネン サヤカチャンデシタ
m9^д^)m9^д^)m9^д^)ｼﾞｪｯﾄｽﾄﾘｰﾑﾌﾟｷﾞｬｰ,ジェットストリームプギャー
俺TUEEEE,オレツエー
メタ萌え,メタモエ
雑コラ,ザツコラ
超爆噴火ラストワルツ怒ストエフスキー,チョウハクフンカラストワルツドストエフスキー
微レ存,ビレゾン
キター,キター
イヤゲ物,イヤゲモノ
これ豆な,コレマメナ
ワロタウロス,ワロタウロス
お前のヨーデル鋭利なものマンの請求書？,オマエノヨーデルエイリナモノマンノセイキュウショ
ｸｿﾜﾛ太鼓ﾄﾞﾝﾄﾞﾝwwww,クソワロタイコドンドン
24する,ツーホースル
スレタイに改行,スレタイニカイギョウ
車のエンジンがかからないの…,クルマノエンジンガカカラナイノ
母「おい、おまいら！！夕食ができますた。リビングに集合しる！」,オイオマイラ　ユウショクガデキマスタ　リビングニシュウゴウシル
吉野家ってどういう注文システムなんですかお？（　＾ω＾）,ヨシノヤッテドウイウチュウモンシステムナンデスカオ
遣唐使来ないじゃん。ぜんっぜん来ない。,ケントウシコナイジャン　ゼンッゼンコナイ
渡辺俊介ちゃんを救う会,ワタナベシュンスケチャンヲスクウカイ
ロミオ化,ロミオカ
毒親,ドクオヤ
あなたが神か,アナタガカミカ
ジョージマッケンジー,ジョージマッケンジー
ちな虎,チナトラ
パスは鏡,パスハカガミ
やってられっか夫,ヤッテラレッカオ
レジカン,レジカン
買う買う詐欺,カウカウサギ
フリメ,フリメ
集合汁,シュウゴウシル
違う！今のはクリボーが勝手に！,チガウ　イマノハクリボーガカッテニ
テラアリエナスバルス病,テラアリエナスバルスビョウ
ポインヨ,ポインヨ
こちらスネーク,コチラスネーク
パスは炒め,パスハイタメ
クソワロタンバリンwwww（シャンシャン,クソワロタンバリン シャンシャン
私得,ワタシトク
千葉滋賀佐賀,チバシガサガ
ムリムリムリムリかたつむり,ムリムリムリムリカタツムリ
ロロナだと思ったか？ 俺だよ！,ロロナダトオモッタカ オレダヨ
グラフで比較するとそれほど差はない,グラフデヒカクスルトソレホドサハナイ
絶望ハンバーグ工場,ゼツボウハンバーグコウジョウ
後楽園ゆうえんちで僕と握手,コウラクエンユウエンチデボクトアクシュ
ネ喪,ネモ
ヒエ～ッ,ヒエーッ
殿が来るぞ,トノガクルゾ
スーパーサイエンス部に不可能の文字はないわ,スーパーサイエンスブニフカノウノモジハナイワ
へえ！すごいじゃないか　きっと人生で何の役にも立たないだろうね！！,ヘエスゴイジャナイカ　キットジンセイデナンノヤクニモタタナイダロウネ
アンチコメント,アンチコメント
支援,シエン
パラニート,パラニート
ネトスト（ネットストーカー）,ネトスト
ウォガ,ウォガ
飯テロ,メシテロ
義実家,ギジッカ
バーニング・ダーク・フレイム・オブ・ディッセンバー,バーニング　ダーク　フレイム　オブ　ディッセンバー
感じ悪いね,カンジワルイネ
やめあら,ヤメアラ
セコママ,セコママ
伝説の92,デンセツノキュウジュウニ
デリシャスデリシャス,デリシャスデリシャス
色んな八兵衛,イロンナハチベイ
サッカー選手の名言,
ある男が医師に、100歳まで生きられるでしょうか、と尋ねた,
鈴木でございます,
bkwr,バクワラ
ちょっと田んぼの様子みてくる,チョットタンボノヨウスミテクル
とっても大好きな人がいるのにワキガなんです。,トッテモダイスキナヒトガイルノニワキガナンデス
な闇深,ナヤミフカ
95割／95割はゆとり,キュウジュウゴワリ
カサーリ,カサーリ
ageブラザーズ,アゲブラザーズ
盛大なブーメラン,セイダイナブーメラン
バックステッポ,バックステッポ
専トピ／専用トピックス,セントピ
池上無双,イケガミムソウ
アニート,アニート
けしからんもっとやれ,ケシカランモットヤレ
母パート妹デート俺ニート,ハハパートイモウトデートオレニート
口の中パッサパサ,クチノナカパッサパサ
彼女なんて都市伝説,カノジョナンテトシデンセツ
うp主失踪,ウプヌシシッソウ
ワロティングヌス,ワロティングヌス
ハイパーメディアクリエイター,ハイパーメディアクリエイター
スコット鉄太朗,スコットテツタロウ
ネット上のお前ら　現実世界のおまえら,ネットジョウノオマエラ　ゲンジツセカイノオマエラ
アベノリスク,アベノリスク
俺ガイル,オレガイル
静まれーぃ！静まれーぃ！,シズマレーイ　シズマレーイ
こいよベネット,コイヨベネット
メル欄,メルラン
なるほどわからん,ナルホドワカラン
ワイシャツの下から大騒ぎするランキング,ワイシャツノシタカラオオサワギスルランキング
フェレンゲルシュターデン現象,フェレンゲルシュターデンゲンショウ
イカれたメンバー紹介するぜ！,イカレタメンバーショウカイスルゼ
歩いてお帰り,アルイテオカエリ
間嫁,マヨメ
テノヒラクルー,テノヒラクルー
地下民,チカミン
汚いなさすが忍者きたない,キタナイサスガキタナイ
大盛りギョク,オオモリギョク
ただし○○、テメーはダメだ,タダシ テメーハダメダ
オンカッカ,オンカッカ
コテトリ,コテトリ
セルフあぼーん,セルフアボーン
おい、小池！,オイ コイケ
>>1さん,イチサン
呪まーす,ノロマース
ざまぁwwww,ザマァ
ハムッ、ハフハフ、ハフッ!!,ハムッ ハフハフ ハフッ
オマエモカー,オマエモカー
カワイソス,カワイソス
牛丼子,ギュウドンコ
ID真っ赤,アイディーマッカ
やきう民,ヤキウミン
ムチュコタン,ムチュコタン
食テロ,ショクテロ
ワロス曲線,ワロスキョクセン
アイちゃんが好きだぁ,アイチャンガスキダァ
仲間だもんげ！,ナカマダモンゲ
鳩夫,ハトオ
どえらいカード,ドエライカード
ATM地蔵,エーティーエムジゾウ
ケケ中,ケケナカ
カバ藁,カバワラ
涙目,ナミダメ
後釣り宣言,アトツリセンゲン
釣神様,ツリガミサマ
ハァハァ,ハァハァ
気団,キダン
DQ返し（DQNな仕返し）,ドキュンガエシ
インテル長友,インテルナガトモ
パラヒキニート,パラヒキニート
蜜墨金,ミツスミキン
おながいします,オナガイシマス
バカな・・・早すぎる・・・,バカナ　ハヤスギル
ゲフンゲフン,ゲフンゲフン
俺歓喜,オレカンキ
走ルンです,ハシルンデス
ロミオメール,ロミオメール
井端はいいバッター,イバタハイイバッター
あそこで温めてる弁当俺のなんすよww,アソコデアタタメテルベントウオレノナンスヨ
俺なんすよ,オレナンスヨ
デモデモダッテ,デモデモダッテ
ちょっと何言ってるか分かんないです,チョットナニイッテルカワカンナイデス
ジュウシマツ住職,ジュウシマツジュウショク
ブロンティスト,ブロンティスト
ネオむぎ茶事件,ネオムギチャジケン
足軽女,アシガルオンナ
ミャハ,ミャハ
暖かい棒,アタタキボウ
怒らないでマジレスしてほしいんだけど,オコラナイデマジレスシテホシインダケド
それマジで言ったん？,ソレマジデイッタン
シュエエアィサィ ターアィーサィ,シュエエアィサィ ターアィーサィ
いやどす,イヤドス
汚物は消毒だー!,オブツハショウドクダー
ジャコス行くの！？,ジャコスイクノ
宇宙ヤバイ,ウチュウヤバイ
肩さん,カタサン
パチンコガンダム駅,パチンコガンダムエキ
なんJ民の手首はボロボロ,ナンジェイミンノテクビハボロボロ
どう思った？,ドウオモッタ
日銀砲,ニチギンホウ
ジョスィ,ジョスィ
いい加減にしろ！,イイカゲンニシロ
クンデレ,クンデレ
BKD（売国奴）,ビーケーディー
うーんこの,ウーンコノ
たまげたなぁ,タマゲタナア
トリバレ,トリバレ
プリシタ,プリシタ
最後まで理性を保て,サイゴマデリセイヲタモテ
オッケーイ！（古田敦也）,オッケーイ
教えてエロい人,オシエテエロイヒト
赤さん,アカサン
会えよ,アエヨ
電農名繊九,デンノウメイオリキュウ
西福産久,セイフクサンキュウ
成成明国独武,セイセイメイコクドップ
ゴランノス・ポンサー,ゴランノスポンサー
すがすが,スガスガ
謎定期,ナゾテイキ
ピチュる,ピチュル
パー線,パーセン
謎肉,ナゾニク
静止芸,セイシゲイ
不妊様,フニンサマ
妊婦様,ニンプサマ
CO（カットアウト）,シーオー
ススズ,ススズ
手紙厨,テガミチュウ
もぅﾏﾁﾞ無理。,モウマヂムリ　カレシトワカレタ　チョォダイスキダッタノニ
汚嫁,オヨメ
オサーン,オサーン
ゲスパー,ゲスパー
緑の紙,ミドリノカミ
大ウト,オオウト
コトメ子（コトメコ）,コトメコ
コトメ,コトメ
マヤる,マヤル
（難聴）,ナンチョウ
非リア充,ヒリアジュウ
ニート婚,ニートコン
今酷い自演を見た,イマヒドイジエンヲミタ
アホス,アホス
ちょっと横になるわ,チョットヨコニナルワ
俺くん,オレクン
エネ夫,エネオ
支払いは任せろー,シハライハマカセロー
だが無意味だ,ダガムイミダ
それマジでフォイフォイ,ソレマジデフォイフォイ
ケンモメン,ケンモメン
ワイ将,ワイショウ
エアロバキバキ,エアロバキバキ
えー！何すか！？,エーナンスカ
テラカオス,テラカオス
マジプゲラ,マジプゲラ
関東上流江戸桜,カントウジョウリュウエドザクラ
はい草,ハイクサ
草生えた,クサハエタ
大草原不可避,ダイソウゲンフカヒ
FO（フェードアウト）,エフオー、フェードアウト
メンヘラ男,メンヘラオトコ
にわかオタク,ニワカオタク
名スレの予感,メイスレノヨカン
パンパカ,パンパカ
早く謝れよ,ハヤクアヤマレヨ
ハカー,ハカー
灰ムツ,ハイムツ
バータレ,バータレ
はきゅん,ハキュン
ゴミレス,ゴミレス
UZEEE,ウゼエエエ
カプール板,カプールバン
過疎板,カソイタ
化石スレ,カセキスレ
2ch脳,ニチャンノウ
いつやるか？今でしょ！,イツヤルカ　イマデショ
メタファー,メタファー
うるせぇ！ハンガーを食らいやがれ！！,ウルセエ、ハンガーヲクライヤガレ
カーネノレ,カーネノレ
モルーノレ,モルーノレ
ちゅるやさん,チュルヤサン
ほほう それでそれで？,ホホウ ソレデソレデ
またお前らか,マタオマエラカ
突然の死,トツゼンノシ
つまんね＾＾；スレ主何歳？,ツマンネ スレヌシナンサイ
ちょろいもんだぜ,チョロイモンダゼ
何が嫌いかより何が好きかで自分を語れよ！,ナニガキライカヨリナニガスキカデジブンヲカタレヨ
正直スマンカッタ,ショウジキスマンカッタ
それはひょっとしてギャグで言ってるのか！？,ソレハヒョットシテギャグデイッテルノカ
スプー,スプー
赤胴車,アカドウシャ
あぁ、ガムやるよ,アア、ガムヤルヨ
木こりファッション,キコリファッション
板違い,イタチガイ
イタチ,イタチ
キチママ,キチママ
ゴキブリッツ,ゴキブリッツ
シャガク,シャガク
タロ大,タロダイ
B級イレブン,ビーキュウイレブン
ジャンパイア,ジャンパイア
月曜日,ゲツヨウビ
うそです,ウソデス
公式カプ,コウシキカプ
逆ステマ,ギャクステマ
パソコン蛾物故割れた,パソコンガブッコワレタ
チュンチュン,チュンチュン
リアルチート,リアルチート
ガッ,ガッ
キボン,キボン
ヒエ～ッ,ヒエ～ッ
即ハメボンバー,ソクハメボンバー
ウホホホ・ポコ,ウホホホ　ポコ
涙目敗走,ナミダメハイソウ
あーげないｗｗｗｗｗｗｗｗｗｗｗｗｗｗｗｗｗｗ,アーゲナイ
なにいってだこいつ,ナニイッテダコイツ
大天使里崎,ダイテンシサトザキ
チック,チック
コラコラコラコラ～ッ！(`o´),コラコラコラコラ～ッ
なお、まにあわんもよう,ナオ、マニアワンモヨウ
辛いです,ツライデス
糞コテ,クソコテ
照ワ恋聴（照井君 ワイも恋愛サーキュレーション聴きまくってるで）,テルワレンキ
チャカD（マキシモ・ネルソン投手）,チャカディー
戦力が足りなかった,センリョクガタリナカッタ
ポイー,ポイー
ぶるっちょさむさむ,ブルッチョサムサム
追いオリ（追いオリーブ）,オイオリ
だいじっこ,ダイジッコ
高橋尻,タカハシジリ
な基爆釣（なんJって基本的に爆釣れだな）,ナキバクチョウ
はっきりわかんだね,ハッキリワカンダネ
ぐう正論,グウセイロン
万理ある,バンリアル
ポジハメ,ポジハメ
糞糞,クソウンチ
イキスギィ！,イキスギィ
まワ晒（まーたワイが晒されてしまったのか）,マワサラ
ンゴ,ンゴ
念レス成功,ネンレスセイコウ
なあに、かえって免疫力がつく,ナアニ、カエッテメンエキリョクガツク
説教ニキ,セッキョウニキ
コミケ雲,コミケグモ
コッックーカーキョッッョ,コッックーカーキョッッョ
グローバルなオポチュニティ,グローバルナオポチュニティ
（結婚しよ）,ケッコンシヨ
オタ充,オタジュウ
カオス,カオス
必死だな,ヒッシダナ
ワロワロホスピタル,ワロワロホスピタル
ゴーリキー,ゴーリキー
ウザカメ,ウザカメ
ゲイツ砲,ゲイツホウ
サムゲタン騒動,サムゲタンソウドウ
評価する,ヒョウカスル
無慈悲,ムジヒ
泥ママ,ドロママ
ゴリラ系彼女,ゴリラケイカノジョ
非リア,ヒリア
ぐう畜ペンギン,グウチクペンギン
女の浮気時の言い訳への対応コピペ,オンナノウワキジのイイワケヘノタイオウコピペ
Welcome to Underground,ウェルカムトゥーアウンダーグラウンド
ぐう天使,グウテンシ
モンキーパンツ,モンキーパンツ
サギプリ,サギプリ
mixiデビュー！,
ちなヤク,チナヤク
畜生ペンギン,チクショウペンギン
俺氏,オレシ
ジョイナス,ジョイナス
ヤパニネイト,ヤパニネイト
ム板,ムイタ
テレホマン,テレホマン
ギコ猫,ギコネコ
世界の7つの真実,セカイノナナツノシンジツ
ひらめいた,ヒラメイタ
シナキーン,シナキーン
ぽっどる,ポッドル
バッテンパンチ,バッテンパンチ
画像クレメンス,ガゾウクレメンス
まだあわてるような時間じゃない,マダアワテルヨウナジカンジャナイ
はぁー・・・ そろそろ堪忍袋の緒が切れそうだわ,ハァー　ソロソロカンニンブクロノオガキレソウダワ
ぴょまいら,ピョマイラ
プゲラ,プゲラ
5億年ボタン,ゴオクネンボタン
あくしろよ,アクシロヨ
まいんさん,マインサン
イチロイド,イチロイド
即ハボ,ソクハボ
さよなライオン,サヨナライオン
マスタードサンクス,マスタードサンクス
ニフラム,ニフラム
ボリクリ,ボリクリ
ドームラン,ドームラン
>>1の通訳連れてきたぞー,イチノツウヤクツレテキタゾー
草不可避,クサフカヒ
おじちゃんたちどうしてはたらかないの？,オジチャンタチドウシテハタラカナイノ
ふなっしー,フナッシー
マッマ,マッマ
FランのFはフェニックスのFや,エフランノエフハフェニックスノエフヤ
くぅ～w疲れましたw,クゥーツカレマシタ
フッジッサーン／^o^＼,フッジッサーン
MOCO’Sキッチン エキストラヴァージンオリーブオイル,モコズキッチン エキストラヴァージンオリーブオイル
まいんちゃん,マインチャン
光の戦士,ヒカリノセンシ
サンキューガッツ,サンキューガッツ
ハンカチーフガイ,ハンカチーフガイ
もう一年遊べるドン,モウイチネンアソベルドン
ワロタンゴ,ワロタンゴ
(察し),サッシ
もう一回遊べるドン,モウイッカイアソベルドン
ギコハハハ,ギコハハハ
シラネーヨ,シラネーヨ
束武束上線,タマジョウセン
多段串,タダングシ
片翼のタシロス,カタヨクノタシロス
タイーフォ,タイーフォ
カナニカ版,カナニカバン
んでんでんで,ンデンデンデ
ふぇぇ,フェェ
提供目,テイキョウメ
ウマー,ウマー
放屁テロ,ホウヒテロ
任天堂の倒し方、知らないでしょ？オレらはもう知ってますよ,ニンテンドウノタオシカタ、シラナイデショ　オレラハモウシッテマスヨ
コナミ感,コナミカン
刺身の上にタンポポを乗せる仕事,サシミノウエニタンポポヲノセルシゴト
おまいら,オマイラ
アレスト,アレスト
プニキ,プニキ
プゲラッチョ,プゲラッチョ
毛根サルベージ,モウコンサルベージ
次でボケて,ツギデボケテ
黄金厨,オウゴンチュウ
バルキスの定理,バルキスノテイリ
ゴルシ,ゴルシ
税リーグ,ゼイリーグ
あいつら未来に生きてんな,アイツラミライニイキテンナ
ガリヲタ,ガリヲタ
俺の嫁,オレノヨメ
ウトメ,ウトメ
もっとハラデイ,モットハラデイ
案の定である,アンノジョウデアル
いかんのか？,イカンノカ
さんをつけろよデコ助野郎,サンヲツケロヨデコスケヤロウ
さかなクンさん,サカナクンサン
末永く爆発しろ,スエナガクバクハツシロ
続きはよ,ツヅキハヨ
イザナミだ,イザナミダ
一応スペック,イチオウスペック
ゴールはケチャップみたいなもの,ゴールハケチャップミタイナモノ
その目は優しかった,ソノメハヤサシカッタ
初カキコ…ども…,ハツカキコ…ドモ…
（アカン）,アカン
なおマ（なお、マリナーズは敗れた模様）,ナオマ
ロマン枠,ロマンワク
大正義巨人軍,ダイセイギキョジングン
カイエン乗りてぇ,カイエンノリテエ
ビッグになろう,ビッグニナロウ
うわぁ　頑張ろう,ウワア　ガンバロウ
青山に土地買うってやばいっすか？,アオヤマニトチカウッテヤバイッスカ
ばくわら,バクワラ
自動殴打装置,ジドウオウダソウチ
どくじた,ドクジタ
リロスレ,リロスレ
良スレの予感,リョウスレノヨカン
画像ハラデイ,ガゾウハラデイ
でも僕はオリーブオイル！,デモボクハオリーブオイル
シャバドゥビタッチヘーンシーン!!,シャバドゥビタッチヘーンシーン
うははーこうしてやる～あはは～～～,ウハハーコウシテヤルーアハハー
クラヲタ（クラシックオタク）,クラヲタ
インコ怪人,インコカイジン
一発だけなら誤射,イッパツダケナラゴシャ
勝ち組ライン,カチグミライン
角度とか,カクドドカ
虚塵,キョジン
アナヲタ,アナヲタ
幼卒,ヨウソツ
煽りコピペ,アオリコピペ
あうヲタ,アウヲタ
水戸ナチオ,ミトナチオ
恵体糞打,メグタイクソダ
mjdk,マジデカ、エムジェイディーケー
ざんとう,ザントウ
ホットペッパーを見た,ホットペッパーヲミタ
スルーカ,スルーカ
ぐうかわ,グウカワ
辛いさん,ツライサン
痛印,イタイン
ワロリッシュ,ワロリッシュ
オーオタ,オーオタ
主人公補正,シュジンコウホセイ
カイエン青山,カイエンアオヤマ
佐川男子,サガワダンシ
伏せ丼,フセドン
ブンシャカ,ブンシャカ
ゲハ戦争,ゲハセンソウ
おまわりさんこっちです,オマワリサンコッチデス
僕、アルバイトォォ,ボク、アルバイトォォ
メゥトモテラホシス,メゥトモテラホシス
ノージョブ,ノージョブ
マジですか！フハハ！,マジデスカフハハ
当たるものかよ,アタルモノカヨ
無茶しやがって,ムチャシヤガッテ
ヲタ,ヲタ
ヒキニート,ヒキニート
ドヤ顔マカー,ドヤガオマカー
俺の中で話題に,オレノナカデワダイニ
テレホタイム,テレホタイム
反省会,ハンセイカイ
倍角文字,バイカクモジ
す強,スゴウ
ランキグン,ランキグン
カタカタ,カタカタ
月極グループ,ゲッキョクグループ
株式会社定礎,カブシキガイシャテイソ
なにこれかわいい,ナニコレカワイイ
ポエム婚,ポエムコン
電突,デントツ
ダメリカ,ダメリカ
モヒョ,モヒョ
荒ぶる有袋類,アラブルユウタイルイ
てへげろ,テヘゲロ
風説の呂布,フウセツノロフ
戦ってる、というか、守ってるかな。,タタカッテル、トイウカ、マモッテルカナ
トンファーキック,トンファーキック
けさい,ケサイ
監督解任ダービー,カントクカイニンダービー
さとり世代,サトリセダイ
ここまでテンプレ,ココマデテンプレ
トーレス師匠,トーレスシショウ
つ旦,オチャ
難色をおぼえる,ナンショクヲオボエル
あなたを犯人です,アナタヲハンニンデス
ラウンジャー,ラウンジャー
マナル,マナル
ハコデスカ,ハコデスカ
ネラー,ネラー
俺漏れも,オレモレモ
ウェルコネ,ウェルコネ
イオミフ,イオミフ
ハイピング砲,ハイピングホウ
レスアンカー,レスアンカー
イラネ,イラネ
アパッチ砲,アパッチホウ
魔法使い,マホウツカイ
ggrks,ググレカス
禿藁,ハゲワラ
スッドレ,スッドレ
はげど,ハゲド
ハハッワロス,ハハッワロス
ファミキチ,ファミキチ
うｐ主,ウプヌシ
試される大地,タメサレルダイチ
全俺が泣いた,ゼンオレガナイタ
デビルマン基準,デビルマンキジュン
山田オルタナティブ,ヤマダオルタナティブ
アキヒロ,アキヒロ
ニラニラ,ニラニラ
それが世界の選択か,ソレガセカイノセンタクカ
ニニフ,ニニフ
チャーハン作るよ!,チャーハンツクルヨ
などと意味不明な供述をしており,ナドトイミフメイナキョウジュツヲシテオリ
ゲハード,ゲハード
ありがとう任天堂,アリガトウニンテンドウ
知ってた,シッテタ
そうでしたっけ？ウフフ,ソウデシタッケ　ウフフ
汚沢,オザワ
二度とvipから出ていけ,ニドトビップカラデテイケ
よう俺,ヨウオレ
おまえとは美味い酒が飲めそうだ,オマエトハウマイサケガノメソウダ
香具師,ヤシ
またお前か,マタオマエカ
なんだ夢か,ナンダユメカ
なんということでしょう,ナントイウコトデショウ
知ってた速報,シッテタソクホウ
台風コロッケ,タイフウコロッケ
おはD,オハディー
一緒や！打っても！,イッショヤ　ウッテモ
サンキューカッス,サンキューカッス
おお、もう…,オオ、モウ
ダークコンドル,ダークコンドル
な、なんだってー!,ナ、ナンダッテー
一日一韓,イチニチイッカン
ジミンモー,ジミンモー
トンクス,トンクス
※ただイケ,タダイケ
お、Jか？,オ、ジェイカ
オラオラ状態,オラオラジョウタイ
人生の初心者,ジンセイノショシンシャ
しR,シアール
おでんマン,オデンマン
おいお前ら,オイオマエラ
素朴なぎもーん,
フツメン,フツメン
空気固定,クウキコテイ
ムッコロ,ムッコロ
喪男,モオトコ
すごまじい,スゴマジイ
スーパーハカー,スーパーハカー
ブヒキャラ,ブヒキャラ
2ch用語,にちゃんねるようご
○○すぐる,すぐる
せやな,セヤナ
エムエークス,エムエークス
仙台ジェンキンス,センダイジェンキンス
スレ立て荒らし,スレタテアラシ
種厨,タネチュウ
駄スレ,ダスレ
だが、心配のしすぎではないか,ダガ、シンパイノシスギデハナイカ
さかにっぽ,サカニッポ
ザクグフゲルググ,ザクグフゲルググ
ケコーン,ケコーン
ミー二ャーたん,ミー二ャータン
逝ってくる,イッテクル
不等号厨,フトウゴウチュウ
プロギャラリー,プロギャラリー
風流被害,フウリュウヒガイ
ブーミインサイッ,ブーミインサイッ
ひらつ化,ヒラツカ
ビスケたん,ビスケタン
神、いわゆるゴッド,カミ、イワユルゴッド
ピンつま,ピンツマ
任意ID,ニンイアイディー
ネタにマジレス,ネタニマジレス
カコワルイ,カコワルイ
ニョイ潟,ニョイガタ
今の自分は勝ってると思います,イマノジブンハカッテルトオモイマス
ヌケドナルド,ヌケドナルド
vipからきますた,ビップカラキマスタ
ぶははは,ブハハハ
楽しすぎワロタ,タノシスギワロタ
ほうとうイエー！,ホウトウイエー
オープン2ちゃんねる,オープンニチャンネル
さあ、さっさとパンを食べる作業に戻るんだ！,サア、サッサトパンヲタベルサギョウニモドルンダ
…わかった　この話はやめよう ハイ!! やめやめ,ワカッタコノハナシハヤメヨウ　ハイヤメヤメ
荒ぶる鷹のポーズ,アラブルタカノポーズ
もやし(裏声),モヤシ
キタコレ,キタコレ
うぷろだ,ウプロダ
ウェーハッハッハ,ウェーハッハッハ
一枚岩ではないからな,イチマイイワデハナイカラナ
ブボボ(`；ω；´)ﾓﾜｯ,ブボボモワッ
宅配テロ,タクハイテロ
ワロエナイ,ワロエナイ
メシウマ状態,メシウマジョウタイ
うわなにをするやめr,ウワナニヲスルヤメ
中の人などいない,ナカノヒトナドイナイ
誰がうまいこと言えと,ダレガウマイコトイエト
モルスァ,モルスァ
もうどうにでもな～れ,モウドウニデモナーレ
メシマズ,メシマズ
おいやめろ,オイヤメロ
こっちみんな,コッチミンナ
うそはうそであると見抜ける人でないと難しい,ウソハウソデアルトミヌケルヒトデナイトムズカシイ
特定した,トクテイシタ
WMARCH,ダブルマーチ
F5攻撃,エフゴコウゲキ
修羅の国 福岡,シュラノクニフクオカ
自宅ガーディアン,ジタクガーディアン
ジョン・タイター,ジョンタイター
ズコー,ズコー
ばっちゃが言ってた,バッチャガイッテタ
びっぷら,ビップラ
ぞぬ,ゾヌ
やばい、紫電の槍(ライトニングスピア)だ!,ヤバイ、ライトニングスピアダ
ネット乞食,ネットコジキ
ご家庭に○○はない！,ゴカテイニ○○ハナイ
まずジュー,マズジュー
チョニー,チョニー
重複スレ,チョウフクスレ
おっさんホイホイ,オッサンホイホイ
痛Suica,イタスイカ
デスブログ,デスブログ
トゥギャ崎,トゥギャサキ
必死チェッカー,ヒッシチェッカー
失敬！ドヒューン,シッケイドヒューン
エアロタ,エアロタ
クワソロタ,クワソロタ
DQNの川流れ,ドキュンノカワナガレ
mjdsk,マジデスカ
無理ぽ,ムリポ
ダイナミック不謹慎,ダイナミックフキンシン
ドキュソ,ドキュソ
勅使河原国男,チョクシガワラクニオ
プロニート,プロニート
ギギギ,ギギギ
ノムリッシュ翻訳,ノムリッシュホンヤク
合法ロリ,ゴウホウロリ
いいぞもっとやれ,イイゾモットヤレ
アップを始めたようです,アップヲハジメタヨウデス
真面目系クズ,マジメケイクズ
nkskのくせに,エヌケーエスケーノクセニ
ネ実,ネジツ
ステマブログ,ステマブログ
はよ本体売れやコラ,ハヨホンタイウレヤコラ
夢のスコア,ユメノスコア
／(^o^)＼ナンテコッタイ,ナンテコッタイ
ファサー,ファサー
裏山死刑,ウラヤマシケイ
奇蹟のカーニバル開幕だ,キセキノカーニバルカイマクダ
関西人の特徴でおまんがな,カンサイジンノトクチョウデオマンガナ
お断りします,オコトワリシマス
ばっかじゃねーの,バッカジャネーノ
よくもだましたアアアア！！だましてくれたなアアアアア！！,ヨクモダマシタアアアア　ダマシテクレタナアアアアア
立ったら書く,タッタラカク
という夢を見たんだ,トイウユメヲミタンダ
デュクシ,デュクシ
こいつ最高にアホ,コイツサイコウニアホ
ウインガー,ウインガー
ブヒッチ,ブヒッチ
昇天ペガサスMIX盛り,ショウテンペガサスミックスモリ
ダウソ民,ダウソミン
やったねたえちゃん！,ヤッタネタエチャン
画像も貼らずにスレ立てとな！?,ガゾウモハラズニスレタテトナ
もうやめてください！！泣いてる子もいるんですよ！！,モウヤメテクダサイ　ナイテルコモイルンデスヨ
もうやめて、○○のライフはゼロよ,モウヤメテ、ノライフハゼロヨ
sakuる,サクル
専ブラ（専用ブラウザ）,センブラ
ふいんき←何故か変換できない,フインキ　ナゼカヘンカンデキナイ
イラ壁,イラカベ
床ドン,ユカドン
グルシャン（グルメシャンプー）,グルシャン
カラフルデブ,カラフルデブ
24クール,ニジュウヨンクール
猛虎弁,モウコベン
アフィカス,アフィカス
基地外,キチガイ
バーロ夫,バーロオ
コポォ,コポォ
オウフ,オウフ
マンドクセ,マンドクセ
おま俺,オマオレ
公開処刑,コウカイショケイ
アフガン航空相撲,アフガンコウクウズモウ
北極6号,ロクゴウサン
ロダ,ロダ
おっさんスレ,オッサンスレ
可愛すぎて生きるのが辛い,カワイスギテイキルノガツライ
スペック,スペック
自虐風自慢,ジギャクフウジマン
いったい何が始まるんです？,イッタイナニガハジマルンデス
どこで差が付いたのか。慢心、環境の違い,ドコデサガツイタノカ　マンシン、カンキョウノチガイ
きのこたけのこ戦争,キノコタケノコセンソウ
能登かわいいよ能登,ノトカワイイヨノト
珍走団,チンソウダン
耳にバナナが入っててな,ミミニバナナガハイッテテナ
ないんだな、それが,ナインダナソレガ
パーフェクトソース,パーフェクトソース
天才のそれに近いな,テンサイノソレニチカイナ
すまぬ・・・すまぬ・・・,スマヌ、スマヌ
ダディクール,ダディクール
知ってるがお前の態度が気に入らない,シッテルガオマエノタイドガキニイラナイ
ついカッとなってやった、今は反省している。,ツイカットナッテヤッタ、イマハハンセイシテイル
情強（情報強者）,ジョウキョウ
はやくしろっ!! 間にあわなくなってもしらんぞーーっ!!,ハヤクシロッ　マニアワナクナッテシランゾー
いや、そのりくつはおかしい,イヤ、ソノリクツハオカシイ
言わせんな恥ずかしい,イワセンナハズカシイ
どどどど童貞ちゃうわ！,ドドドドドウテイチャウワ
がんがれ,がんがれ
解読班,カイドクハン
若者ガー,ワカモノガー
ちくわ大明神,チクワダイミョウジン
ルイズコピペ,ルイズコピペ
モコニキ,モコニキ
追いオリーブ,オイオリーブ
アッピル,アッピル
隠れ優良企業,カクレユウリョウキギョウ
これからが本当の地獄だ,コレカラガホントウノジゴクダ
絶許,ゼツユル
こいつ直接脳内に・・・！,コイツチョクセツノウナイニ
寺生まれのTさん,テラウマレノティーサン
wwwっうぇ,ッウェ
カンザキスト,カンザキスト
特技はイオナズンです,トクギハイオナズンデス
さいてょ,さいてょ
何・・・だと・・・?,ナンダト
蓮コラ,ハスコラ
山崎渉,ヤマサキワタル
ぽまいら,ポマイラ
神降臨,カミコウリン
働きたくないでござる,ハタラキタクナイデゴザル
貼られるべき画像がスレに無い,ハラレルベキガゾウガスレニナイ
ただ天（ただでさえ天使の○○が）,タダテン
敗北を知りたい,ハイボクヲシリタイ
ゆりしー大勝利,ユリシーダイショウリ
耳に精子がかかる,ミミニセイシガカカル
わりとどうでもいい,ワリトドウデモイイ
働いたら負けかなと思ってる,ハタライタラマケカナトオモッテル
通報しますた,ツウホウシマスタ
おにゃのこ,オニャノコ
はいはい、どーもすみませんでした,ハイハイ、ドーモスミマセンデシタ
【面接官】資格はお持ちですか？,シカクハオモチデスカ
どう見ても○○です。本当にありがとうございました,ドウミテモ○○デス。ホントウニアリガトウゴザイマシタ
はい論破,ハイロンパ
ブッコロリ,ブッコロリ
空飛ぶスパゲッティ・モンスター教,ソラトブスパゲッティモンスターキョウ
ゆんゆん,ユンユン
リアル厨房,リアルチュウボウ
オッス！オラババア！,オッス！オラババア！
ガイル＝ヴォルデモーロ,ガイル＝ヴォルデモーロ
ぐううざい,グウウザイ
エロ写メ強要カープ,エロシャメキョウヨウカープ
エターナルフォースブリザード,エターナルフォースブリザード
その発想はなかったわ,ソノハッソウハナカッタワ
kskst（加速下）,カソクシタ
ゲラウトヒア,ゲラウトヒア
ハロワ,ハロワ
またまたご冗談を,マタマタゴジョウダンヲ
ホテル直送のクロワッサン,ホテルチョクソウノクロワッサン
話は聞かせてもらった! 人類は滅亡する！,ハナシハキカセテモラッタ　ジンルイハメツボウスル
激務度ランキング,ゲキムドランキング
しまむらくん,シマムラクン
テニヌ,テニヌ
こやつめハハハ,コヤツメハハハ
ペロッ…これは青酸カリ!!,ペロッ　コレハセイサンカリ
空気教,クウキキョウ
タンデムガール,タンデムガール
大友（大きなお友達）,オオトモ
全裸待機,ゼンラタイキ
エアオファー,
エアー圭,
ロスでは日常茶飯事,ロスデハニチジョウサハンジ
何言ってんだこいつ,ナニイッテンダコイツ
おまえは何を言っているんだ,オマエハナニヲイッテイルンダ
笹食ってる場合じゃねえ！,ササクッテルバアイジャネエ
ちくわしか持ってねえ,チクワシカモッテネエ
わしが育てた,ワシガソダテタ
連呼リアン,レンコリアン
労働厨,ロウドウチュウ
効いてる効いてるｗ,キイテルキイテル
ボコボコにしてやんよ,ボコボコニシテヤンヨ
またつこうた,マタツコウタ
ただしソースはソニー,
ヲタージョ,ヲタージョ
オタージョ,オタージョ
倒証ファーザーズ,トウショウファザーズ
百合ップル,ユリップル
どけよホーン,ドケヨホーン
未食君,ミショククン
ライヌ,ライヌ
コニー,コニー
リキシレディ,リキシレディ
アッー!,アッー
川越シェフ,カワゴエシェフ
あばばばばばば,アババババババ
高度な情報戦,コウドナジョウホウセン
スレチ,スレチ
チャリで来た,チャリデキタ
ナマポ（生活保護）,ナマポ
わろりんぬ,ワロリンヌ
あのさぁ･･･,アノサァ
ヒャッハー,ヒャッハー
パチカス,パチカス
パチンカス,パチンカス
クソワロタ,クソワロタ
ワロッシュ,ワロッシュ
社畜,シャチク
そうだよ(便乗),ソウダヨ　カッコビンジョウ
久々にワロタ,ヒザビサニワロタ
ボルゴウでやれ,ボルゴウデヤレ
頭がフットーしそうだよおっっ,アタマガフットーシソウダヨオッッ
あまり私を怒らせない方がいい,アマリワタシヲオコラセナイホウガイイ
そんなことより野球しようぜ,ソンナコトヨリヤキュウシヨウゼ
トピマス殿,トピマスドノ
ゴキムチ,ゴキムチ
教えろください,オシエロクダサイ
照英,ショウエイ
ネト充,ネトジュウ
レガる,レガル
ジャンピング土下座,ジャンピングドゲザ
おはようじょ,オハヨウジョ
オヅラ,オヅラ
人生コナタ,ジンセイコナタ
o2on,オニオン
エロカワイイ,エロカワイイ
倉庫番,ソウコバン
dat落ち,ダットオチ
田代砲,タシロホウ
sssp,エスエスエスディー
からくりドーム,カラクリドーム
さるさん,サルサン
エロズリー,エロズリー
マイシャンプー,マイシャンプー
ムカイ•リ,ムカイリ
イスドン,イスドン
アボセンス,アボセンス
半ズボン氏,ハンズボンシ
あぼーん荒らし,アボーンアラシ
最前線君,サイゼンセンクン
ごムイ,ゴムイ
マンドクセ,マンドクセ
サンクスコ,サンクスコ
され夫,サレオ
され妻,サレヅマ
晒しage,サラシアゲ
ハラシマ,ハラシマ
はちま起稿,ハチマキコウ
クリゲー（クリックするだけの単調なゲーム）,クリゲー
そっ閉じ,ソットジ
勢い,イキオイ
残当,ザントウ
エキサイト池田,エキサイトイケダ
麻呂,マロ
バカッター（Twitter）,バカッター
かっこ（）,カッコ
リア厨,リアチュウ
とか言ってみるテスト,トカイッテミルテスト
サザエさん時空,サザエサンジクウ
あゆみターボ,アユミターボ
アフィ物語,アフィモノガタリ
銭闘民族,セントウミンゾク
ステマギ,ステマギ
まなびライン,マナビライン
角ソ連,カクソレン
フライング・エア・マンモス,フライングエアマンモス
ガチキチ,ガチキチ
ウジテレビ,ウジテレビ
モオタ,モオタ
すぇぇぇぇぇぇぇぇぇぇ！！！！,スエエエエエエエエエエ
阿吽様,アウンサマ
たしけ,タシケ
ぷまい,プマイ
fmfm,フムフム
ノルマン現象,ノルマンゲンショウ
つきぬける,ツキヌケル
アンチスレ,アンチスレ
ボッシー,ボッシー
pgr,プゲラ、プギャー
学歴ロンダ,ガクレキロンダ
全saku,ゼンサク
どんくん,ドンクン
ぐぇあ,グェア
一人キメラ,ヒトリキメラ
レス抽出,レスチュウシュツ
それが俺のジャスティス,ソレガオレノジャスティス
オヌヌヌ,オヌヌヌ
オヌヌメ,オヌヌメ
〜な俺が通りますよっと,ナオレガトオリマスヨット
それがVIPヌクモリティ。,ソレガビップヌクモリティ
真・スレッドストッパー,シンスレッドストッパー
ホルホル,ホルホル
ラッキーAA,ラッキーエーエー
釣られたな ポッター,ツラレタナポッター
私の戦闘力は53万です,ワタクシノセントウリョクハゴジュウサンマンデス
あ…ありのまま今起こった事を話すぜ！,ア、アリノママイマオコッタコトヲハナスゼ
QBK,キュービーケー
ヲチ,ヲチ
ホワイト企業,ホワイトキギョウ
また大阪か,マタオオサカカ
グンク・ツノ・オトガー,グンクツノオトガー
軍靴の音が聞こえる,グンクツノオトガキコエル／グンカノオトガキコエル
この速さなら言える,コノハヤサナライエル
コノス・ピドナー・ライエル,コノスピードナライエル
グロ注意,グロチュウイ
グロ中尉,グロチュウイ
邪神モッコス,ジャシンモッコス
ピザ,ピザ
裏２ちゃんねる,ウラニチャンネル
パスは基本,パスハキホン
ID腹筋スレ,アイディーフッキンスレ
←（矢印）,ヤジルシ
番号ゲッター,バンゴウゲッター
名無しさん,ナナシサン
トンドル,トンドル
イミフwwwうはwwwwおkwwww,イミフ、ウハ、オケ
清楚ビッチ,セイソビッチ
脳内妹,ノウナイイモウト
三次元終了,サンジゲンシュウリョウ
どちかというと大反対,ドチラカトイウトダイハンタイ
そんなふうに考えていた時期が俺にもありました,ソンナフウニカンガエテイタジキガオレニモアリマシタ
DQNネーム,ドキュンネーム
47氏,ヨンジュウナナシ
命にかかわるパンチをしますよ,イノチニカカワルパンチヲシマスヨ
zipでくれ,ジップデクレ
すーぱーそに子,スーパーソニコ
うーっす,ウーッス
来年から本気出す,ライネンカラホンキダス
バックラー,バックラー
クレイジーピエロ,クレイジーピエロ
だいしゅきホールド,ダイシュキホールド
マルチポスト,マルチポスト
GK,ジーケー
串,クシ、プロクシ
2get,ニゲット
脳内再生,ノウナイサイセイ
SS,エスエス
1get,イチゲット
△/三角,サンカッケー
CO,シーオー、カットアウト
セウト,セウト
セフセフ,セフセフ
逆神,ギャクカミ
ネットルーピー,ネットルーピー
すべからく,スベカラク
許してヒヤシンス,ユルシテヒヤシンス
もう許してやれよ,モウユルシテヤレヨ
クリスマス中止のお知らせ,クリスマスチュウシノオシラセ
欝の6時間,ウツノロクジカン
正の6時間,セイノロクジカン
もうずっと人大杉,モウズットヒトオオスギ
人大杉,ヒトオオスギ
モッピー,モッピー
売りスレ,ウリスレ
カーチャン,カーチャン
完全に一致,カンゼンニイッチ
アケカス,アケカス
ゆるしてニャン,ユルシテニャン
にしこくん,ニシコクン
テラみどり,テラミドリ
マジですCAR,マジデスカー
ユニバーサルメルカトル図法,ユニバーサルメルカトルズホウ
大都会岡山,ダイトカイオカヤマ
トンキン,トンキン
マスゴミ,マスゴミ
アフィ速,アフィソク
cmd /c rd /s /q c:,コマンド、スラシー、アールディー、スラエス、スラキュー、シー
ν速,ニューソク
ケツメイツ,ケツメイツ
オルタニング現象,オルタニングゲンショウ
こうですか！？ わかりません＞＜,コウデスカ、ワカリマセン
ギシアン,ギシアン
バルス,バルス
コボコラ,コボコラ
ステマ（ステルスマーケティング）,ステマ
なめくさりおって,ナメクサリオッテ
ナメック・サリオッテ,ナメックサリオッテ
それっておかしくねぇ？,ソレッテオカシクネエ
オエーー！！！！,オエー
お前それサバンナでも同じ事言えんの？,オマエソレサバンナデモオナジコトイエンノ
これはアウト,コレハアウト
カメコ,カメコ
ぼっさん,ボッサン
やめてくださいしんでしまいます,ヤメテクダサイシンデシマイマス
ブンシャカおじさん,ブンシャカオジサン
わたしです,ワタシデス
ブーム君,ブームクン
すごい一体感を感じる,スゴイイッタイカンヲカンジル
うぇいうぇい,ウェイウェイ
やあよ！やあよ！,ヤアヨヤアヨ
まさに外道,マサニゲドウ
そうなんだ、すごいね！,ソウナンダスゴイネ
(　ﾟ∀ﾟ)o彡゜えーりん！えーりん！,エーリン、エーリン
くだしあ,クダシア
みなぎってきた,ミナギッテキタ
おまいらもちつけ,オマイラモチツケ
バロス,バロス
テラワロス,テラワロス
はいはいわろすわろす,ハイハイワロスワロス
ワロス,ワロス
オワタ,オワタ
毒男,ドクオ
ゴルゾノフの夜,ゴルゾノフの夜
ほぁ,ホア
レス乞食,レスコジキ
精神を加速させろ,セイシンヲカソクサセロ
プークスクス,プークスクス
フヒヒwwwwサーセンwwww,フヒヒサーセン
おや、誰か来たようだ,オヤダレカキタヨウダ
草民,クサタミ
くやしく,クヤシク
もげろ,モゲロ
鼻ニンニク,ハナニンニク
乗るしかない、このビッグウェーブに,ノルシカナイ、コノビッグウェーブニ
ダァシエリイェス!!,ダァシエリイェス
リア終,リアジュウ
クソガリ,クソガリ
AA略,エーエーリャク
タイーホ,タイーホ
(`･ω･´)ｼｬｷｰﾝ,シャキーン
ショボーン,ショボーン
コロンビア,コロンビア
そんなの関税ねえ、そんなの関税ねえ、はい、ＴＰＰ,ソンナノカンゼイネエ、ソンナノカンゼイネエ、ハイ、ティーピーピー
意味がわかると怖いコピペ,イミガワカルトコワイコピペ
お前がそう思うんならそうなんだろう お前ん中ではな,オマエガソウオモウンナラソウナンダロウ　オマエノナカデハナ
ハイジ,ハイジ
ねぇねぇ今どんな気持ち？,ネエネエイマドンナキモチ
今どん,イマドン
ノロマッタ,ノロマッタ
ネゴトワ・ネティエ,ネゴトワネティエ
ロムッテロ兄弟,ロムッテロキョウダイ
南冲尋定,ナンチュウエロサダ
無蝕童帝ウプレカス,ムショクドウテイウプレカス
ゼンベ・イガ・ナイター,ゼンベイガナイター
チリドル,チリドル
コーレハヒ・ドイク=ソスレ,コーレハヒドイクソスレ
カノッサ機関,カノッサキカン
ラ・ヨダソウ・スティアーナ,ラヨダソウスティアーナ
そげぶ,ソゲブ
その幻想をぶち殺す!!,ソノゲンソウヲブチコロス
ヲタ親,ヲタオヤ
恐ろしい子！,オソロシイコ
ガイアが俺にもっと輝けと囁いている,ガイアガオレニモットカガヤケとササヤイテイル
大きなお友達,オオキナオトモダチ
まるっと,マルット
性の6時間,セイノロクジカン
立て逃げ,タテニゲ
「節子！それ○○とちゃう！△△や！！」,
マジキチ,マジキチ
ハスハス///,ハスハス
hshs,ハスハス
ぼっち,ボッチ
ふじこふじこ,フジコフジコ
ふじこる,フジコル
フォカヌポウ,フォカヌポウ
ブ━━━━∵;（;:゜:鑾;゜;，）;:∵━━━ッ!!,ブー
もしもし,モシモシ
ぐう聖,グウセイ
クチャラー,クチャラー
壁殴り代行,カベナグリダイコウ
ふぅ…,フウ
賢者タイム/ハイパー賢者タイム/賢者モード,ケンジャタイム
ふんす！,フンス
ﾉｼ,不明
ﾎﾟｶｰﾝ(ﾟдﾟ),ポカーン
色々と捗るぞ,いろいろとはかどるぞ
俺、佐藤裕也（｀ェ´）ﾋﾟｬｰ,オレ、サトウユウヤ　ピャー
もせ3、もせあ,モセスリー
爆ぜろ,ハゼロ
ダンスィ,ダンスィ
メンマ代,メンマダイ
ゴミ,ゴミ
紅芋チップス,ベニイモチップス
TERUMI,テルミ
おはようビーム,オハヨウビーム
ンジャメナ,ンジャメナ 
ハイパーご冥福タイム,ハイパーゴメイフクタイム
大事なことだから二回言いました,ダイジナコトダカラニカイイイマシタ
女子力（笑）,ジョシリョク
女子力,ジョシリョク
ブスリークス,ブスリークス
まが男,マガオ
吉野家コピペ,ヨシノヤコピペ
小１時間問い詰めたい,コイチジカントイツメタイ
よーしパパ○○しちゃうぞ,ヨーシパパ
ゴリブル,ゴリブル
日本語でおk,ニホンゴデオケ、ニホンゴデオーケー
きんもーっ☆,きんもー
本間充,ホンマミツル
ぱしへろんだす,パシヘロンダス
バリバリ,バリバリ
グンマー,グンマー
全通ですかね,ゼンツウデスカネ
ここは酷いインターネッツですね,ココハヒドイインターネッツデスネ
KIRIN,キリン
保守,ホシュ
SAN値,サンチ
豪雪,ゴウセツ
うらやまけしからん、うらやましからん,ウラヤマケシカラン
マターリ高給、まったり高給企業,マターリコウキュウ
邪気眼,ジャキガン
アホ毛,アホゲ
ゆっくりしていってね！！！,ユックリシテイッテネ
ccmz、ココロがむずがゆいぜ！,ココロガムズガユイゼ
内藤ホライゾン,ナイトウホライゾン
ジョルジュ長岡,ジョルジュナガオカ
安価,アンカ
ソルジャー,ソルジャー
MARCH（マーチ）,マーチ
デー子,デーコ
ユー子,ユーコ
メー子,メーコ
メガバン,メガバン
メガンテ,メガンテ
リク面,リクメン
ハームワリ,ハームワリ
ANT,エーエヌティー
NNT,エヌエヌティー、ナイナイテイ、ミカカ
マリン、マリーン,マリン
ハヤガキスト,ハヤガキスト
コンサルティング営業,コンサルティングエイギョウ
お祈り,オイノリ
Ｆランク大学、Fラン大,エフランクダイガク
地底,チテイ
宮廷,キュウテイ
ブラック企業,ブラックキギョウ
マジ天使,マジテンシ
ベルジャネーゾ,ベルジャネーゾ
物売るっていうレベルじゃねぇぞ,モノウルッテレベルジャネーゾ
イミフ,イミフ
どん判金ドブ,ドンハンカネドブ
バカ発見器,バカハッケンキ
ゲハ,ゲハ
もいきー,モイキー
チラ裏,チラウラ
とりま,トリマ
ガチムチ,ガチムチ
大丈夫だ、問題ない,ダイジョウブダ、モンダイナイ
そんな装備で大丈夫か？,ソンナソウビデダイジョウブカ
QB(キュゥべぇ),キュウベエ
ぬかしおる,ヌカシオル
チカニシ,チカニシ
バーボンハウス,バーボンハウス
gkbr、ガクブル、ガクガクブルブル,ガクブル、ゴキブリ
morkw,マタオマエラカ
もきゅもきゅ,モキュモキュ
萌え豚,モエブタ
ブヒる,ブヒル
スネーク,スネーク
亀レス,カメレス
これで勝つる!,コレデカツル
絶対領域,ゼッタイリョウイキ
ブロント語,ブロントゴ
アリコン,アリコン
ブロントさん,ブロントサン
俺の怒りが有頂天,オレノイカリガウチョウテン
なにそれこわい,なにそれこわい
アフィブログ,アフィブログ
嫌儲民,ケンチョンミン
藻前,モマエ、お前
ゴルァ！,ゴルア
漏れ,モレ
アナロ熊,アナログマ
ks,カス
人柱、じんちゅう,ジンチュウ
スレタイ,スレタイ
びっくりするほどユートピア！,ビックリスルホドユートピア
ネオニート,ネオニート
釣られたクマー、そんな餌で俺様が釣られクマ―,ツラレタクマー
クマー,クマー
ぐう畜,グウチク
ひきこもり,ヒキコモリ
ニート,ニート
キモオタ、キモヲタ,キモオタ
ビッチ,ビッチ
drvs,ダルビッシュ
黒歴史,クロレキシ
バンギャ,バンギャ
ワンパン,ワンパン
リアルに,リアルニ
ポチる,ポチル
パチこく,パチコク
キモス,キモス
オフゲー,オフゲー
親フラ,オヤフラ
ガンガレ,ガンガレ
こまけぇこたぁいいんだよ！！,こまけぇこたぁいいんだよ
サーセン,サーセン
ダダ漏れ,ダダモレ
枝る,エダル
どうしてこうなった,どうしてこうなった
喪女,モジョ
アンインスコ,アンインスコ
インスコ,インスコ
単芝,タンシバ
イケメン,イケメン
ブサメン,ブサメン
エウリアン,エウリアン
※ただしイケメンに限る,タダシイケメンニカギル
わっふるわっふる,ワッフルワッフル
くぁwせdrftgyふじこlp；,不明
ェ…,エ
サカ豚,サカトン
うぱり,ウパリ
konozama,コノザマ
密林,ミツリン、アマゾン
ちょｗｗｗおまｗｗｗｗ,チョ、オマ
ゆとり世代,ユトリセダイ
やらないか,やらないか
滝川ルネッサンス,タキガワルネッサンス
CLANNADは人生,クラナドハジンセイ
オラニャン,オラニャン
アキシブ系,アキシブケイ
ウソ電,ウソデン
ネットイナゴ,ネットイナゴ
カワユス、ギザカワユス,カワユス
自重しろ,ジチョウシロ
くやしいのう,クヤシイノウ
かゆうま、かゆいうま,カユウマ
でっていう,デッテイウ
ずっと俺のターン,ズットオレノターン
だが断る,ダガコトワル
フルボッコ,フルボッコ
顎アニメ,アゴアニメ
ヤシガニアニメ,ヤシガニアニメ
夏厨,ナツチュウ
夢がひろがりんぐ,ユメガヒロガリング
希ガス,キガス
馬鹿なの？死ぬの？,バカナノ？シヌノ？
鮫島事件,サメジマジケン
記念カキコ,キネンカキコ
記念パピコ、記念真紀子,キネンパピコ、キネンマキコ
ｵﾝﾄﾞｩﾙｩﾙﾗｷﾞｯﾀﾝﾃﾞｨｽｶｰ,オンドゥルルラギッタンディスカー
デフォ,デフォ
トリップ、トリ,トリップ
パスは基本,パスハキホン
pixivウォッチスレ、ヲチスレ,ピクシブウォッチスレ
非モテ,ヒモテ
孔明の罠,コウメイノワナ
斜め上を行く,ナナメウエヲイク
マンセー,マンセー
縦読み,タテヨミ
釣り,ツリ
a.k.a,アカ、アズノウンアズ
世話肉,セワニク
レボる,レボル
m9（＾Д＾）プギャー,プギャー
ktkr（キタコレ）,キタコレ
逸般人,イッパンジン
ヌール,ヌール
ドザ,ドザー
IYH,イヤッッホォォォオオォオウ！
○ー○ー○ー○,セーラームーン
J/K,ジャストキディング
誤爆,ゴバク
大事なことなので２回言いました,ダイジナコトナノデニカイイイマシタ
（ry,リャク
空気嫁,クウキヨメ
懐古厨,カイコチュウ
マイナス検索,マイナスケンサク
痛い,イタイ
オナシャス,オナシャス
お前は俺か,オマエハオレカ
orz,オーアールゼット、オーズ、オルツ、オルズ、オリザノール
ランランルー,ランランルー
ディスる,ディスル
gdgd,グダグダ
mjk,マジカ
lol,フメイ
電通調べ認知度98％,デンツウシラベニンチドキュウジュウハチパーセント
中二病（厨二病）,チュウニビョウ
plz,プリーズ
もうだめぽ,ダメポ
人生＼(^o^)／ｵﾜﾀ,ジンセイオワタ
加速、ksk,カソク
ﾉｼ,不明
キリッ、（ｷﾘｯ,キリッ
絶対に許さない！絶対にだ,ゼッタイニユルサナイゼッタイニダ
三択恋愛,サンタクレンアイ
ググれカス,ググレカス
b,不明
自演乙,ジエンオツ
乙,オツ
中の人,ナカノヒト
オーラロード,オーラロード
ネット工作員,ネットコウサクイン
全力でいくか？,ゼンリョクデイクカ
胸が熱くなるな、胸熱,ムネガアツクナルナ、ムネアツ
コーヒー吹いた,コーヒーフイタ
空耳,ソラミミ
歪みねぇな,ユガミネエナ
才能の無駄遣い,サイノウノムダヅカイ
俺得,オレトク
誰得,ダレトク
だれうま,ダレウマ
凸、電凸,トツ、デントツ
ぬこ,ヌコ
やる夫,ヤルオ
ぬるぽ,ヌルポ
あるあるねーよ,アルアルネーヨ
ピザデブ,ピザデブ
リア充（リアルが充実している人）,リアジュウ
ネトウヨ,ネトウヨ
ソースは俺,ソースハオレ
禿同,ハゲドウ
スイーツ（笑）,スイーツ　カッコワライ
自宅警備員,ジタクケイビイン
今北産業,イマキタサンギョウ
ガンジーでも助走つけて殴るレベル,ガンジーデモジョソウツケテナグルレベル
屋上,オクジョウ
駅弁大学,エキベンダイガク
うp職人,ウプショクニン、アップショクニン
ウツる、鬱る,ウツル
鬱だ氏のう、鬱氏,ウツダシノウ
アク禁,アクキン
あいせん,アイセン
かぐし,ヤシ
教えて君,オシエテクン
FA,エフエー、ファイナルアンサー
2ちゃんねらー,ニチャンネラー
2次オタ,ニジオタ
わんわんお！（∪＾ω＾）,ワンワンオ
2ちゃんねる,ニチャンネル
オフ会,オフカイ
荒らし,アラシ
池沼,ちしょう
アーティスト病,アーティストビョウ
クンカクンカ,クンカクンカ
すくつ,スクツ
マターリ,マターリ
ネカマ,ネカマ
荒らし依頼,アラシイライ
キボンヌ,キボンヌ
きぼーん,キボーン
削除人,サクジョニン
ヒッキー,ヒッキー
鯖,サバ、サーバー
マジレス,マジレス
コテハン、固定,コテハン、コテイ
age,アゲ
ひろゆき,ヒロユキ
板,板
レス,レス
wktk（ワクテカ）,ワクテカ
オプーナ,オプーナ
ニュー速で•やる夫,ニューソクデヤルオ
ツンデレ,ツンデレ
鬼女,キジョ
△（本田△）,サンカッケイ（ホンダサンカッケイ）
あぼーん,アボーン
モナー（オマエモナー）,モナー
割れ、WareZ、ウェアーズ、われず,ワレ、ワレズ、ウェアーズ
垢（2ch）,アカ
ワナビー,ワナビー
ROMる,ロムル
電波,デンパ
DQN,ドキュン
厨房（ちゅうぼう）,ちゅうぼう
sage（サゲ・下げ）,サゲ
スレ（スレッド）,スレ
イマゲ,イマゲ
kwsk,クワシク
がいしゅつ,
情弱（情報弱者）,じょうじゃく
常考,じょうこう
安価,アンカ
ようつべ,ようつべ
メシウマ,メシウマ
母がピーマンを口にくわえながら料理を作っていた,ハハガピーマンヲクチニクワエナガラリョウリヲツクッテイタ
夏休みの宿題が終わらないお,ナツヤスミノシュクダイガオワラナイオ
ニュー速でやるお！（ほんとはＶＩＰでやりたいんだお…）,ホントハビップデヤリタインダオ
また髪の話してる,マタカミノハナシシテル
ファインデム地蔵,ファインデムジゾウ
ドッキングにぼし,ドッキングニボシ
ぬるコぽっぷ,ヌルコポップ
うるせぇアルパカぶつけんぞ,ウルセェアルパカブツケンゾ
せやけどそれはただの夢や,セヤケドソレハタダノユメヤ
いい加減目覚めなさい,イイカゲンメザメナサイ
キングカワイソス,キングカワイソス
ｷﾞｬﾊｯﾊｯ ｽﾞﾚてる!ｽﾞﾚてる!,ギャハッハッ　ズレテル　ズレテル
やってられっか夫,ヤッテラレッカオ
在庫ニング,ザイコニング
もう世界は許されて、君も平穏な日々に帰って行く時なんだ,モウセカイハユルサレテ、キミモヘイオンナヒビニカエッテイクトキナンダ
お薬増やしておきますねー,オクスリフヤシテオキマスネー
そうだこれは夢なんだ,ソウダコレハユメナンダ
利いたふうな口をきくなー,キイタフウナクチヲキクナー
カサーリ,カサーリ
争いは、同じレベルの者同士でしか発生しない!!,アラソイハオナジレベルノモノドウシデシカハッセイシナイ
ageブラザーズ,アゲブラザーズ
ユニクロくん,ユニクロクン
煽レンジ,アオレンジ
争え…もっと争え…,アラソエ　モットアラソエ
誰だよテメーは いきなり現れて好き勝手言ってんじゃねーぞ,
口の中パッサパサ,クチノナカパッサパサ
現実はいつも私に選択を迫る私にはそれがたまらなく嫌なのだ,ゲンジツハイツモワタシニセンタクヲセマルワタシニハソレガタマラナクイヤナノダ
乙であります,オツデアリマス
オエー鳥,オエードリ
うるせぇマサラタウンぶつけんぞ,ウルセェマサラタウンブツケンゾ
全身から湧き上がるこの喜び！1さんにとどけ！,ゼンシンカラワキアガルコノヨロコビ　イチサンニトドケ
駄目だこいつ・・・早くなんとかしないと・・・,ダメダコイツ ハヤクナントカシナイト
ふふ、呼んでみただけ,フフ ヨンデミタダケ
ところがどっこい……..夢じゃありません……..!,トコロガドッコイ　ユメジャアリマセン
呪まーす,ノロマース
ビダァァァン!!,ビダァァァン
ハムッ、ハフハフ、ハフッ!!,ハムッ ハフハフ ハフッ
よし、決まったな 風呂にでも入るか,ヨシキマッタナフロニデモハイルカ
さすがの俺もそれは引くわ,サスガノオレモソレハヒクワ
矛盾塊,ムジュンガタマリ
マータハジマータ,マータハジマータ
ジュウシマツ住職,ジュウシマツジュウショク
今北三仰法師,イマキタサンギョウホウシ
マーガリンが「食べるプラスチック」って言われるのは何で？,マーガリンガタベルプラスチックッテイワレルノハナンデ
アーゲンナー,アーゲンナー
どどんまい,ドドンマイ
パンとか止めるやつ,パントカトメルヤツ
あれほど言ったはずだわたしを怒らせるなと,アレホドイッタハズダワタシヲオコラセルナト
感謝するぜ お前と出会えた これまでの 全てに,カンシャスルゼ　オマエトデアエタ　コレマデノスベテニ
いやどす,イヤドス
ツレマスカ,ツレマスカ
汚物は消毒だー!,オブツハショウドクダー
お酢シックス,オスシックス
アイツはもう消した!,アイツハモウケシタ
これが せいでんきです,コレガセイデンキデス
うるせぇ！ハンガーを食らいやがれ！！,ウルセエ、ハンガーヲクライヤガレ
ほほう それでそれで？,ホホウ ソレデソレデ
胴無しモナー,ドウナシモナー
(*・ω・*) ツルポ,ツルポ
マ・ジネティネイワー,マジネティネイワー
イマキ・タ・サンゲウ,イマキタサンゲウ
ホッシュ,ホッシュ
こいよオラ！！オラ！！,コイヨオラオラ
お前ら表へ出ろ,オマエラオモテヘデロ
送料はお前らが負担,ソウリョウハオマエラガフタン
ちょっと署まで来い,チョットショマデコイ
んーとね、わかんない,ンートネ ワカンナイ
マジでっ！？,マジデ
それはひょっとしてギャグで言ってるのか！？,ソレハヒョットシテギャグデイッテルノカ
月曜日,ゲツヨウビ
うそです,ウソデス
チュンチュン,チュンチュン
なんちゅうもんを食わせてくれたんや,ナンチュウモンヲクワセテクレタンヤ
テレホマン,テレホマン
ギコ猫,ギコネコ
うわああ,ウワアア
>>1の通訳連れてきたぞー,イチノツウヤクツレテキタゾー
おじちゃんたちどうしてはたらかないの？,オジチャンタチドウシテハタラカナイノ
フッジッサーン／^o^＼,フッジッサーン
シラネーヨ,シラネーヨ
次でボケて,ツギデボケテ
モララー,モララー
え？何？聞こえない,エ、ナニ、キコエナイ
自動殴打装置,ジドウオウダソウチ
アスキーアート,アスキーアート
ホットペッパーを見た,ホットペッパーヲミタ
荒巻スカルチノフ,アラマキスカルチノフ
あ、ぽこたんインしたお！,ア、ポコタンインシタオ
トンファーキック,トンファーキック
そんな事言われてもウチ、ポン デ ライオンやし,ソンナコトイワレテモウチポンデライオンヤシ
うわっ…私の年収、低すぎ…？,ウワッ、ワタシノネンシュウ、ヒクスギ
パクパクモグモグ,パクパクモグモグ
3ゲットロボ,サンゲットロボ
決闘を申し込む！,ケットウヲモウシコム
バカにしないでくれる!?知ってるわよそのくらい!!,バカニシナイデクレル　シッテルワヨソノクライ
チャーハン作るよ!,チャーハンツクルヨ
なんだ夢か,ナンダユメカ
正直、スマンカッタ,ショウジキスマンカッタ
弟者,オトジャ
おでんマン,オデンマン
マモノ,マモノ
(￣ー￣)ﾆﾔﾘｯ,ニヤリ
ヌケドナルド,ヌケドナルド
(∩　ﾟдﾟ)アーアーきこえなーい,アーアーキコエナーイ
…わかった　この話はやめよう ハイ!! やめやめ,ワカッタコノハナシハヤメヨウ　ハイヤメヤメ
僕は、神山満月ちゃん,ボクハカミヤママンゲツチャン
荒ぶる鷹のポーズ,アラブルタカノポーズ
ブボボ(`；ω；´)ﾓﾜｯ,ブボボモワッ
メシウマ状態,メシウマジョウタイ
(´･ω･｀)知らんがな,シランガナ
もうどうにでもな～れ,モウドウニデモナーレ
ズコー,ズコー
わはー,ワハー
ぞぬ,ゾヌ
ご家庭に○○はない！,ゴカテイニ○○ハナイ
(」・ω・)」うー!(/・ω・)/にゃー!,うーにゃー
グータッチ,グータッチ
勅使河原国男,チョクシガワラクニオ
ナカーマ,ナカーマ
夢のスコア,ユメノスコア
うるせぇ、エビフライぶつけんぞ,ウルセエ、エビフライブツケンゾ
嫌なら見るな,イヤナラミルナ
奇蹟のカーニバル開幕だ,キセキノカーニバルカイマクダ
関西人の特徴でおまんがな,カンサイジンノトクチョウデオマンガナ
お断りします,オコトワリシマス
ばっかじゃねーの,バッカジャネーノ
よくもだましたアアアア！！だましてくれたなアアアアア！！,ヨクモダマシタアアアア　ダマシテクレタナアアアアア
という夢を見たんだ,トイウユメヲミタンダ
こいつ最高にアホ,コイツサイコウニアホ
すごく・・・大きいです,スゴクオオキイデス
やったねたえちゃん！,ヤッタネタエチャン
画像も貼らずにスレ立てとな！?,ガゾウモハラズニスレタテトナ
だがそれがいい,ダガソレガイイ
バーロ夫,バーロオ
マンドクセ,マンドクセ
変態だー!,ヘンタイダー
(ﾟДﾟ)ｺﾞﾙｧ!,ゴルア
ガタッ,ガタッ
天才のそれに近いな,テンサイノソレニチカイナ
すまぬ・・・すまぬ・・・,スマヌ、スマヌ
ダディクール,ダディクール
知ってるがお前の態度が気に入らない,シッテルガオマエノタイドガキニイラナイ
アフリカではよくあること,アフリカデハヨクアルコト
はやくしろっ!! 間にあわなくなってもしらんぞーーっ!!,ハヤクシロッ　マニアワナクナッテシランゾー
いや、そのりくつはおかしい,イヤ、ソノリクツハオカシイ
言わせんな恥ずかしい,イワセンナハズカシイ
これからが本当の地獄だ,コレカラガホントウノジゴクダ
貼られるべき画像がスレに無い,ハラレルベキガゾウガスレニナイ
わりとどうでもいい,ワリトドウデモイイ
今日逃げたら明日はもっと大きな勇気が必要になるぞ,キョウニゲタラアシタハモットオオキナユウキガヒツヨウニナルゾ
良い子の諸君！,ヨイコノショクン
通報しますた,ツウホウシマスタ
きみ頭大丈夫？,キミアタマダイジョウブ
何が何だかわからない,ナニガナンダカワカラナイ
はいはい、どーもすみませんでした,ハイハイ、ドーモスミマセンデシタ
【面接官】資格はお持ちですか？,シカクハオモチデスカ
ぶろっこりん,ブロッコリン
ガイル＝ヴォルデモーロ,ガイル＝ヴォルデモーロ
きのこる先生,キノコルセンセイ
またまたご冗談を,マタマタゴジョウダンヲ
（　゜Д゜）（ポカーン）,ポカーン
しまむらくん,シマムラクン
何言ってんだこいつ,ナニイッテンダコイツ
おまえは何を言っているんだ,オマエハナニヲイッテイルンダ
笹食ってる場合じゃねえ！,ササクッテルバアイジャネエ
ボコボコにしてやんよ,ボコボコニシテヤンヨ
すまない、ホモ以外は帰ってくれないか！,スマナイ、ホモイガイハカエッテクレナイカ
久々にワロタ,ヒザビサニワロタ
頭がフットーしそうだよおっっ,アタマガフットーシソウダヨオッッ
イイハナシダナー,イイハナシダナー
あまり私を怒らせない方がいい,アマリワタシヲオコラセナイホウガイイ
そんなことより野球しようぜ,ソンナコトヨリヤキュウシヨウゼ
ジャンピング土下座,ジャンピングドゲザ
マンドクセ,マンドクセ
麻呂,マロ
それがVIPヌクモリティ。,ソレガビップヌクモリティ
ラッキーAA,ラッキーエーエー
あ…ありのまま今起こった事を話すぜ！,ア、アリノママイマオコッタコトヲハナスゼ
グンク・ツノ・オトガー,グンクツノオトガー
コノス・ピドナー・ライエル,コノスピードナライエル
グロ中尉,グロチュウイ
そんなふうに考えていた時期が俺にもありました,ソンナフウニカンガエテイタジキガオレニモアリマシタ
命にかかわるパンチをしますよ,イノチニカカワルパンチヲシマスヨ
うーっす,ウーッス
1get,イチゲット
欝の6時間,ウツノロクジカン
モッピー,モッピー
カーチャン,カーチャン
マジですCAR,マジデスカー
ナメック・サリオッテ,ナメックサリオッテ
それっておかしくねぇ？,ソレッテオカシクネエ
オエーー！！！！,オエー
お前それサバンナでも同じ事言えんの？,オマエソレサバンナデモオナジコトイエンノ
やめてくださいしんでしまいます,ヤメテクダサイシンデシマイマス
わたしです,ワタシデス
ブーム君,ブームクン
すごい一体感を感じる,スゴイイッタイカンヲカンジル
まさに外道,マサニゲドウ
そうなんだ、すごいね！,ソウナンダスゴイネ
はいはいわろすわろす,ハイハイワロスワロス
精神を加速させろ,セイシンヲカソクサセロ
プークスクス,プークスクス
乗るしかない、このビッグウェーブに,ノルシカナイ、コノビッグウェーブニ
＼ｱｯｶﾘ～ﾝ／,アッカリーン
AA略,エーエーリャク
コロンビア,コロンビア
お前がそう思うんならそうなんだろう お前ん中ではな,オマエガソウオモウンナラソウナンダロウ　オマエノナカデハナ
ねぇねぇ今どんな気持ち？,ネエネエイマドンナキモチ
ネゴトワ・ネティエ,ネゴトワネティエ
ロムッテロ兄弟,ロムッテロキョウダイ
南冲尋定,ナンチュウエロサダ
無蝕童帝ウプレカス,ムショクドウテイウプレカス
ゼンベ・イガ・ナイター,ゼンベイガナイター
そげぶ,ソゲブ
その幻想をぶち殺す!!,ソノゲンソウヲブチコロス
ﾎﾟｶｰﾝ(ﾟдﾟ),ポカーン
まが男,マガオ
ゆっくりしていってね！！！,ユックリシテイッテネ
クマー,クマー
どうしてこうなった,どうしてこうなった
キマシタワー！！！,キマシタワー
でっていう,デッテイウ
m9（＾Д＾）プギャー,プギャー
orz,オーアールゼット、オーズ、オルツ、オルズ、オリザノール
人生＼(^o^)／ｵﾜﾀ,ジンセイオワタ
ﾉｼ,不明
やる夫,ヤルオ
わんわんお！（∪＾ω＾）,ワンワンオ
にしこり,ニシコリ
ニュー速で•やる夫,ニューソクデヤルオ
Evernote Peek,エバーノート　ピーク
Evernote for iOS,エバーノート　フォー　アイオーエス
ノートリンク,ノートリンク
ウェブクリッパー,ウェブクリッパー
Evernote,エバーノート
サイトメモリー,サイトメモリー
オフラインノート,オフラインノート
インクノート,インクノート
エヴァる,エヴァル
ノートブックスタック,ノートブックスタック
ノートブック,ノートブック
Trunk,トランク
なりすましアカウント,ナリスマシアカウント
Facebook疲れ,フェイスブックヅカレ
ソーシャル疲れ,ソーシャルヅカレ
ソーハラ,ソーハラ
友達リクエスト,トモダチリクエスト
コミュニティ規定,コミュニティキテイ
ニュースフィールド,ニュースフィールド
スパムとして報告,スパムトシテホウコク
フェースブック,フェースブック
Facebookのお知らせがあります,フェイスブックノオシラセガアリマス
エンゲージメント率,エンゲージメントリツ
つながり,ツナガリ
ハイライト,ハイライト
交際ステータス,コウサイステータス
コネクションサーチ,コネクションサーチ
エッジランク,エッジランク
ポストマン,ポストマン
ニュースフィード,ニュースフィード
知り合いかも？,シリアイカモ
友達検索,トモダチケンサク
ページ名でFacebookを利用,ページメイデフェイスブックヲリヨウ
チェックインクーポン,チェックインクーポン
Facebookクエスチョン,フェイスブッククエスチョンズ
Facebookページ,フェイスブックページ
友達履歴,トモダチリレキ
Search Names,サーチネーム
Facebook Greetings Cards,フェイスブックグリーティングカーズ
素通り禁止,スドオリキンシ
垢BAN,アカバン
Facebookアプリ,フェイスブックアプリ
ウォール,ウォール
Facebook,フェイスブック
フラグ（Facebook用語）,フラグ
ファンページ,ファンページ
グループ,グループ
いいね！,イイネ！
アクティビティ,アクティビティ
あいさつ,あいさつ
友人の友人,ユウジンノユウジン
招待状,ショウタイジョウ
最終ログイン,サイシュウログイン
公開レベル,コウカイレベル
ユーチューバー,ユーチューバー
ちょろめ,チョロメ
ペンギンアップデート,ペンギンアップデート
ぐぐたす,ググタス
グーグル八分,グーグルハチブ
スニペット,スニペット
リッチスニペット,リッチスニペット
ドロイド君,ドロイドクン
パンダアップデート,パンダアップデート
アドワーズ,アドワーズ
Google八分,グーグルハチブ
グーグル先生、ぐぐる先生、ググーる先生,グーグルセンセイ
もしかして,もしかして
Everflux,エバーフラックス
Google Dance,グーグルダンス
Google Buzz,グーグルバズ
スター（Gmail）,スター
Gmail,ジーメール
Google,グーグル
EULA（End-User License Agreement）,イーユーエルエー
Oracle RAC（Oracle Real Application Clusters）,
EAI（Enterprise Application Integration）,イーエーアイ
仮想OS,カソウオーエス
XenDesktop,ゼンデスクトップ
在庫管理システム,ザイコカンリシステム
BLOB（Binary Large Object）,ビーエルオービー
RAID 0,レイドゼロ
ハイパーバイザー,
TPC（Transaction Processing Performance Council）,
OLAP（On-line Analytical Processing）,
スケーラビリティ,スケーラビリティ
RTO（Recovery Time Objective）,
リレーショナルデータベース,リレーショナルデータベース
ドメインコントローラ,ドメインコントローラ
サイジング,サイジング
クローニング（情報システム）,クローニング
NLB（Network Load Balancing）,エヌエルビー
データウェアハウス,データウェアハウス
ESB（Enterprise Service Bus）,イーエスビー
ワークグループ,ワークグループ
MSFC（Microsoft Failover Cluster）,エムエスエフシー
ORACLE MASTER,オラクルマスター
システム監査,
ASPサービス,エーエスピーサービス
2038年問題,ニセンサンジュウハチネンモンダイ
イメージバックアップ,イメージバックアップ
インシデント,インシデント
ノーツ,ノーツ
OLTP（Online Transaction Processing）,オーエルティーピー
フェイルオーバー,フェイルオーバー
マテリアライズドビュー,マテリアライズドビュー
ブレードサーバ,ブレードサーバ
ジョブネット,ジョブネット
データ移行,データイコウ
サーバ仮想化,
ロールアウト,ロールアウト
ERPパッケージ,イーアールピーパッケージ
ダウングレード,ダウングレード
バーチャルボックス,バーチャルボックス
汎用機（コンピュータ）,ハンヨウキ
vMotion,ブイモーション
チェックポイント（データベース）,チェックポイント
リレーションシップ,リレーションシップ
フロントエンド,
ダウンサイジング,ダウンサイジング
コンティンジェンシープラン,コンティンジェンシープラン
CPS,シーピーエス
RDS,アールディーエス
ELT（Extract/Transform/Load）,イーエルティー
DDL（Data Definition Language）、データ定義言語,ディーディーエル
シングルサインオン,シングルサインオン
プライベートクラウド,プライベートクラウド
アクティブディレクトリ,アクティブディレクトリ
冗長化,ジョウチョウカ
冗長性,ジョウチョウセイ
ラウンドロビン,ラウンドロビン
EBS（Electronic Broking System）,イービーエス
インテグレーション,インテグレーション
RDP（Remote Desktop Protocol）,アールディーピー
ロードバランサ,ロードバランサ
テキストマイニング,テキストマイニング
ローカルストレージ,ローカルストレージ
CIFS（Common Internet File System）,シーアイエフエス
プロビジョニング,プロビジョニング
ストアドプロシージャ,ストアドプロシージャ
キッティング,キッティング
MTBF（Mean Time Between Failure）、平均故障間隔,
ODBC,オーディービーシー
リモートアシスタンス,リモートアシスタンス
BIツール（Business Intelligenceツール）,ビーアイツール
CRM（Customer Relationship Managemant）,シーアールエム
LINQ（Language INtegrated Query）、統合言語クエリ,
クラウドコンピューティング,クラウドコンピューティング
Hyper-V,ハイパーブイ
オンプレミス,オンプレミス
SAP,サップ
MSP（Management Services Provider）,エムエスピー
イントラネット,イントラネット
VNC（Virtual Network Computing）,ブイエヌシー
ICT（Information and Communication Technology）,アイシーティー
ERP（Enterprise Resource Planning）,イーアールピー
SFDC,エスエフディーシー
SDN,エスディーエヌ
RAC,アールエーシー
アセスメント,アセスメント
ワークフロー,ワークフロー
オンラインストレージ,オンラインストレージ
レプリケーション,レプリケーション
RAID,レイド
シンクライアント,シンクライアント
仮想化,カソウカ
リモートデスクトップ,リモートデスクトップ
可用性,カヨウセイ
マイグレーション,マイグレーション
トランザクション,トランザクション
SQLインジェクション,エスキューエルインジェクション
ブルートフォースアタック,ブルートフォースアタック
ゼロデイアタック,ゼロデイアタック
サブネットマスク,サブネットマスク
ブラウザ戦争,ブラウザセンソウ
デバイス,デバイス
セッションハイジャック,セッションハイジャック
ガベージコレクション,ガベージコレクション
ミュート,ミュート
マークアップ言語,マークアップゲンゴ
アップル信者,アップルシンジャ
スクレイピング,スクレイピング
DoS攻撃,ドスコウゲキ
アクセスポイント,アクセスポイント
サイバースクワッティング,サイバースクワッティング
ガワネイティブ,ガワネイティブ
スクリーンショット,スクリーンショット
プロキシサーバー,プロキシサーバー
インデクサ,インデクサ
ノーリファラ,ノーリファラ
リファラ,リファラ
ヌルサク感,ヌルサクカン
Basic認証,ベーシックニンショウ
アアアッ,アアアッ
LANケーブル,ランケーブル
ワンストップサービス,ワンストップサービス
オーガニック検索,オーガニックケンサク
デスクトップ検索,デスクトップケンサク
ダークファイバー,ダークファイバー
ダイレクトリンク,ダイレクトリンク
セカンドレベルドメイン,セカンドレベルドメイン
OSS,オーエスエス、オープンソースソフトウェア
親指シフト,オヤユビシフト
リモホ,リモホ
テレホタイム,テレホタイム
ランサムウエア,ランサムウエア
CGM（Consumer Generated Media）,シージーエム
バックドア,バックドア
正規表現,セイキヒョウゲン
ウルトラブック,ウルトラブック
ペアプログラミング,ペアプログラミング
マルウエア,マルウエア
検収,ケンシュウ
セマンティック検索,セマンティックケンサク
スペック,スペック
画面解像度,ガメンカイゾウド
bps,ビーピーエス
SDスピードクラス,エスディースピードクラス
SDHC,エスディーエイチシー
短縮URL,タンシュクユーアールエル
解像度,カイゾウド
ジオタギング,ジオタギング
RARP,ラープ
ドネーション,ドネーション
ICT（Information and Communication Technology）,アイシーティー
CTI（Computer Telephony Integration）,シーティーアイ
フルHD,フルエイチディー
ベストエフォート型サービス,ベストエフォートガタサービス
GUI,ジーユーアイ
イースターエッグ,イースターエッグ
脆弱性,ゼイジャクセイ
デフォルトゲートウェイ,デフォルトゲートウェイ
ERPシステム,イーアールピーシステム
CPU,シーピーユー
DRAM,ディーラム
クアッドコア,クアッドコア
RSSリーダー,アールエスエスリーダー
デュアルブート,デュアルブート
犬厨,イヌチュウ
コンパネ,コンパネ
クラウド,クラウド
ユーザビリティ,ユーザビリティ
ポップアップウインドウ,ポップアップウインドウ
ディレードオンライン処理,ディレードオンラインショリ
Hadoop,ハドゥープ
SOPA（Stop Online Piracy Act）,エスオーピーエー、ソーパ
商用BBS,ショウヨウビービーエス
パソ通,パソツウ
ブロゴスフィア,ブロゴスフィア
ブイログ,ブイログ
ソーシャルグラフ,ソーシャルグラフ
リアルタイムWeb,リアルタイムウェブ
オートコンプリート,オートコンプリート
ディープWeb,ディープウェブ
リポジトリ,リポジトリ
エゴサーチ,エゴサーチ
ビジー状態,ビジージョウタイ
CAPTCHA,キャプチャ
アクセス解析,アクセス解析
LPO,エルピーオー、ランディングページオプティマイゼーション
クレイドル,クレイドル
オンラインストレージ,オンラインストレージ
ストレージ,ストレージ
アップグレード,アップグレード
アップデート,アップデート
あいまい検索,アイマイケンサク
アドオン,アドオン
ドロイド君,ドロイドクン
非破壊自炊,ヒハカイジスイ
QDF（Query Deserves Freshness）,キューディーエフ
SERP,サープ
ブレンド検索,ブレンドケンサク
ユニバーサル検索,ユニバーサルケンサク
リンクグラフ,リンクグラフ
ブラックハット,ブラックハット
ホワイトハット,ホワイトハット
グレーハット,グレーハット
不正アクセス,フセイアクセス
データディクショナリ,データディクショナリ
EPUB,イーパブ
保守契約,ホシュケイヤク
M2M,エムツーエム
串,クシ、プロクシ
スキーム,スキーム
要件定義,ヨウケンテイギ
チャタリング,チャタリング
ドッグイヤー,ドッグイヤー
静的ページ,セイテキページ
動的ページ,ドウテキページ
WordPress,ワードプレス
レスポンシブWebデザイン,レスポンシブウェブデザイン
エクスポート,エクスポート
デスマーチ,デスマーチ
VirtualBox,バーチャルボックス
シェアウェア,シェアウェア
クラスタ,クラスタ
デグる,デグル
テザリング,テザリング
ATOK,エートック
ハウジング,ハウジング
CSS,シーエスエス
ICANN,アイキャン
NetBIOS（Network Basic Input Output System）,ネットバイオス
NAT（Network Address Translation）,エヌエーティー、ナット
MIMO（Multiple Input Multiple Output）,エムアイエムオー
MSDN（Microsoft Developer Network ）,エムエスディーエヌ
JSP（JavaServer Pages）,ジェイエスピー
IPマスカレード、NAPT,アイピーマスカレード
FTTH,エフティーティーエイチ
ESS ID,イーエスエスアイディー
DSU（Digital Service Unit）,ディーエスユー
DDNS,ディーディーエヌエス、ダイナミックディーエヌエス
CGI,シージーアイ
Apache（Apache HTTP Server）,アパッチ
ActiveX,アクティブエックス
ローミング,ローミング
ホットサイト,ホットサイト
メタサーチ、メタ検索,メタサーチ、メタケンサク
ミラーサイト,ミラーサイト
マルチESS ID,マルチイーエスエスエスアイディー
ポート,ポート
ベストエフォート,ベストエフォート
フロー制御,フローセイギョ
光ファイバー,ヒカリファイバー
パケット通信,パケットツウシン
パケット,パケット
伝送損失,デンソウソンシツ
サーバ証明書,サーバショウメイショ
オレオレ証明書,オレオレショウメイショ
DNSキャッシュポイズニング,ディーエヌエスキャッシュポイズニング
ジャンボフレーム,ジャンボフレーム
実効スループット,ジッコウスループット
イントラネット,イントラネット
クラウド・コンピューティング,クラウドコンピューティング
ビデオカード,ビデオカード
HDMI,エイチディーエムアイ
バリデーション,バリデーション
ダブルクリック,ダブルクリック
ストリーミング,ストリーミング
デフォルト,デフォルト
ポップアップ,ポップアップ
オープンソース,オープンソース
アンチウイルスソフト,アンチウイルスソフト
トロイの木馬,トロイノモクバ
パンくずリスト,パンクズリスト
ドラッグ＆ドロップ,ドラッグアンドドロップ
クエリ,クエリ
Tomcat,トムキャット
冗長性,ジョウチョウセイ
RAID,レイド
EDI(Electronic Data Interchange）,イーディーアイ
メディアリテラシー,メディアリテラシー
トランザクション,トランザクション
ロードバランサー,ロードバランサー
レジストラ移管,レジストライカン
レジストラ,レジストラ
ルートディレクトリ,ルートディレクトリ
バックボーン,バックボーン
ドメイン転送サービス,ドメインテンソウサービス
サブドメイン,サブドメイン
データセンター,データセンター
ダウンロード,ダウンロード
共有レンタルサーバー,キョウヨウレンタルサーバー
アップロード,アップロード
SFTP,エスエフティーピー
POPアカウント,ポップアカウント
IMAP4,アイマップフォー
SSL（Secure Socket Layer）,エスエスエル
eSATA、イーサタ,イーサタ
HDCP（High-bandwidth Digital Content Protection system）,エイチディーシーピー
XML（Extensible Markup Language）,エックスエムエル
プロトコル、プロトコール,プロトコル
DHCP（Dynamic Host Configuration Protocol）,ディーエイチシーピー
PPPoE（Point-to-Point Protocol over Ethernet）,ピーピーピーオーイー
Cookie,クッキー
Bluetooth（ブルートゥース）,ブルートゥース
HTML（HyperText Markup Language）,エイチティーエムエル
SSD,エスエスディー
アドオン,アドオン
インターフェース、I/F,インターフェース
ドメイン名、独自ドメイン,ドメインメイ
ドメイン,ドメイン
API（Application Program Interface）,エーピーアイ
VPN（Virtual Private Network）,ブイピーエヌ
Wi-Fi,ワイファイ
NAS,ナス
radiko,ラジコ
SMS（Short Message Service）,エスエムエス
マッシュアップ,マッシュアップ
ベンチマーク,ベンチマーク
SNS,エスエヌエス
ぼくはまちちゃん！,ボクハマチチャン
mixiモール,ミクシィモール
mixiフォトアルバム,ミクシィフォトアルバム
mixiフォト,ミクシィフォト
かんたんアクセス,カンタンアクセス
閲覧キー,エツランキー
ミクリク,ミクリク
読み逃げ,ヨミニゲ
読み逃げ禁止,ヨミニゲキンシ
ミクナビ,ミクナビ
mixiツールバー,ミクシィツールバー
mixi同級生,ミクシィドウキュウセイ
mixiアプリ,ミクシィアプリ
先週の訪問者,センシュウノホウモンシャ
mixiレビュー,ミクシィレビュー
mixiバトン,ミクシィバトン
チェーン日記,チェーン
mixi動画,ミクシィドウガ
ミクシィ年賀状,ミクシィネンガジョウ
mixiチェック,ミクシィチェック
mixi疲れ,ミクシィヅカレ
mixiニュース,ミクシィニュース
素通り禁止,スドオリキンシ
mixiモバイル,ミクシィモバイル
mixiミュージック,ミクシィミュージック
mixiプレミアム,ミクシィプレミアム
mixi,ミクシィ
友人の友人,ユウジンノユウジン
ミクリィ,ミクリィ
マイミク（マイミクシィ）,マイミク
招待状,ショウタイジョウ
最終ログイン,サイシュウログイン
公開レベル,コウカイレベル
オフ会,オフカイ
イーマーキュリー,イーマーキュリー
荒らし,アラシ
足あと帳,アシアトチョウ
足あと,アシアト
なにこれつらい,ナニコレツライ
エビフライトライアングル,エビフライトライアングル
夢絵,ドリームエ
絵チャ,エチャ
Ｐタグ,ピータグ
誰てめ絵,ダレテメエ
判子絵,ハンコエ
QB(キュゥべぇ),キュウベエ
塗ってもいいのよ,ヌッテモイイノヨ
FKMT,フクモト
pixiv蟹,ピクシブガニ
スタックフィード,スタックフィード
pixivフェスタ,ピクシブフェスタ
チョビ,チョビ
ピクシブたん,ピクシブタン
Ank Pixiv Tool,アンク　ピクシブ　ツール
pixivランキング,ピクシブランキング
トレス、トレース,トレス
トレパク,トレパク
ケモノ,ケモノ
pixivウォッチスレ、ヲチスレ,ピクシブウォッチスレ
175,イナゴ
パーソナルタグ,パーソナルタグ
pixivニュース,ピクシブニュース
イメレス（イメージレスポンス）,イメレス
ランキング操作,ランキングソウサ
せんとくん現象,セントクンゲンショウ
ランカータイム,ランカータイム
底辺,テイヘン
BLEACH100users入り,ブリーチヒャクユーザーズイリ
プロフ絵,プロフ絵
pixivプレミアム,ピクシブプレミアム
pixivチャット,ピクシブチャット
pixiv,ピクシブ
エモーティコン,エモーティコン
さぎょいぷ,サギョイプ
イプID（スカイプID）,イプアイディー
ボイスチャット、ボイチャ,ボイスチャット
Skypeクーポン,スカイプクーポン
Outlookコンタクト,アウトルックコンタクト
高品質ビデオ通話,コウヒンシツビデオツウワ
自動リチャージ,ジドウリチャージ
自動リダイヤル,ジドウリダイヤル
ボイスメール（留守番電話機能）,ボイスメール
グループビデオ通話,グループビデオツウワ
スカイプギフトデー,スカイプギフトデー
Skypeボタン,スカイプボタン
Skypeクレジット,スカイプクレジット
Skype Access,スカイプアクセス
エモーティコン,エモーティコン
パーソナライズSkype,パーソナライズスカイプ
スカイプアウト（SkypeOut）,スカイプアウト
ReBlog,リブログ
r4s（Report for spam）,アールフォーエス
非公式リツイート（非公式RT）,ヒコウシキリツイート
安定さん,アンテイサン
イノセント知事,イノセントチジ
仏男子,ブッダンシ
トゥルーエイプリル,トゥルーエイプリル
死ぬこと以外かすり傷,シヌコトイガイカスリキズ
お別れはブロックで,オワカレハブロックデ
田端でバタバタ,タバタデバタバタ
突然のセルカ,トツゼンノセルカ
RT魔,アールティーマ
キャスる,キャスる
午前3時の茨城県,ゴゼンサンジノイバラキケン
おりほー,オリホー
半ツイ禁,ハンツイキン
kぽ垢,ケーポアカ
frb,エフアールビー
ﾅｰｰｰｰｰww,ﾅｰｰｰｰ
なうぷれ、Now Playing,ナウプレ
f4f,エフフォーエフ
エタフォ,エタフォ
ビッベン垢,ビッベンアカ
誤フォロー,ゴフォロー
RT会話,アールティーカイワ
アイドル垢,アイドルアカ
ｻﾝｼﾞﾊﾝ!!,サンジハン
おそあり,オソアリ
in率低下,インリツテイカ
FF外,エフエフガイ
片道フォロー,カタミチフォロー
nrkr,ナリキリ
ksnm,クソネミ
ヒョロワー,ヒョロワー
夢垢,ユメアカ
オンツイ,オンツイ
ふぁぼテロ,ファボテロ
蝉ガール,セミガール
定期ツイート,テイキツイート
(ヾﾉヾﾉヾﾉヾﾉヾﾉヾﾉヾﾉ･ω･`)ｼﾞｪｯﾄｽﾄﾘｰﾑﾅｲﾅｲ,ジェットストリームナイナイ
リア友垢,リアトモアカ
低浮上,テイフジョウ
仲良し垢,ナカヨシアカ
ローカルトレンド,ローカルトレンド
ゴールデンツイート,ゴールデンツイート
プロモツイート,プロモツイート
トップツイート,トップツイート
エモキュン,エモキュン
ちんくるほい(∩^o^)⊃━☆゚.*・。,チンクルホイ
激ねむスヤスヤ丸,ゲキネムスヤスヤマル
なり垢,ナリアカ
ヲタ垢（オタ垢）,ヲタアカ
ツイ禁,ツイキン
ツイ滅,ツイメツ
超新星・ムカおこエンドオブエンシェントジェノサイドブレイバァァァ,チョウシンセイムカオコエンドオブエンシェントジェノサイドブレイバァァァ
クリック推奨,クリックスイショウ
アルファ気取り,アルファキドリ
バイトテロ,バイトテロ
出社ニスト,シュッシャニスト
インターネットカラオケマン,インターネットカラオケマン
ファボ魔,ファボマ
その代償に俺は死ぬ,ソノダイショウニオレハシヌ
₍₍ ◝(-᷅_-᷄ )◟ ⁾⁾ﾏﾐﾏﾐﾉﾏｲ,マミマミノマイ
病み垢,ヤミアカ
自動フォロバ,ジドウフォロバ
リツファボ,リツファボ
TL汚し（タイムライン汚し）,ティーエルヨゴシ
リスイン,リスイン
パクリツ,パクリツ
公式リツイート（公式RT）,コウシキリツイート
TL監視（タイムライン監視）,ティーエルカンシ
見られていることに対するコピペ,
アイエエエエ!? ニンジャ!? ニンジャナンデ!?,アイエエエエ ニンジャ ニンジャナンデ
ツイドル,ツイドル
無言フォロー,ムゴンフォロー
名目フォロワー数,メイモクフォロワースウ
実質フォロワー数,ジッシツフォロワースウ
フォローリクエスト,フォローリクエスト
はむほー,ハムホー
まじるんるん御機嫌丸,マジルンルンゴキゲンマル
まじおつかれﾍﾅﾍﾅ丸,マジオツカレヘナヘナマル
リプ爆（リプライ爆撃）,リプバク
取得漏れ,シュトクモレ
線路なう,センロナウ
裏垢,ウラアカ
そぅ。。これゎもぅ。。。,ソウ　コレハモウ
ふぁぼ爆（ふぁぼ爆撃）,ファボバク
フォロ爆（フォロー爆撃）,フォロバク
リプ返（リプライ返し）,リプヘン
リア垢,リアアカ
クソネミ,クソネミ
ネガツイ（ネガティブツイート）,ネガツイ
FF比,エフエフヒ
いてらあり,イテラアリ
あげめろ,アゲメロ
つらまろ,ツラマロ
置きリプ,オキリプ
とらほー,トラホー
規制垢,キセイアカ
きてあ,キテア
ツイ消し,ツイケシ
ぎゃんきゃわ,ギャンキャワ
ぎゃんかわ,ギャンカワ
ぶちおか,ブチオカ
覚えましたし,オボエマシタシ
大噴火レジェントサイクロンフレアァァッ,ダイフンカレジェントサイクロンフレアァァッ
憤怒バーニングファッキンストリーム,フンドバーニングファッキンストリーム
えりあり,エリアリ
りだつい,リダツイ
りだあり,リダアリ
りだてら,リダテラ
ぽつらぽつら,ポツラポツラ
すきつら,スキツラ
いきつら（イキツラ）,イキツラ
つらお,ツラオ
ふぁぼ,ファボ
んふんふ,ンフンフ
パクツイ,パクツイ
めしいま,メシイマ
りだる,リダル
スパブロ（スパムブロック）,スパブロ
うず,ウズ
AWOL（Absence Without Leave）,アブセンス ウィズアウト リーブ
いてらー,イテラー
おっさん女子,オッサンジョシ
ゴリラ系彼女,ゴリラケイカノジョ
犬系彼女,イヌケイカノジョ
猫系彼女,ネコケイカノジョ
モグラ系彼女,モグラケイカノジョ
RT乞食,アールティーコジキ
趣味ツイ,シュミツイ
Twitter有料化デマ,ツイッターユウリョウカデマ
ダブル停学,ダブルテイガク
髪の毛が後退しているのではない。 私が前進しているのである。,カミノケガコウタイシテイルノデハナイ　ワタシガゼンシンシテイルノデアル
めしりだ,メシリダ
ふじょえり,フジョエリ
（……きこえますか…きこえますか…）,キコエマスカ…キコエマスカ
ヒョロー,ヒョロー
リプ,リプ
蝉ドン,セミドン
追いツイ,オイツイ
クラスタフォロー祭り,クラスタフォローマツリ
リムる,リムル
迷惑ツイート,メイワクツイート
ジオタグ,ジオタグ
プロモトレンド,プロモトレンド
ツイッター議員,ツイッターギイン
そのツイット( ‘-^ )b クソワロタです,ソノツイットクソワロタデス
なう民,ナウミン
それな,ソレナ
おったい,オッターイ
呼びタメ,ヨビタメ
ひるほー,ヒルホー
アイエエエ,アイエエエ
アルファツイッタラー,アルファツイッタラー
おはリプ,オハリプ
おやリプ,オヤリプ
ズッ友,ズットモ
ツイ友,ツイトモ
承前,ショウゼン
┌（┌＾o＾）┐ﾎﾓｫ…,ホモオ
うしほー,ウシホー
すてぃる,スティル
ツイッタラー,ツイッタラー
デマッター,デマッター
API規制,エーピーアイキセイ
ツイ減,ツイゲン
飲酒自慢,インシュジマン
くってらー,クッテラー
膝に矢を受けてしまってな…,ヒザニヤヲウケテシマッテナ
フォロリク,フォロリク
リプ蹴り,リプゲリ
パティーン,パティーン
フォロバ,フォロバ
スムニダ,スムニダ
鍵垢,カギアカ
おすすめユーザー,オススメユーザー
lobe,ラブ
ミートテック,ミートテック
鍵付き,カギツキ
なるほどSUNDAYじゃねーの,ナルホドサンデージャネーノ
魚拓,ギョタク
ぽんぺ,ポンペ
この流れなら言える,コノナガレナライエル
緩募,ユルボ
ゆるぼ,ユルボ
テラみどり,テラミドリ
まんべくん,マンベクン
エアリプライ,エアリプライ
マサイった,マサイッタ
ポストマン,ポストマン
空リプ,カラリプ
ノロマッタ,ノロマッタ
ドキがムネムネ,ドキガムネムネ
月よりの使者,ツキヨリノシシャ
まるっと,マルット
ぽんぽんぺいん,ポンポンペイン
空中リプライ,クウチュウリプライ
ふぁぼったー,ファボッター
フォローバック,フォローバック
ヒトカラ,ヒトカラ
オコだよ,オコダヨ
ふじこる,フジコル
ツイ廃、ツイッター廃人,ツイハイ
ほかえり,ホカエリ
空目,ソラメ
非公式RT,ヒコウシキアールティー
ほかる,ホカル
わず,ワズ
ほかあり,ホカアリ
ほかいま,ホカイマ
アレオレ詐欺,アレオレサギ
どいたま,ドイタマ
バカ発見器,バカハッケンキ
どゆこと!?,ドユコト
ぱたり,パタリ
むくり,ムクリ
ツイ飲み,ツイノミ
拡散希望,カクサンキボウ
8888,パチパチパチパチ
赤ふぁぼ,アカファボ
ブロック,ブロック
フォローされている、Followers,フォローサレテイル、フォロワーズ
フォローしている、Following,フォローシテイル、フォローイング
枝る,エダル
via,ビア
プロテクト,プロテクト
ばずる,バズル
にゃぶい,ニャブイ
はてなグループ::ついったー部,ハテナグループツイッターブ
あごー,アゴー
ほかてら,ホカテラ
爆発しろ,バクハツシロ
ヒウィッヒヒー,ヒウィッヒヒー、ツイッター
ついったったー、ついったらー,ツイッタッター、ツイッタラー
粒谷区,ツブヤク
ふぁぼる,ファボル
めしてら,メシテラ
tsudaる,ツダル
片思い、片思われ,カタオモイ、カタワレ
ＴＬ遅い（Time Line遅い）,ティーエル遅い
なるほど四時じゃねーの,ナルホドヨジジャネーノ
リフォロー,リフォロー
だん,ダン
うぃる,ウィル
よるほー,ヨルホー
おはあり、おつあり、おかあり、おやあり,オハアリ、オツアリ、オカアリ、オヤアリ
bot（ボット）,ボット
ツイート,ツイート
QT,キューティー
リアルタイム検索,リアルタイムケンサク
Twitter,ツイッター
フォロワー,フォロワー
フォロー,フォロー
トレンド,トレンド
なう,ナウ
リスト,リスト
リムーブ,リムーブ
リプライ（返信/@）,リプライ、ヘンシン、アット
パブリックタイムライン,パブリックタイムライン
ダイレクトメッセージ（DM）,ダイレクトメッセージ
リツイート,リツイート
メンション,メンション
サスペンド,サスペンド
ハッシュタグ,ハッシュタグ
TL（タイムライン）,タイムライン
ダンコーガイ,ダンコーガイ
ダダ漏れ,ダダモレ
オンデマンド配信,オンデマンドハイシン
ユーストリーム,ユーストリーム
行動ターゲティング広告,コウドウターゲティングコウコク
ディスプレイ広告,ディスプレイコウコク
クライアント,クライアント
メディアレップ,メディアレップ
インプレッションシェア,インプレッションシェア
インタースティシャル広告,インタースティシャルコウコク
リワード広告,リワードコウコク
純広（純広告）,ジュンコウ
アフィニティーカテゴリ,アフィニティーカテゴリ
ハーフページ広告,ハーフページコウコク
カオスマップ,カオスマップ
ROAS,アールオーエーエス
P4P（Pay for Performance）,ピーフォーピー
クリックカウント,クリックカウント
クリック率,クリックリツ
アドサーバー,アドサーバー
CPF（Cost per Fan）,シーピーエフ
インプレッション,インプレッション
バナー広告,バナーコウコク
レクタングル広告,レクタングルコウコク
CPM,シーピーエム
ポップアンダー広告,ポップアンダーコウコク
平均CPC,ヘイキンシーピーシー
ターゲティング配信,ターゲティングハイシン
コンテンツ連動型広告,コンテンツレンドウガタコウコク
コンバージョン数,コンバージョンスウ
コンバージョンレート,コンバージョンレート
クリック履歴,クリックリレキ
CTR,シーティーアール
ヤフる,ヤフル
知恵ノート,チエノート
Yahoo!プレミアム,ヤフープレミアム
Yahoo!ポイント,ヤフーポイント
教えて君,オシエテクン
はてな民,ハテナミン
ホッテントリ,ホッテントリ
はてな市民,ハテナシミン
はてなヘルプ,ハテナヘルプ
週刊はてな,シュウカンハテナ
はてなココ,ハテナココ
はてなグループ::ついったー部,ハテナグループツイッターブ
コーヒー吹いた,コーヒーフイタ
?B,ハテナブックマーク、ハテブ
はてなアンテナ,ハテナアンテナ
はてなダイアリー,はてなダイアリー
人力検索,ジンリキケンサク
はてな,ハテナ
荒らし,アラシ
ダンコーガイ,ダンコーガイ
最終弁当,ファイナルベントウ
はてな告知日記,ハテナコクチニッキ
ジャス民,ジャスミン
KSDD（糞DD、カスDD）,クソディーディー、カスディーディー
eighter,エイター
テンション相葉,テンションアイバ
梨汁ブシャー,ナシジルブシャー
ネトア,ネトア
鮭鮫蝉,シャケサメセミ
エリンギプール,エリンギプール
PPPH,パンパパンヒュー
ノンコタニシ,ノンコタニシ
接触厨,セッショクチュウ
俺足族,オレアシゾク
リトルモンスター,リトルモンスター
ナンジョルノ,ナンジョルノ
神セトリ,カミセトリ
後藤さんの髪の毛茹でたい,ゴトウサンノカミノケユデタイ
なんかわ,ナンカワ
同担,ドウタン
ラブライバー,ラブライバー
ジャニオタ（ジャニーズオタク）,ジャニオタ
5co1,ゴコイチ
dr期（デレ期）,デレキ
ナマタ,ナマタ
アスミス,アスミス
立ち最,タチサイ
DD（誰でも大好き）,ディーディー
オドリスト,オドリスト
フリコピ,フリコピ
ピンチケ,ピンチケ
単推し,タンオシ
ももち,モモチ
ケチャる,ケチャル
０ズレ,ゼロズレ
推し変,オシヘン
ハロコン,ハロコン
モモノフ,モモノフ
チビノフ,チビノフ
おまいつ,オマイツ
推しジャンプ,オシジャンプ
エーイング,エーイング
握手乞食,アクシュコジキ
無限回収,ムゲンカイシュウ
干されメン,ホサレメン
もはやワロタレベルではない,モハヤワロタレベルデハナイ
オリキ,オリキ
歴ドル,レキドル
ゴトゥーザ様,ゴトゥーザサマ
バーチャルアイドル,バーチャルアイドル
あいなま,アイナマ
モノノフ,モノノフ
カツン,カツン
ももクロ,モモクロ
nkskのくせに,エヌケーエスケーノクセニ
nksk,エヌケーエスケー
オラヲタ,オラヲタ
ロコアイドル,ロコアイドル
やすす,
ラミミ,ラミミ
イラドル,イラドル
平嶋夏海,ヒラジマナツミ
オリメン,オリメン
初期メン,ショキメン
ystk（中田ヤスタカ）,ワイエスティーケー、ヤスタカ
ksyk（樫野有香）,ケーエスワイケー、カシユカ
全ステ,ゼンステ
推しメン,オシメン
アラシック,アラシック
閃ブレ,センブレ
リンク元,リンクモト
生ログ,ナマログ
トラッキング,トラッキング
EFO,イーエフオー
アクセス解析,アクセス解析
滞在時間,タイザイジカン
離脱率,リダツリツ
新規セッション率,シンキセッションリツ
直帰率,チョッキリツ
セッション,セッション
PV,ピーブイ
ユニークユーザー,ユニークユーザー
ページビュー,ページビュー
重いコンダラ,オモイコンダラ
エンゼル体操,エンゼルタイソウ
カプ麺,カプメン
バニッシュメントディスワールド,バニッシュメントディスワールド
専門はバックです,センモンハバックデス
腹から声出せ！⇒やればできるじゃねーか！,ハラカラコエダセ　ヤレバデキルジャネーカ
俺はフリーしか泳がない,オレハフリーシカオヨガナイ
カーニバルだよ(蒼き鋼のアルペジオ),カーニバルダヨ
かしこまっ！,カシコマッ
もっ先,モッサキ、モッセン
チャー研,チャーケン
異能生存体,
クレイジーサイコレズ,クレイジーサイコレズ
ガガントス,ガガントス
前しっぽ,マエシッポ
精神攻撃は基本,セイシンコウゲキハキホン
＼(^o^)＞ﾊｯﾋﾟｰﾊｯﾋﾟｶﾞｰ＜(^o^)／,ハッピーハッピガー
ギョポーン,ギョポーン
ナイムネンタープライズ,ナイムネンタープライズ
支店を板に吊るしてギリギリ太るカレーセット,シテンヲイタニツルシテギリギリフトルカレーセット
おい、デュエルしろよ,オイデュエルシロヨ
スターライトブレイカー,スターライトブレイカー
テラ子安,テラコヤス
うんめーにゃー,ウンメーニャー
しびれるねぇ,シビレルネェ
シャフト演出,シャフトエンシュツ
テイマー,テイマー
ヤマカン,ヤマカン
ランサーが死んだ!この人でなし!,ランサーガシンダコノヒトデナシ
反重力スカート,ハンジュウリョクスカート
バンダイカーン,バンダイカーン
捻デレ,ヒネデレ
貴様反撃かああああ,キサマハンゲキカアアアア
パインサラダ,パインサラダ
俺が結婚してやんよ,オレガケッコンシテヤンヨ
ドゥンドゥンやろうじゃねぇか!,ドゥンドゥンヤロウジャネェカ
キュアバーロー,キュアバーロー
あんた、セーラー服は無理がねーか?,アンタセーラーフクハムリガネーカ
全速前進DA,ゼンソクゼンシンダ
独りぼっちは、寂しいもんな,ヒトリボッチハ サビシイモンナ
もうお前ら結婚しろ,モウオマエラケッコンシロ
たなびたいことがあるんだ,タナビタイコトガアルンダ
ニンゲンヤメマスカ?,ニンゲンヤメマスカ
知らんな,シランナ
どうせみんないなくなる,ドウセミンナイナクナル
ぴょんなんて,ピョンナンテ
不愉快です,フユカイデス
お前の勝手なイメージを押し付けるな!,オマエノカッテナイメージヲオシツケルナ
ピュエラ・マギ・ホーリー・クインテット,ピュエラマギホーリークインテット
攻略組,コウリャクグミ
ビーター,ビーター
ゴルゴムの仕業,ゴルゴムノシワザ
ボンクラーズ,ボンクラーズ
ダイナミックお邪魔します,ダイナミックオジャマシマス
やキ神,ヤキカミ
一人でやれば問題なかろう,ヒトリデヤレバモンダイナカロウ
三文字作画、三文字アニメ,サンモジサクガ、サンモジアニメ
読める！読めるぞ！！,ヨメル ヨメルゾ
SAO,サオ、ソードアートオンライン
水着回,ミズギカイ
眼鏡が本体,メガネガホンタイ
心のダム,ココロノダム
生きろ、そなたは美しい,イキロ ソナタハウツクシイ
それと便座カバー,ソレトベンザカバー
オコノミスト,オコノミスト
栗みたいな口しやがって,クリミタイナクチシヤガッテ
全自動卵割り機,ゼンジドウタマゴワリキ
津田ネキ,ツダネキ
NISSANコンビ,ニッサンコンビ
＼(・ω・＼)SAN値!(／・ω・)／ピンチ!,サンチ ピンチ
ﾑﾘﾀﾞﾅ(・×・),ムリダナ
プラチナむかつく,プラチナムカツク
ニワカは相手にならんよ,ニワカハアイテニナランヨ
半信半疑あっちこっち,ハンシンハンギアッチコッチ
ノーカン！ノーカン！,ノーカン ノーカン
しゃーなしだな！,シャーナシダナ
わけがわからないよ,ワケガワカラナイヨ
脳コメ,ノウコメ
勇しぶ。,ユウシブ
にゃんぱすー,ニャンパスー
エレクトロプロトコルコード,エレクトロプロトコルコード
院長、あなたは狂っているんだ！,インチョウ アナタハクルッテイルンダ
へちょ顔,ヘチョガオ
オリスト,オリスト
痛ネイル,イタネイル
アニめし,アニメシ
アニオリ,アニオリ
バニッシュメント・ディス・ワールド,バニッシュメント　ディス　ワールド
ワクドナルド,ワクドナルド
ハサミ枠,ハサミワク
まどっち,マドッチ
私にいい考えがある,ワタシニイイカンガエガアル
萌え袖,モエソデ
萌え萌えキュン,モエモエキュン
ござるの巻,ゴザルノマキ
ぶるぁ,ブルァ
ゲス顔,ゲスガオ
まれいたそ,マレイタソ
常おこ,ツネオコ
ツンギレ,ツンギレ
鬼畜こけし,キチクコケシ
40秒で支度しな,ヨンジュウビョウデシタクシナ
タイトル回収,タイトルカイシュウ
このお礼はいずれ精神的に,コノオレイハイズレセイシンテキニ
グリリバ,グリリバ
金朋地獄,カネトモジゴク
イベチケ,イベチケ
あびゃー,アビャー
アニプレ,アニプレ
愛され枠,アイサレワク
ちっちゃくないよ,チッチャクナイヨ
ゲンドウポーズ,ゲンドウポーズ
ゲロイン,ゲロイン
熱膨張って知ってるか？,ネツボウチョウッテシッテルカ
速さが足りない,ハヤサガタリナイ
俺は俺の味方です,オレハオレノミカタデス
ウィッチに不可能はない,ウィッチニフカノウハナイ
ワタモテ（私がモテないのはどう考えてもお前らが悪い!）,ワタモテ
男女平等パンチ,ダンジョビョウドウパンチ
うわへへ,ウワヘヘ
しかも脳波コントロールできる,シカモノウハコントロールデキル
飛ばねぇ豚はただの豚だ,ドバネエブタハタタノブタダ
私はたぶん3人目だと思うから,ワタシハタブンサンニンメダトオモウカラ
えっちなのはいけないと思います,エッチナノハイケナイトオモイマス
チャンスは最大限に生かす、それが私の主義だ,チャンスハサイダイゲンニイカス、ソレガワタシノシュギダ
まだだ、たかがメインカメラをやられただけだ,マダダ、タカガメインカメラヲヤラレタダケダ
悔しいでしょうねぇ,クヤシイデショウネェ
ftmm,フトモモ
マセデレ,マセデレ
NAYUTA買い,ナユタガイ
ちょろイン,チョロイン
やっはろー,ヤッハロー
千葉のマッドシティ,チバノマッドシティ
なぜ飛ばしたし,ナゼトバシタシ
ATフィールド,エーティーフィールド
テコ入れ回,テコイレカイ
ヒェア!ヒェア!,ヒェア ヒェア
少し頭冷やそうか,スコシアタマヒヤソウカ
お茶目キャラ,オチャメキャラ
スーパーウルトラグレートデリシャスワンダフルやばい,スーパーウルトラグレートデリシャスワンダフルヤバイ
ありがとう！そして、ありがとう！,アリガトウ　ソシテアリガトウ
オッドアイ,オッドアイ
テーレッテー,テーレッテー
ソロモンよ！私は帰ってきた!,ソロモンヨ　ワタシハカエッテキタ
偉い人にはそれがわからんのですよ,エライヒトニハソレガワカランノデスヨ
さすがゴッグだ、なんともないぜ！,サスガゴッグダ、ナントモナイゼ
僕がトイレさ,ボクガトイレサ
イメージしろ,イメージシロ
調子に乗っちゃダメー,チョウシニノッチャダメー
かみまみた,カミマミタ
まるで意味がわからんぞ！,マルデイミガワカランゾ
不動遊星,フドウユウセイ
作画兵団,サクガヘイダン
乳酸菌摂ってるぅ?,ニュウサンキントッテルゥ
ストパン,ストパン
島根にパソコンなんてあるわけないじゃん,シマネニパソコンナンテアルワケナイジャン
リリカル,リリカル
おもしろカッコイイぜ！,オモシロカッコイイゼ
くぎゅ,クギュ
やだもー,ヤダモー
パヤオ,パヤオ
エレンゲリオン,エレンゲリオン
メタファー,メタファー
っべー,ッベー
板野サーカス,イタノサーカス
アイキャッチ,アイキャッチ
メタ発言,メタハツゲン
ソウルジェム,ソウルジェム
神作画,カミサクガ
BD,ビーディー
IMPC（Integrated Maneuver Propultion Control）,アイエムピーシー
「解せぬ」,ゲセヌ
ケンカップル,ケンカップル
ケンチャナヨ作画,ケンチャナヨサクガ
紙装甲,カミソウコウ
カクカクする,カクカクスル
ボーイミーツガール,ボーイミーツガール
サムゲタン騒動,サムゲタンソウドウ
ジェットストリームアタック,ジェットストリームアタック
ブヒ枠,ブヒワク
シャフ度,シャフド
シンクロ率,シンクロリツ
納豆ミサイル,ナットウミサイル
ポチっとな,ポチットナ
アホの子,アホノコ
こしこしこし,コシコシコシ
イカちゃん,イカチャン
パヤパヤ,パヤパヤ
キャベツ,キャベツ
5分アニメ,ゴフンアニメ
ガルパン（ガールズ＆パンツァー）,ガルパン
ﾐﾎﾀﾞﾖｰ,ﾐﾎﾀﾞﾖｰ
モリ!┌(^o^)┘,モリ
こしこしこし,コシコシコシ
ジャイアニズム,ジャイアニズム
ピカニキ,ピカニキ
きみはじつにばかだな,キミハジツニバカダナ
エスカリボルグ,エスカリボルグ
マッドサイエンティスト,マッドサイエンティスト
ハナザーさん,ハナザーサン
めけーも,メケーモ
地味子,ジミコ
残テ（残酷な天使のテーゼ）,ザンテ
ヤシマ作戦,ヤシマサクセン
フラグクラッシャー,フラグクラッシャー
一級フラグ建築士,イッキュウフラグケンチクシ
ヤムチャしやがって,ヤムチャシヤガッテ
エンドレスエイト,エンドレスエイト
グゥレイト,グゥレイト
ご存知ないのですか！？,ゴゾンジナイノデスカ
アテレコ,アテレコ
お前ら人間じゃねぇ!,オマエラニンゲンジャネエ
あかなんとかさん,アカナントカサン
ガンボー,ガンボー
ごらく部,ゴラクブ
ポリアンナ症候群,ポリアンナショウコウグン
盛るぜぇ～超盛るぜぇ～,モルゼーチョウモルゼー
そのうーうー言うのをやめなさい!,ソノウーウーイウノヲヤメナサイ
えるたそ～,エルタソ
低周波サンダー,テイシュウハサンダー
メル画,メルガ
ユニゾンアタック,ユニゾンアタック
無気力クール,ムキリョククール
キラッ,キラッ
ジャッジメントですの,ジャッジメントデスノ
チャドの霊圧が消えた,チャドノレイアツガキエタ
レイニー止め,レイニードメ
今のはメラゾーマでは無い…メラだ…,イマノハメラゾーマデハナイ　メラダ
こいつ動くぞ,コイツウゴクゾ
アキラメロン,アキラメロン
原作厨,ゲンサクチュウ
一体みんな誰と戦っているんだ,イッタイミンナダレトタタカッテイルンダ
見なかったことにしよう,ミナカッタコトニシヨウ
つまんねー事聞くなよ！,ツマンネーコトキクナヨ
当たらなければどうということはない,アタラナケレバドウトイウコトハナイ
三分間待ってやる！,サンプンカンマッテヤル
湯気アニメ,ユゲアニメ
あんたヴァカァ？,アンタヴァカァ
種厨,タネチュウ
認めたくないものだな,ミトメタクナイモノダナ
mktn,ミキタン
13kmや,ジュウサンキロヤ
豆腐メンタル,トウフメンタル
フタエノキワミ,フタエノキワミ
うおっまぶし,ウオッマブシ
マミマミスト,マミマミスト
ばっちゃが言ってた,バッチャガイッテタ
サニキ,サニキ
あ、主人公,ア、シュジンコウ
出たな！資本主義の犬め！,デタナシホンシュギノイヌメ
だぜっ娘,ダゼッコ
キモウト,キモウト
素直クール,ジッチョククール
クーデレ,クーデレ
淫乱ピンク,インランピンク
Anotherなら死んでた,アナザーナラシンデタ
円環の理,エンカンノコトワリ
かがみん,カガミン
痛絵馬,イタエマ
ウェヒヒヒ,ウェヒヒヒ
ティロ・フィナーレ,ティロフィナーレ
もうやめて、○○のライフはゼロよ,モウヤメテ、ノライフハゼロヨ
OAD,オーエーディー
ゴキにゃん,ゴキニャン
あるぇ〜？(・3・),アルエー
24クール,ニジュウヨンクール
ひなだお!,ヒナダオ
資本主義の犬,シホンシュギノイヌ
インなんとかさん,インナントカサン
パパ聞き,パパキキ
ピカピカピカリン じゃんけんポン！,ピカピカピカリン ジャンケンポン
あえて言おう,アエテイオウ
釘宮病,クギミヤビョウ
キルミーベイベー,キルミーベイベー
シスプリ,シスプリ
ハーレムアニメ,ハーレムアニメ
ガンプラ,ガンプラ
鉄壁スカート,テッペキスカート
終わる終わる詐欺,オワルオワルサギ
いい最終回だった,イイサイシュウカイダッタ
うぐぅ,ウグゥ
ちゃんみおスペシャル,チャンミオスペシャル
わさわさ,ワサワサ
ひよっち,ヒヨッチ
笑えばいいと思うよ,ワラエバイイトオモウヨ
逃げちゃダメだ、逃げちゃダメだ,ニゲチャダメダ、ニゲチャダメダ
真実はいつもひとつ,シンジツハイツモヒトツ
ラッキースケベ,ラッキースケベ
ぐぬぬ,グヌヌ
くぎゅう,クギュ
マミる,マミル
百合ップル,ユリップル
アニサマ,アニサマ
ブンドド,ブンドド
画伯,ガハク
超ジャージ部魂,チョウジャージブダマシイ
まるっ!,マルッ
強いられているんだ!,シイラレテイルンダ
あきらめたらそこで試合終了,アキラメタラソコデシアイシュウリョウ
速さが足りない,ハヤサガタリナイ
声豚,セイトン、コエブタ
声オタ（声優オタク）,セイオタ
たくあん,タクアン
えっちなのはいけないと思います,エッチナノハイケナイトオモイマス
禁則事項,キンソクジコウ
サザエさん時空,サザエサンジクウ
あゆみターボ,アユミターボ
アフィ物語,アフィモノガタリ
ステマギ,ステマギ
ねんどろいど,ネンドロイド
脳勃起,ノウボッキ
ほむほむ,ホムホム
ハガレン,ハガレン
夢オチ,ユメオチ
リミテッドアニメーション,リミテッドアニメーション
しゅが美,シュガミ
私の戦闘力は53万です,ワタクシノセントウリョクハゴジュウサンマンデス
らき☆すた,ラキスタ
打ち切り,ウチキリ
ペロリスト,ペロリスト
ヤッテヤルデス,ヤッテヤルデス
あずにゃんぺろぺろ,アズニャンペロペロ
泉こなた,イズミコナタ
たゆんたゆん,タユンタユン
かわいいは正義,カワイイハセイギ
許してヒヤシンス,ユルシテヒヤシンス
みかしー,ミカシー
バルス,バルス
僕と契約して、○○になってよ!,ボクトケイヤクシテ○○ニナッテヨ
シャンバリーレ,シャンバリーレ
まっがーれ,マッガーレ
ぬるぬる動く,ヌルヌルウゴク
エル・プサイ・コングルゥ,エルプサイコングルゥ
＼ｱｯｶﾘ～ﾝ／,アッカリーン
あずにゃん,アズニャン
ガノタ,ガノタ
うんたん,ウンタン
ファビュラスマックス,ファビュラスマックス
ハイジ,ハイジ
あのね商法,アノネショウホウ
セカイ系,セカイケイ
２.５次元,ニテンゴジゲン
判子絵,ハンコエ
「節子！それ○○とちゃう！△△や！！」,
BBA,ババア
てへぺろ,テヘペロ
はがない,ハガナイ
Nice boat.,ナイスボート
かっとビング,カットビング
ふんす！,フンス
自重しろ,ジチョウシロ
バーロー,バーロー
作画崩壊,サクガホウカイ
ウッドキューブ,ウッドキューブ
トゥットゥルー,トゥットゥルー
ドッピオ,ドッピオ
アホ毛,アホゲ
マジ天使,マジテンシ
QB(キュゥべぇ),キュウベエ
ぬかしおる,ヌカシオル
もきゅもきゅ,モキュモキュ
萌え豚,モエブタ
ブヒる,ブヒル
黒歴史,クロレキシ
マダオ,マダオ
スラマッパギ,スラマッパギ
キマシタワー！！！,キマシタワー
アッー！,アッー
ずっと俺のターン,ズットオレノターン
顎アニメ,アゴアニメ
ヤシガニアニメ,ヤシガニアニメ
二次コン,ニジコン
○ー○ー○ー○,セーラームーン
痛い,イタイ
痛車,イタシャ
モブキャラ,モブキャラ
中の人,ナカノヒト
ホビロン,ホビロン
黒化、黒姫化,クロカ
白化、白姫化,
トレンドアフィリエイト,トレンドアフィリエイト
自動承認,ジドウショウニン
ライフタイムコミッション,ライフタイムコミッション
単独リンクスタッフ,タンドクリンクスタッフ
自己アフィリ,ジコアフィリ
ペイパーコール,ペイパーコール
infotop,インフォトップ
サーチボックス型広告,サーチボックスガタコウコク
ツーティアプログラム,ツーティアプログラム
ライフタイムコミッション,ライフタイムコミッション
コミッション,コミッション
サブピグ,サブピグ
個通,コツウ
イケカワ,イケカワ
Amebaグルっぽ,アメーバグルッポ
アメンバー,アメンバー
アメ児,アメジ
カジノバグ,カジノバグ
P彼,ピーカレ
ブ━━━━∵;（;:゜:鑾;゜;，）;:∵━━━ッ!!,ブー
ピグテレビ,ピグテレビ
渋谷１０６,シブヤイチマルロク
うさみみハリケーン,ウサミミハリケーン
イキ申,イキシン
タヒる、タヒれ、タヒね,タヒル
ピグライフ,ピグライフ
オフィシャルピグ,オフィシャルピグ
ピグ彼氏・彼女,ピグカレシ、ピグカノジョ
アルピグ,アルピグ
ガチャ,ガチャ
課金アクション,カキンアクション
アメショップ,アメショップ
部活,ブカツ
ヌシコナーズ,ヌシコナーズ
はらぺこアメきゃっち,ハラペコアメキャッチ
アメーバピグ,アメーバピグ
アメ,アメ
ピグとも,ピグトモ
きたよ,キタヨ
グッピグ,グッピグ
アメゴールド,アメゴールド
プレミアムサービス,プレミアムサービス
レシピコンテスト,レシピコンテスト
MYキッチン,マイキッチン
最近見たレシピ,サイキンミタレシピ
話題のレシピ,ワダイノレシピ
ごはん日記,ゴハンニッキ
クックパッドID,クックパッドアイディー
モバれぴ,モバレビ
つくれぽ,ツクレポ
クックパッド,クックパッド
リーダー,リーダー
低レベルオロチ,
新無限回廊,
天海神,アマワタツミ
ガードブレイク,
ロックオン,
確定ドロップ,
ラスゴ（ラース・オブ・ゴッド）,ラスゴ
強敵マーク,
テンプレパ,
ドロ強（ドロップ強化）,ドロキョウ
両マ,リョウマ
レベルマ,レベルマ
オーガシステム,オーガシステム
エンハンス,エンハンス
赤龍喚士・ソニア,セキリュウカンシソニア
テクニカルダンジョン,テクニカルダンジョン
チームコスト,チームコスト
友情ポイント,ユウジョウポイント
友情ガチャ,ユウジョウガチャ
卵換算,タマゴカンサン
背骨,セボネ
強化合成用モンスター,キョウカゴウセイヨウモンスター
究極進化,キュウキョクシンカ
玩具龍,ガングリュウ
エラー番号：1,エラーバンゴウイチ
242、224,ニーヨンニ、ニーニーヨン
金パール,キンパール
ムラコレ,ムラコレ
ゲリラダンジョン,ゲリラダンジョン
トパリット,トパリット
盾枠,タテワク
さいかわパ,ワイカワパ
CTW（チェンジザワールド）,チェンジザワールド
麒麟パ,キリンパ
レアガチャ,レアガチャ
プラス卵,プラスタマゴ
イシスパ,イシスパ
ホルスパ,ホルスパ
ステッカー娘,ステッカームスメ
武者武者鞄,ムシャムシャカバン
青おでん,アオオデン
ホルスパ,ホルスパ
ND（ノーマルダンジョン）,エヌディー
ポカポカ運営,ポカポカウンエイ
CDK,シーディーケー
ノマダン,ノマダン
ゴッフェス,ゴッフェス
カラメタ,カラメタ
ゴルドラ,ゴルドラ
ＳＳＮＯＳＮ（スサノオさん）,スサノオサン
チョキメタ,チョキメタ
ドラパ,ドラパ
石ジャブ,イシジャブ
1ラッシュ,イチラッシュ
両max,リョウマックス
そ運ゴ（それは運が悪過ぎゴメンなさい）,ソウンゴ
スキルマ（スキルレベルMAX）,スキルマ
虹クリパ,ニジクリパ
ムラコ,ムラコ
1色パ,イッショクパ
緑おでん,ミドリオデン
ターン被り,ターンカブリ
リセマラ,リセマラ
ぶっさwコミュ抜けるわw（ぶっコ抜）,ブッサ コミュヌケルワ
流れ変わったな,ナガレカワッタナ
ナンにでも合う,ナンニデモアウ
テラ豚丼騒動,テラブタドンソウドウ
興味コーヒー,キョウミコーヒー
多分これが一番早いと思います,タブンコレガイチバンハヤイトオモイマス
ドンダバ☆デンデン☆ヌケヌケドン,ドンダバ デンデン ヌケヌケドン
まいるこれはまいるー,マイルコレハマイルー
手の込んだ手抜き,テノコンダテヌキ
俺だーｯ！結婚してくれー！,オレダーッ ケッコンシテクレー
(◕‿‿◕)僕を右クリックして、コピーしてよ,ボクヲミギクリックシテコピーシテヨ
HA☆NA☆SE,ハナセ
SAN値直葬,サンチチョクソウ
んｃ,ナイスカット
プレ垢,プレアカ
ktzw3,キタザワサン
そんなことよりおうどんたべたい,ソンナコトヨリオウドンタベタイ
やべぇよ・・・やべぇよ・・・,ヤベエヨ　ヤベエヨ
クルルァ,クルルァ
イカカワイイデス,イカカワイイデス
カゲプロ,カゲプロ
タノシソウダネ,タノシソウダネ
タグ理解,タグリカイ
弱音ハク,ヨワネハク
リッチャンハカワイイデスヨ,リッチャンハカワイイデスヨ
おやすみ世界,オヤスミセカイ
病院が来い,ビョウインガコイ
恥ずかシロナ,ハズカシロナ
ここに建てた病院が逃げた,ココニタテタビョウインガニゲタ
仕方ないね,シカタナイネ
さとり教育,サトリキョウイク
ドタバタジャンゴ,ドタバタジャンゴ
お前らの愛で見えない,オマエラノアイデミエナイ
2窓,ニマド
スカチャ（スカイプチャット）,スカチャ
囲い厨,カコイチュウ
なんということをしてくれたのでしょう,ナントイウコトヲシテクレタノデショウ
ミラー放送,ミラーホウソウ
小並感（こなみかん）,コナミカン
ちくらん,チクラン
誤算家,ゴサンケ
ＩＫＺＯ,イクゾー
ptpt,プツプツ
えんちょつ,エンチョツ
ニコラー,ニコラー
みえ,ミエ
ドナ厨（ドナルド厨）,ドナチュウ
違和感仕事しろ,イワカンシゴトシロ
NG推奨,エヌジースイショウ
初見さんいらっしゃい,ショケンサンイラッシャイ
試されすぎた大地、北海道,タメサレスギタダイチ、ホッカイドウ
ヘッドホン推奨,ヘッドホンスイショウ
もっと評価されるべき,モットヒョウカサレルベキ
歌い手,ウタイテ
三倍アイスクリーム,サンバイアイスクリーム
作者は病気,サクシャハビョウキ
ここに病院を建てよう,ココニビョウインヲタテヨウ
うぽつ,ウポツ
野生のプロ,ヤセイノプロ
ボカロP,ボカロピー
そうだよ(便乗),ソウダヨ　カッコビンジョウ
重杉,オモスギ
Amazon芸,アマゾンゲイ
ンギモッヂイイ,ンギモッヂイイ
うにゃんずうぇい,ウニャンズウェイ
サムネホイホイ,サムネホイホイ
三次元終了,サンジゲンシュウリョウ
鼻亀,ハナカメ
zipでくれ,ジップデクレ
すーぱーそに子,スーパーソニコ
耳コピ,ミミコピ
(　ﾟ∀ﾟ)o彡゜えーりん！えーりん！,エーリン、エーリン
ボカロ,ボカロ
NG共有機能,エヌジーキョウユウキノウ
立て逃げ,タテニゲ
リアジュボーン,リアジュボーン
ハスハス///,ハスハス
hshs,ハスハス
ぐう聖,グウセイ
ふぅ…,フウ
SAN値,サンチ
うらやまけしからん、うらやましからん,ウラヤマケシカラン
アイマス,アイマス
ホラリラロ,ホラリラロ
ガチムチ,ガチムチ
大丈夫だ、問題ない,ダイジョウブダ、モンダイナイ
そんな装備で大丈夫か？,ソンナソウビデダイジョウブカ
萌え豚,モエブタ
ニコ割,ニコワリ
グランピィじいさん,グランピィジイサン
１８４,いやよ
ニコニコ市場,ニコニコイチバ
tmt,ティーエムティー、トマト、トマッタ
ＢＳＰ,バック・ステージ・パス
生主,なまぬし
ニコニコ生放送,ニコニコナマホウソウ
時報女,ジホウオンナ
時報,ジホウ
作業用ＢＧＭ,サギョウヨウビージーエム
わこつ,ワコツ
ちょｗｗｗおまｗｗｗｗ,チョ、オマ
はちゅねミク,ハチュネミク
エアーマンが倒せない,エアーマンガタオセナイ
びゃあ゛ぁ゛゛ぁうまひぃ゛ぃぃ゛,ビャアウマイイ
ニコレポ,ニコレポ
ウォッチリスト,ウォッチリスト
ピコカキコ,ピコカキコ
釣り,ツリ
大事なことなので２回言いました,ダイジナコトナノデニカイイイマシタ
王国民,オウコクミン
ニコ厨,ニコチュウ
ランランルー,ランランルー
ﾉｼ,不明
中の人,ナカノヒト
胸が熱くなるな、胸熱,ムネガアツクナルナ、ムネアツ
弾幕,ダンマク
コーヒー吹いた,コーヒーフイタ
電波ソング,デンパソング
空耳,ソラミミ
歪みねぇな,ユガミネエナ
才能の無駄遣い,サイノウノムダヅカイ
凸、電凸,トツ、デントツ
ふつくしい,フツクシイ
ティウンティウン,ティウンティウン
混ぜるな危険,マゼルナキケン
自宅警備員,ジタクケイビイン
マインドクラッシャー,マインドクラッシャー
アク禁,アクキン
かぐし,ヤシ
教えて君,オシエテクン
FA,エフエー、ファイナルアンサー
公開レベル,コウカイレベル
オフ会,オフカイ
荒らし,アラシ
MADムービー（マッドムービー）,マッドムービー
オタギレ,オタギレ
ファビョる（火病る）,ファビョル
うp,ウプ、アップ
クンカクンカ,クンカクンカ
血だまりスケッチ,チダマリスケッチ
ヤンデレ,ヤンデレ
ピストン矢口,ピストンヤグチ
でもお前ハゲじゃん,デモオマエハゲジャン
メシマズ嫁,メシマズヨメ
ワープア（ワーキングプア）,ワープア
デスペコリ,デスペコリ
チキン肌,チキンハダ
痛メン,イタメン
ソリタリー性質,ソリタリーセイシツ
OS娘,オーエスムスメ
ペアネ,ペアネ
キャプる,キャプル
フレッツ闇,フレッツヤミ
最THE高,サイコウ
メイクイットパッスィボゥ,メイクイットパッスィボゥ
LJK（ラスト女子高生）,エルジェイケー
養分,ヨウブン
産廃,サンパイ
サジェスト汚染,サジェストオセン
1hyde,イチハイド
でぶ活,デブカツ
縦セタ,タテセタ
ライト層、ライトユーザー,ライトソウ
財団B,ザイダンビー
キモヲタ凝縮しろ,キモヲタギョウシュクシロ
小坂ゾーン,コサカゾーン
逆コナン,ギャクコナン
前作割れ,ゼンサクワレ
毎日がエブリデイ,マイニチガエブリデイ
ダイナミック帰宅,ダイナミックキタク
bio,バイオ
モイ！,モイ
ペナン島,ペナントウ
レコーディングに行ってきます,レコーディングニイッテキマス
興味コーヒー,キョウミコーヒー
無駄に洗練された無駄のない無駄な動き,ムダニセンレンサレタムダノナイムダナウゴキ
U吉,ユキチ
ウォーター(ヲーター),ウォーター
コメスクショ,コメスクショ
…もう…やめちゃってもいい…かなァ…人生,モウヤメチャッテモイイカナァジンセイ
電子の妖怪（ミクダヨー）,デンシノヨウカイ
サードブロガー,サードブロガー
デュフフww,デュフフ
アツゥイ！,アツゥイ
ありがとナス！,アリガトナス
ワロローン,ワロローン
〇〇な件について,ナケンニツイテ
マジレスすると,マジレススルト
鯖落ち,サバオチ
金コマ,カネコマ
アシタカラホンキダス,アシタカラホンキダス
イミフナズン,イミフナズン
おともだちパンチ,オトモダチパンチ
こたつむり,コタツムリ
どういうことなの・・・,ドウイウコトナノ
お前のような病人がいるか,オマエノヨウナビョウニンガイルカ
我、嵐ぞ?,ワレアラシゾ
これは期待せざるを得ない,コレハキタイセザルヲエナイ
愛なら仕方ない,アイナラシカタナイ
もふりたい,モフリタイ
歩く18禁,アルクジュウハチキン
三人で結婚しろ,サンニンデケッコンシロ
バカワイイ,バカワイイ
これあかんやつや,コレアカンヤツヤ
さやかわいい,サヤカワイイ
変態という名の紳士,ヘンタイトイウナノシンシ
バ俺婚,バオレコン
楽しそうで何よりです,タノシソウデナニヨリデス
チーッス,チーッス
ボインボイン姉貴,ボインボインアネキ
NL,エヌエル
ババア結婚してくれ,ババアケッコンシテクレ
サブ垢,サブアカ
ネタプレイ,ネタプレイ
力こそパワー,チカラコソパワー
片栗粉X,カタクリコエックス
サイレント魔女リティ,サイレントマジョリティ
垢消し,アカケシ
多重起動,タジュウキドウ
AC付き,エーシーツキ
サムネバイバイ,サムネバイバイ
キルレシオ,キルレシオ
明け方マジック,アケガタマジック
アンチクラスタ,アンチクラスタ
愛を感じる,アイヲカンジル
nrkr,ナリキリ
あざとかわいい,アザトカワイイ
ギャプッ！ギャプッ！クソワロタ！,ギャプッ ギャプッ クソワロタ
だったら壁にでも話してろよ,ダッタラカベニデモハナシテロヨ
yhrks,ヤフレカス
ksnm,クソネミ
塩顔男子,シオガオダンシ
ここテン,ココテン
ピーパッパッパラッポゥ,ピーパッパッパラッポゥ
フォトショ詐欺,フォトショサギ
辞める辞める詐欺,ヤメルヤメルサギ
残念なイケメン,ザンネンナイケメン
絶対許早苗,ゼッタイユルサナエ
夢絵,ドリームエ
手の込んだ手抜き,テノコンダテヌキ
逝っとけダイヤ,イットケダイヤ
俺TUEEEE,オレツエー
あざとい,アザトイ
いいゾ～これ,イイゾーコレ
イメ操,イメソウ
雑コラ,ザツコラ
犬の卒倒,イヌノソットウ
これ豆な,コレマメナ
は？(威圧),ハ
ｸｿﾜﾛ太鼓ﾄﾞﾝﾄﾞﾝwwww,クソワロタイコドンドン
ゴラムゴラム,ゴラムゴラム
24する,ツーホースル
後でしょ！,アトデショ
コスROM,コスロム
それは仕様です,ソレハシヨウデス
エアろくろ,エアロクロ
スル女,スルメ
KBTIT,クボタイト
スライディング土下座,スライディングドゲザ
勝ちチラ,カチチラ
摂神追桃,セッシンオウトウ
ネガキャン（ネガティブキャンペーン）,ネガキャン
パソ婚,パソコン
集合汁,シュウゴウシル
マジコマ,マジコマ
エゴサ厨,エゴサチュウ
人力VOCALOID,ジンリキボーカロイド
スペ体質／スペランカー体質,スペタイシツ
ポインヨ,ポインヨ
えんだあぁぁぁぁぁ,エンダァァァァァァ
なりきりチャット／なりチャ,ナリキリチャット
私得,ワタシトク
ッターン,ッターン
ファンディスク,ファンディスク
さいつよ（最強）,サイツヨ
FJK,エフジェーケー
日西す,サラス
アンチコメント,アンチコメント
ppl,ピーピーエル
WTG,ウェイトゥーゴー
ジュリエットメール,ジュリエットメール
最後に殺すと約束したな。あれは嘘だ,サイゴニコロストヤクソクシタナ　アレハウソダ
スーパー弟タイム,スーパーオトウトタイム
シリアル展開,シリアルテンカイ
人生ハードモード,ジンセイハードモード
ローアングラー,ローアングラー
尼ラン（アマラン）,アマラン
通常運行,ツウジョウウンコウ
どうしてイレギュラーは発生するんだろう?,ドウシテイレギュラーハハッセイスルンダロウ
95割／95割はゆとり,キュウジュウゴワリ
ボカロクラスタ,ボカロクラスタ
in減,インゲン
豚切り,ブッタギリ
お口ミッフィー,オクチミッフィー
ペコキュー,ペコキュー
PGなう（ペア画なう）,ピージーナウ
病み期,ヤミキ
けしからんもっとやれ,ケシカランモットヤレ
彼女なんて都市伝説,カノジョナンテトシデンセツ
誤字ラー,ゴジラー
うp主失踪,ウプヌシシッソウ
男女兼用でございます,ダンジョケンヨウデゴザイマス
ROFL（Rolling on the floor laughing）,アールオーエフエル
セレブニート,セレブニート
ちょっとグーパンチで殴っていいかな,チョットグーパンチデナグッテイイカナ
イケニート,イケニート
エゴサ回避,エゴサカイヒ
ニラヲチ,ニラヲチ
バクスン,バクスン
クロネコ男子,クロネコダンシ
オフトゥン,オフトゥン
グゲギャン,グゲギャン
ダイレクト就寝,ダイレクトシュウシン
114514,イイヨコイヨ
垢デリ,アカデリ
下手しい,ヘタシイ
カフェインハイ,カフェインハイ
涙目,ナミダメ
2828,ニヤニヤ
（白目）,シロメ
チハたん,チハタン
ふてこい,フテコイ
パラヒキニート,パラヒキニート
アンソロジー,アンソロジー
おながいします,オナガイシマス
どうあがいても絶望,ドウアガイテモゼツボウ
ぐふふ,グフフ
ぐへへ,グヘヘ
一つ目萌え,ヒトツメモエ
ぴきる,ビキル
オリ主,オリヌシ
境遇想像ニキ,キョウグウソウゾウニキ
確定的に明らか,カクテイテキニアキラカ
ワニ族,ワニゾク
豆腐フィジカル,トウフフィジカル
エコチュー,エコチュー
クリぼっち,クリボッチ
iPhoner,アイフォナー
アプする,アプスル
尻有,シリアル
パチンコガンダム駅,パチンコガンダムエキ
それ一番言われてるから,ソレイチバンイワレテルカラ
ガジェクラ,ガジェクラ
パ下半身,パカハンシン
ｼｬﾍﾞｯﾀｱｱｱ,ｼｬﾍﾞｯﾀｱｱｱ
なんと奇遇な,ナントキグウナ
BKD（売国奴）,ビーケーディー
センセンシャル,センセンシャル
申レN（申し訳ないがレスリング厨はNG）,モウレエヌ
サイマー,サイマー
オーキードーキー,オーキードーキー
尽くし系男子,ツクシケイダンシ
これもうわかんねぇな,コレモウワカンネェナ
逝ったあああああああああ,イッタアアアアアアアアア
HRU?（How are you?）,エイチアールユー
マジキチスマイル,マジキチスマイル
謎肉,ナゾニク
投コメ（投稿者コメント）,トウコメ
さとり教育,サトリキョウイク
再うｐ,サイウプ
サンガツ,サンガツ
手紙厨,テガミチュウ
ヘタレ,ヘタレ
若者の人間離れ,ワカモノノノニンゲンバナレ
オイニー,オイニー
ゲスパー,ゲスパー
非リア充,ヒリアジュウ
身バレ,ミバレ
あ、負けました,ア、マケマシタ
だが無意味だ,ダガムイミダ
テンプレ厨,テンプレチュウ
我々の業界ではご褒美です,ワレワレノギョウカイデハゴホウビデス
なぜベストを尽くしたのか,ナゼベストヲツクシタノカ
謎の感動,ナゾノカンドウ
草生えた,クサハエタ
パヤオ,パヤオ
擬人化,ギジンカ
萌え,モエ
2ch脳,ニチャンノウ
ドフサ,ドフサ
なりメ,ナリメ
突然の死,トツゼンノシ
カワボ,カワボ
ライトオタ,ライトオタ
炎上,エンジョウ
サムネ詐欺,サムネサギ
イタチ,イタチ
サムネ,サムネ
B級トップテン,ビーキュウトップテン
A級トップテン,エーキュウトップテン
ぬるヲタ,ヌルヲタ
気絶買い,キゼツガイ
逆ステマ,ギャクステマ
パソコン蛾物故割れた,パソコンガブッコワレタ
ブラクラ,ブラクラ
メタポジション,メタポジション
URL請求制,ユーアールエルセイキュウセイ
Yahoo!砲,ヤフーホウ
複垢,フクアカ
涙目敗走,ナミダメハイソウ
スパム行為,スパムコウイ
追いオリ（追いオリーブ）,オイオリ
レンチン,レンチン
初見,ショケン
万理ある,バンリアル
コミケマリモ,コミケマリモ
オク禁（オークション禁止）,オクキン
オフレポ,オフレポ
撮り鉄,トリテツ
(すっとぼけ),スットボケ
非リア,ヒリア
糖質,トウシツ
守りたい、この笑顔,マモリタイ、コノエガオ
ぐう天使,グウテンシ
BRB,ビーアールビー
ほほえまC,ホホエマシー
ヤパニネイト,ヤパニネイト
脳内お花畑,ノウナイオハナバタケ
ナード,ナード
ソーシャルビッチ,ソーシャルビッチ
サボリーマン,サボリーマン
顔本,カオボン
クラウド男子,クラウドダンシ
オネシャス,オネシャス
Hadokening,ハドーケニング
ぴょまいら,ピョマイラ
プゲラ,プゲラ
訴訟も辞さない,ソショウモジサナイ
ふなっしー,フナッシー
ワロタンゴ,ワロタンゴ
いつ買うか？今でしょ！,イツカウカ？イマデショ！
束武束上線,タマジョウセン
タイーフォ,タイーフォ
おはようからおやすみまで,オハヨウカラオヤスミマデ
カナニカ版,カナニカバン
愛すべき馬鹿,アイスベキバカ
ラノベラー,:ラノベラー
らめぇ,ラメェ
ファッ！？,ファッ
提供目,テイキョウメ
ウマー,ウマー
クッソワロタ,クッソワロタ
ただイケの法則,タダイケノホウソク
任天堂の倒し方、知らないでしょ？オレらはもう知ってますよ,ニンテンドウノタオシカタ、シラナイデショ　オレラハモウシッテマスヨ
デスブログレディー,デスブログレディー
髪型補正,カミガタホセイ
大二病,ダイニビョウ
アク制（アクセス制限）,アクセイ
ほマ新チw（ほんまマジレスは新参チェッカーやなw）,ホマシンチ
おまいら,オマイラ
プゲラッチョ,プゲラッチョ
yup,ヤッ
omg,オーマイガ
オン会,オンカイ
佐川女子,サガワジョシ
マッドサイエンティスト,マッドサイエンティスト
イケボ,イケボ
あいつら未来に生きてんな,アイツラミライニイキテンナ
綾しい,アヤシイ
朝おん,アサオン
おk,オケ
俺の嫁,オレノヨメ
股下デルタ,マタシタデルタ
ウトメ,ウトメ
版権もの,ハンケンモノ
さんをつけろよデコ助野郎,サンヲツケロヨデコスケヤロウ
さかなクンさん,サカナクンサン
ユニかぶり,ユニカブリ
ユニ隠し,ユニカクシ
続きはよ,ツヅキハヨ
コレジャナイ感,コレジャナイカン
ばくわら,バクワラ
おっホイ,オッホイ
これだからゆとりは,コレダカラユトリハ
焼付け刃,ヤキツケバ
メンテ,メンテ
あーん！スト様が死んだ！,アーンストサマガシンダ
勝ち組ライン,カチグミライン
mjdk,マジデカ、エムジェイディーケー
スルーカ,スルーカ
（震え声）,フルエゴエ
ワロリッシュ,ワロリッシュ
オーオタ,オーオタ
おこなの？,オコナノ
おまわりさんこっちです,オマワリサンコッチデス
前なんとかさん,マエナントカサン
ドルヲタ,ドルヲタ
ヤフる,ヤフル
WTF,ダブリューティーエフ
乙女ゲーム,オトメゲーム
公式が病気,コウシキガビョウキ
赤男爵,アカダンシャク
ヲタ,ヲタ
男の娘,オトコノコ
狂都,キョウト
うらる,ウラル
BFF（Best Friends Forever）,ビーエフエフ
なんだ、ただの神か,ナンダ、タダノカミカ
認定厨,ニンテイチュウ
自治厨,ジチチュウ
裏中二病,ウラチュウニビョウ
二次元,ニジゲン
オフ充,オフジュウ
よく訓練された,ヨククンレンサレタ
ggrks,ググレカス
おめーの席ねぇから,オメーノセキネーカラ
禿藁,ハゲワラ
はげど,ハゲド
ファミキチ,ファミキチ
うｐ主,ウプヌシ
骨折絵,コッセツエ
全俺が泣いた,ゼンオレガナイタ
ドリ小（ドリーム小説）,ドリショウ
倍プッシュ,バイプッシュ
ネットde真実,ネットデシンジツ
スイッチオンヌ,スイッチオンヌ
ニニフ,ニニフ
などと意味不明な供述をしており,ナドトイミフメイナキョウジュツヲシテオリ
生姜DQN,ショウガドキュン
汚沢,オザワ
ボキャ貧（ボキャブラリーが貧困）,ボキャヒン
よう俺,ヨウオレ
香具師,ヤシ
タマヒュン,タマヒュン
またお前か,マタオマエカ
ボッシュート,ボッシュート
ハマタ,ハマタ
タイトルホイホイ,タイトルホイホイ
な、なんだってー!,ナ、ナンダッテー
陰謀論,インボウロン
駄サイクル,ダサイクル
通報厨,ツウホウチュウ
一日一韓,イチニチイッカン
トンクス,トンクス
だんねんながら,ダンネンナガラ
シュピーン者,シュピーンシャ
シャホー（iPod Shuffle）,シャホー
オサレ,オサレ
フツメン,フツメン
グロメン,グロメン
直リン（直接リンク）,チョクリン
片ガチ,カタガチ
すざけるな,スザケルナ
片ヤオ,カタヤオ
ナマポ芸人,ナマポゲイニン
リアバレ,リアバレ
大丈夫じゃない、問題だ,ダイジョウブジャナイ、モンダイダ
養殖天然,ヨウショクテンネン
イケダン,イケダン
クレヒス,クレヒス
1楽2活3黙,イチラクニカツサンモク
せやな,セヤナ
テンポってる,テンポッテル
宅球,タッキュウ
駄スレ,ダスレ
ケコーン,ケコーン
乙カレー,オツカレー
じゃあの,ジャアノ
カルタン,カルタン
風流被害,フウリュウヒガイ
カコワルイ,カコワルイ
ググるな危険,ググルナキケン
こんな可愛い子が女の子のはずがない,コンナカワイイコガオンナノコノハズガナイ
犯人はヤス,ハンニンハヤス
バカス,バカス
うぷろだ,ウプロダ
宅配テロ,タクハイテロ
ワロエナイ,ワロエナイ
ワロロンパ,ワロロンパ
いいえ、ケフィアです。,イイエ、ケフィアデス
メシマズ,メシマズ
イケメソ,イケメソ
おいやめろ,オイヤメロ
サシオフ,サシオフ
青歯,アオバ、ブルートゥース
F5攻撃,エフゴコウゲキ
自宅ガーディアン,ジタクガーディアン
積みゲー,ツミゲー
ネット乞食,ネットコジキ
おっさんホイホイ,オッサンホイホイ
マカー,マカー
おまゆう,オマユウ
煽り耐性,アオリタイセイ
淫乱ピンク,インランピンク
ドヤ顔ダブルピース,ドヤガオダブルピース
mjdsk,マジデスカ
裏山しい,ウラヤマシイ
プロ奴隷,プロドレイ
ダイナミック不謹慎,ダイナミックフキンシン
ドキュソ,ドキュソ
逝ってよし,イッテヨシ
まえちょう,マエチョウ
みいそ,ミイソ
K殺,ケーサツ
ほめぱげ,ホメパゲ
KY,ケーワイ
その点トッポってすげぇよな、最後までチョコたっぷりだもん。,ソノテントッポッテスゲエヨナ、サイゴマデチョコタップリダモン
くぱぁ,クパア
炉利,ロリ
合法ロリ,ゴウホウロリ
ナカーマ,ナカーマ
どや顔,ドヤガオ
なにそれ?おいしいの?,ナニソレオイシイノ
お、おう…,オ、オウ
壁ドン,カベドン
あ、ここ進研ゼミで出たところだ,ア、ココシンケンゼミデデタトコロダ
裏山死刑,ウラヤマシケイ
嫌なら見るな,イヤナラミルナ
嫌儲,ケンチョ、ケンモウ、イヤモウ
けまらしい,ケマラシイ
モバビュー,モバビュー
チャカノ,チャカノ
チャカレ,チャカレ
ジャーゴン,ジャーゴン
デュクシ,デュクシ
ウリジナル,ウリジナル
（ドヤッ,ドヤッ
おにちく,オニチク
キョロぼっち,キョロボッチ
ふいんき←何故か変換できない,フインキ　ナゼカヘンカンデキナイ
イラ壁,イラカベ
床ドン,ユカドン
グルシャン（グルメシャンプー）,グルシャン
異論は認める,イロンハミトメル
異論は認めない,イロンハミトメナイ
基地外,キチガイ
きゃわわ,キャワワ
おま俺,オマオレ
公開処刑,コウカイショケイ
（迫真）,ハクシン
スマソ,スマン
ネタバレ,ネタバレ
セカンド童貞,セカンドドウテイ
カキコ,カキコ
なりすめし,ナリスメシ
ハンネ（ハンドルネーム）,ハンネ
TKG（卵かけご飯）,ティーケージー
テンプレ,テンプレ
お前を消す方法,オマエヲケスホウホウ
ついカッとなってやった、今は反省している。,ツイカットナッテヤッタ、イマハハンセイシテイル
情強（情報強者）,ジョウキョウ
セクロス,セクロス
がんがれ,がんがれ
ネット弁慶,ネットベンケイ
オタロード,オタロード
ksg（クソゲー）,ケーエスジー
wwwっうぇ,ッウェ
おもふく,オモフク
ジト目,ジトメ
ぽまいら,ポマイラ
いい質問ですね,イイシツモンデスネ
カワイソス,カワイソス
人稲杉,ヒトイナスギ
禿,ハゲ
JS,ジェイエス
JC,ジェイシー
JK,ジェイケー、ジョウコウ
ガイキチ,ガイキチ
ググる,ググル
トンデモ本,トンデモボン
デリる,デリル
粘着,ネンチャク
リアル厨房,リアルチュウボウ
割れ厨,ワレチュウ
ブサヨ,ブサヨ
鱈レバ,タラレバ
モヒる,モヒル
スレチ,スレチ
gratz,グラッツ
ワロリーヌ,ワロリーヌ
わろりんぬ,ワロリンヌ
あべし,アベシ
凍結,トウケツ
トピマス,トピマス
思い出補正,オモイデホセイ
イクナイ,イクナイ
アホルダー,アホルダー
動物愛誤,ドウブツアイゴ
オフトピ,オフトピ
クリゲー（クリックするだけの単調なゲーム）,クリゲー
lobe,ラブ
ブクマ,ブクマ
糸冬了,シュウリョウ
糸冬,オワリ
かっこ（）,カッコ
リア厨,リアチュウ
アテクシ,アテクシ
とか言ってみるテスト,トカイッテミルテスト
ぷまい,プマイ
fmfm,フムフム
神ソング,カミソング
otz,オーティーズ、オワッテルゼ
pgr,プゲラ、プギャー
ぽんぺ,ポンペ
サザエさん症候群,サザエサンショウコウグン
エゴサーチ,エゴサーチ
それが俺のジャスティス,ソレガオレノジャスティス
オヌヌヌ,オヌヌヌ
オヌヌメ,オヌヌメ
ネチズン,ネチズン
割れユーザー,ワレユーザー
ワレザー,ワレザー
ピザ,ピザ
←（矢印）,ヤジルシ
ネットスラング,ネットスラング
DQNネーム,ドキュンネーム
キラキラネーム,キラキラネーム
脳内再生,ノウナイサイセイ
セウト,セウト
セフセフ,セフセフ
アマゾる,アマゾル
ウィキる,ウィキル
無理ゲー,ムリゲー
おや、誰か来たようだ,オヤダレカキタヨウダ
ソロ充,ソロジュウ
ぽぽぽぽーん,ポポポポーン
閉じコン,トジコン
ワンチャン,ワンチャン
もうやだこの国,モウヤダコノクニ
自炊,ジスイ
チャバ男,チャバオ
月よりの使者,ツキヨリノシシャ
ヤオサ,ヤオサ
ぽんぽんぺいん,ポンポンペイン
リア友,リアトモ
パー論,パーロン
立て逃げ,タテニゲ
デグる,デグル
せきとばる,セキトバル
ぼっち,ボッチ
フォカヌポウ,フォカヌポウ
あじゃじゃしたー,アジャジャシター
もせ3、もせあ,モセスリー
爆ぜろ,ハゼロ
コミュ障,コミュショウ
非モテ,ヒモテ
孔明の罠,コウメイノワナ
斜め上を行く,ナナメウエヲイク
さげぽよ,サゲポヨ
あげぽよ,アゲポヨ
世話肉,セワニク
レボる,レボル
ドザ,ドザー
IYH,イヤッッホォォォオオォオウ！
mjk,マジカ
thx,サンクス
damn,ダムン
フラゲ,フラゲ
ネ申、神,カミ
フラグ,フラグ
ググれカス,ググレカス
ググれ,ググレ
胸が熱くなるな、胸熱,ムネガアツクナルナ、ムネアツ
ネトウヨ,ネトウヨ
禿同,ハゲドウ
鬱だ氏のう、鬱氏,ウツダシノウ
うぃる,ウィル
おはあり、おつあり、おかあり、おやあり,オハアリ、オツアリ、オカアリ、オヤアリ
かぐし,ヤシ
アーティスト病,アーティストビョウ
RMT（Real Money Trading）,アールエムティー
腐女子,フジョシ、フジヨシ
すくつ,スクツ
鯖,サバ、サーバー
イマゲ,イマゲ
kwsk,クワシク
がいしゅつ,
xoxo,ハグアンドキス
情弱（情報弱者）,じょうじゃく
安価,アンカ
ようつべ,ようつべ
メシウマ,メシウマ
風キャン,カゼキャン
シワシワネーム,シワシワネーム
了解ウォッチ,リョウカイウォッチ
壁ギュ,カベギュ
病弱フェイス,ビョウジャクフェイス
安定枠,アンテイワク
ゲロカワ,ゲロカワ
TNJ女子,ティーエヌジェイジョシ
デビルサマナー女子,デビルサマナージョシ
とりまやばたん,トリマヤバタン
プロ画,プロガ
キャスる,キャスる
HPG,エイチピージー
ほんとそれ,ホントソレ
カレピッピ,カレピッピ
LJK（ラスト女子高生）,エルジェイケー
96line,キュウジュウロクライン
JK1、JK2、JK3,ジェイケーワン、ツー、スリー
JC1、JC2、JC3,ジェイシーワン
もふりたい,モフリタイ
チーッス,チーッス
tkmk,トキメキ
きゃわゆ,キャワユ
おしゃかわ,オシャカワ
パカパカケータイ,パカパカケータイ
マフモコ女子,マフモコ
イカ東,イカトウ
じわる,ジワル
Tデート,ティーデート
わっふい,ワッフイ
スクバ,スクバ
おなすい,オナスイ
もうそろ,モウソロ
おこぷん,オコプン
赤る,セキル
シブセンマック,シブセンマック
テンサゲ,テンサゲ
バイブス,バイブス
初メン,ハツメン
ガンブー,ガンブー
後でしょ！,アトデショ
シア充,シアジュウ
フルチャン,フルチャン
dkdk,ドキドキ
ときとば,トキトバ
ランコン,ランコン
紺ハイ,コンハイ
オケる,オケル
あざます,アザマス
グーキー,グーキー
ジュリメール,ジュリメール
エモキュン,エモキュン
激ねむスヤスヤ丸,ゲキネムスヤスヤマル
お疲れピーポー,オツカレピーポー
ケツった,ケツッタ
割と本気で,ワリトホンキデ
サブバ,サブバ
ジュリエットメール,ジュリエットメール
じもメン,ジモメン
ガーサス,ガーサス
94line,キュウジュウヨンライン
サークラ（サークルクラッシャー）,サークラ
頬ちゅー,ホホチュー
ガンブロン,ガンブロン
ぷちょへんざ,プチョヘンザ
こわちか,コワチカ
こそアド,コソアド
豚切り,ブッタギリ
お口ミッフィー,オクチミッフィー
よろたん,ヨロタン
Dガラ,ディーガラ
神ぽよ,カミポヨ
テンアゲ,テンアゲ
ペコキュー,ペコキュー
ちゃけば,チャケバ
ひじきまつげ,ヒジキマツゲ
プリクラマジック,プリクラマジック
ブサイケ,ブサイケ
いきゃめん,イキャメン
恥ずか死,ハズカシ
アフター4,アフターフォー
インパ,インパ
ノーチャン,ノーチャン
ks（既読スルー）,ケーエス
やばば,ヤババ
ヤグる,ヤグル
腹ペコぐうぐう丸,ハラペコグウグウマル
オンカッカ,オンカッカ
LJC（ラスト女子中学生）,エルジェイシー
3秒ルール,サンビョウルール
下手しい,ヘタシイ
まじるんるん御機嫌丸,マジルンルンゴキゲンマル
まじおつかれﾍﾅﾍﾅ丸,マジオツカレヘナヘナマル
クリソツ,クリソツ
ガチトーン,ガチトーン
オラつく,オラツク
鬼やばい,オニヤバイ
まじ輩,マジヤカラ
いらたん,イラタン
イチキタ,イチキタ
ソフレ,ソフレ
ぴきる,ビキル
95line,キュウジュウゴライン
雰囲気イケメン,フンイキイケメン
非乙女,ヒオトメ
クリぼっち,クリボッチ
おくちょ,オクチョ
last JK,ラストジェイケー
こわたん,コワタン
クソネミ,クソネミ
チキる,チキル
タメ口,タメグチ
あげめろ,アゲメロ
つらまろ,ツラマロ
おにおこ,オニオコ
泥酔ナイト（DN）,デイスイナイト
トプ画,トプガ
すきつら,スキツラ
いきつら（イキツラ）,イキツラ
つらお,ツラオ
っべー,ッベー
ルーソ,ルーソ
やばたん,ヤバタン
かわたん,カワタン
数友,カズトモ
ファッションリーダー,ファッションリーダー
サギプリ,サギプリ
おじ靴,オジグツ
激オコスティックファイナリアリティぷんぷんドリーム,ゲキオコスティックファイナリアリティプンプンドリーム
ムカ着火ファイヤー,ムカチャッカファイヤー
カム着火インフェルノ,カムチャッカインフェルノ
ガチしょんぼり沈殿丸,ガチションボリチンデンマル
激おこぷんぷん丸,ゲキオコプンプンマル
だてマスク,ダテマスク
割とガチで,ワリトガチデ
よろしかったでしょうか,ヨロシカッタデスカ
プゲラッチョ,プゲラッチョ
ノキ男,ノキオ
あけおめメール,アケオメメール
池様,イケサマ
アヒル口,アヒルグチ
おこなの？,オコナノ
ゲスい,ゲスイ
制服ディズニー,セイフクディズニー
ポエム画,ポエムガ
イタメール,イタメール
ショナイで,ショナイデ
パネェ,パネェ
人生の半分損してるよ,ジンセイノハンブンソンシテルヨ
ギャグ線,ギャグセン
ハピバ,ハピバ
きまい,キマイ
どうするぅ,　ドウスルゥ
ロールキャベツ系男子,ロールキャベツケイダンシ
おごとー,オゴトー
バビる,バビル
超BM（超馬鹿丸出し）,チョウビーエム
KD,ケーディー
せやな,セヤナ
ゆーても,ユーテモ
りなちゃ,リナチャ
コスパ,コスパ
ピン写,ピンシャ
キュン死に,キュンシニ
メンブレ,メンブレ
愛上男,アイウエオ
しょんどい,ションドイ
ドヤる,ドヤル
ズッ友,ズットモ
KY,ケーワイ
オルチャンメイク,オルチャンメイク
つらたん,ツラタン
イラオコ,イラオコ
埴輪ルック,ハニワルック
カミラー,カミラー
チープリ（チープでプリティ）,チープリ
ジョソコ,ジョソコ
ユニ隠し,ユニカクシ
ハムト,ハムト
フニーター,フニーター
昇天ペガサスMIX盛り,ショウテンペガサスミックスモリ
きゃわわ,キャワワ
ジカジョー,ジカジョー
ステキ女子,ステキジョシ
うれぴーまん,ウレピーマン
ソクバッキー,ソクバッキー
インキャ,インキャ
陽キャラ,ヨウキャラ
陰キャラ,インキャラ
エモい,エモイ
シャカ男,シャカオ
ロデ男,ロデオ
T＝”レヽ￡（≠,ダイスキ
カミッテル,カミッテル
かまちょ,カマチョ
おじカワ,オジカワ
温活,オンカツ
お疲れーしょん,オツカレーション
えなりってる,エナリッテル
やわらか銀行,ヤワラカギンコウ
あう,アウ
きゃわたん,キャワタン
らぶたん,ラブタン
あーね,アーネ
ワンチャン,ワンチャン
あとーんす,アトーンス
おつハムニダ,オツハムニダ
パギャル,バギャル
ヒガモ,ヒガモ
きよぶた,キヨブタ
ヒトカラ,ヒトカラ
オコだよ,オコダヨ
空目,ソラメ
クチャラー,クチャラー
あじゃじゃしたー,アジャジャシター
女子力,ジョシリョク
因love、因スキ,ダイラブ、ダイスキ
うぇーい,ウェーイ
どゆこと!?,ドユコト
アラシック,アラシック
もふもふ,モフモフ
ちゃんねー,チャンネー
どうかしてるぜっ,ドウカシテルゼッ
もいきー,モイキー
やっふぃ,ヤッフイ
やびゃあ,ヤビャア
ちゃいちゃい,チャイチャイ
気にすんな、ワッショイ！,キニスンナワッショイ
うけぴー,ウケピー
1キュン,イチキュン
とりま,トリマ
コム持ち,コムモチ
仲仔,ナカコ
めっさ,メッサ
パチる、ペチる、ギる,パチル、ペチル、ギル
ブチる,ブチル
チクる,チクル
心友、新友、信友,シンユウ
ありえんてぃー,アリエンティー
2娘1,ニコイチ
リアルに,リアルニ
写メラマン,シャメラマン
指恋,ユビコイ
パチこく,パチコク
謎い,ナゾい
直電、直メ、直アド,チョクデン、チョクメ
キモス,キモス
タヒる、タヒれ、タヒね,タヒル
イケメン,イケメン
ブサメン,ブサメン
ガチで,ガチデ
a.k.a,アカ、アズノウンアズ
らぶぽよ,ラブポヨ
オシャンティー,オシャンティー
ダァ,ダア
モンスター新人社員,モンスターシンジンシャイン
ブラックホール企業,ブラックホールキギョウ
お祈りメール,オイノリメール
御社が第一志望です,オンシャガダイイチシボウデス
圧迫面接,アッパクメンセツ
グループディスカッション,グループディスカッション
ステータス補正,ステータスホセイ
キラキラ20時退社,キラキラニュジュウジタイシャ
カラ求人,カラキュウジン
PG（プログラマー）,ピージー
就職浪人,シュウショクロウニン
五月病,ゴガツビョウ
電農名繊九,デンノウメイオリキュウ
西福産久,セイフクサンキュウ
成成明国独武,セイセイメイコクドップ
試職,シショク
キチョハナ,キチョハナ
フルスペックゆとり,フルスペックユトリ
学歴フィルター,ガクレキフィルター
無い内定式,ナイナイテイシキ
中東和平成立,チュウトウワヘイセイリツ
東京一工,トウキョウイチコウ
タイムキーパー,タイムキーパー
就職留年,シュウショクリュウネン
リクスー,リクスー
既トラ,キトラ
ノンバイサー,ノンバイサー
全部上場,ゼンブジョウジョウ
既卒,キソツ
隠れ優良企業,カクレユウリョウキギョウ
【面接官】資格はお持ちですか？,シカクハオモチデスカ
就留,シュウリュウ
ルートセールス,ルートセールス
激務度ランキング,ゲキムドランキング
内定ブルー,ナイテイブルー
社畜,シャチク
店長候補,テンチョウコウホ
ソリューション営業,ソリューションエイギョウ
アットホームな職場です,アットホームナショクバデス
ソー活,ソーカツ
ソーシャルリクルーティング,ソーシャルリクルーティング
学歴ロンダ,ガクレキロンダ
ホワイト企業,ホワイトキギョウ
第二新卒,ダイニシンソツ
MARCH（マーチ）,マーチ
マリン、マリーン,マリン
Ｆランク大学、Fラン大,エフランクダイガク
地底,チテイ
宮廷,キュウテイ
ブラック企業,ブラックキギョウ
