Yahooニュース,ヤフーニュース
００,ゼロゼロ
NHKニュース,エヌエイチケイニュース
１０,イチゼロ
億円,オクエン
死刑囚,シケイシュウ
newsさん,ニュースサン
２０,ニゼロ
政治家,セイジカ
万円,マンエン
０年,ゼロネン
一人,イチニン
８８,ハチハチ
０人,ゼロニン
万人,マンニン
ばるたん,バルタン
再審請求,サイシンセイキュウ
RTおはよう,アールティーオハヨウ
一審,イチシン
たらいま,タライマ
年前,ネンマエ
５年,ゴネン
３０,サンゼロ
７０,ナナゼロ
一歩,イチホ
１５,イチゴ
３人,サンニン
奥西さん,オクニシサン
安保関連,アンポカンレン
再審開始,サイシンカイシ
江川紹子さん,エガワショウコサン
５０,ゴゼロ
一日,イチニチ
２人,ニニン
ボランティア犬,ボランティアケン
関連法案,カンレンホウアン
０万,ゼロマン
安保法,アンポホウ
可視化,カシカ
０％,ゼロパーセント
具体的,グタイテキ
慰霊訪問,イレイホウモン
安田純平さん,ヤスダジュンペイサン
給仕係,キュウジガカリ
難民問題,ナンミンモンダイ
１３,イチサン
４人,ヨンニン
女児殺害,ジョジサツガイ
０億,ゼロオク
奥西勝,オクニシマサル
２年,ニネン
３年,サンネン
安田さん,ヤスダサン
１年,イチネン
一度,イチド
１万,イチマン
回投票,カイトウヒョウ
２回,ニカイ
財務省案,ザイムショウアン
６０,ロクゼロ
国会前,コッカイマエ
７％,ナナパーセント
毒ブドウ酒,ドクブドウシュ
１８,イチハチ
シリア難民,シリアナンミン
勝さん,マサルサン
ブドウ酒事件,ブドウシュジケン
運転手,ウンテンシュ
さん死去,サンシキョ
名張毒,ナバリドク
５人,ゴニン
４年,ヨンネン
舛添知事,マスゾエチジ
４０,ヨンゼロ
菅官房長官,カンカンボウチョウカン
これ以上,コレイジョウ
にゃんこさん,ニャンコサン
災害支援,サイガイシエン
０１,ゼロイチ
読売世論調査,ヨミウリヨロンチョウサ
共同通信47NEWS,キョウドウツウシンヨンナナニュース
法的安定,ホウテキアンテイ
１人,イチニン
一面,イチメン
栃木女児,トチギジョジ
橋下,ハシカ
安定性,アンテイセイ
５％,ゴパーセント
Yahoo!ニュース個人,ヤフーニュースコジン
８日,ハチニチ
１回,イチカイ
年ぶり,ネンブリ
１７,イチナナ
請求中,セイキュウチュウ
人死亡,ニンシボウ
んじゃなくて,ンジャナクテ
んぢ,ンヂ
舛添氏,マスゾエシ
二人,ニニン
１２,イチニ
TOKYOWeb,トウキョウWeb
２５,ニゴ
１億,イチオク
１４,イチヨン
良記事,リョウキジ
１９,イチキュウ
回目,カイメ
０円,ゼロエン
６％,ロクパーセント
１日,イチニチ
RTRT,アールティーアールティー
年談話,ネンダンワ
共同通信世論調査,キョウドウツウシンヨロンチョウサ
０分,ゼロフン
内閣支持,ナイカクシジ
係さん,ガカリサン
奥西死刑,オクニシシケイ
テロ対策,テロタイサク
パトロール犬,パトロールケン
１６,イチロク
開始決定,カイシケッテイ
武藤議員,ムトウギイン
江川さん,エガワサン
２％,ニパーセント
清原容疑者,キヨハラヨウギシャ
法案可決,ホウアンカケツ
防犯パトロール,ボウハンパトロール
弁護側,ベンゴガワ
何度,ナンド
２２,ニニ
宮崎議員,ミヤザキギイン
検察側,ケンサツガワ
火論,ヒロン
憲法学者ら,ケンポウガクシャラ
研究者,ケンキュウシャ
リレートーク,リレートーク
ぢがれ,ヂガレ
３歳,サンサイ
民維新,ミンイシン
舛添さん,マスゾエサン
８０,ハチゼロ
私自身,ワタシジシン
戦後７,センゴナナ
法成立,ホウセイリツ
一緒に地域,イッショニチイキ
３幕,サンマク
めめ,メメ
反対派,ハンタイハ
２審,ニシン
待機児童問題,タイキジドウモンダイ
調査結果,チョウサケッカ
菊地直子被告,キクチナオコヒコク
無罪主張,ムザイシュチョウ
２日,ニニチ
gooニュース,グーニュース
安保法案反対,アンポホウアンハンタイ
トランプ氏,トランプシ
歳以上,サイイジョウ
５１,ゴイチ
不支持率,フシジリツ
地域貢献,チイキコウケン
維新党,イシントウ
遺族ら,イゾクラ
下氏,カシ
安保法制,アンポホウセイ
・ｗ,・ワット
２１,ニイチ
RT速報,アールティーソクホウ
４５,ヨンゴ
規制委,キセイイ
さんたち,サンタチ
西瓜猫さん,スイカネコサン
０時,ゼロジ
日米,ニチベイ
予算委,ヨサンイ
各紙社説,カクシシャセツ
郷原氏,ゴウバラシ
災害対策,サイガイタイサク
問題視,モンダイシ
６日,ロクニチ
被災者受け入れ,ヒサイシャウケイレ
０歳,ゼロサイ
人がいない,ジンガイナイ
蓮舫氏,レンホウシ
皇后さま,コウゴウサマ
影響力,エイキョウリョク
録音録画,ロクオンロクガ
武藤貴也議員,ムトウタカヤギイン
３位,サンイ
TBS系,ティービーエスケイ
○○,レイレイ
検察官役,ケンサツカンヤク
２位,ニイ
数年,スウネン
批判的,ヒハンテキ
審判決,シンハンケツ
金銭授受,キンセンジュジュ
書面インタビュー,ショメンインタビュー
自民議員,ジミンギイン
表現力,ヒョウゲンリョク
氏発言,シハツゲン
谷垣氏,タニガキシ
一本,イチホン
上村君,ウエムラクン
スカルピア,スカルピア
３楽章,サンガクショウ
子どもたち,コドモタチ
９人,キュウニン
２時,ニジ
９％,キュウパーセント
１１,イチイチ
１位,イチイ
３４,サンヨン
特別法廷,トクベツホウテイ
ベビースキャン,ベビースキャン
７歳,ナナサイ
刑事司法,ケイジシホウ
年以上,ネンイジョウ
補佐官,ホサカン
美濃加茂市長,ミノカモシチョウ
金銭トラブル,キンセントラブル
消費税１,ショウヒゼイイチ
真相解明,シンソウカイメイ
年安保,ネンアンポ
ら３,ラサン
楊井人文,ヤギイジンブン
右下,ミギカ
主張通り,シュチョウドオリ
政治的,セイジテキ
遼太,リョウフトシ
数百,スウヒャク
玉木研二,タマキケンジ
５２,ゴニ
１％,イチパーセント
情報共有,ジョウホウキョウユウ
３５,サンゴ
JPさん,ジェーピーサン
駒崎さん,コマザキサン
制度化,セイドカ
手さん,シュサン
朴教授,ボクキョウジュ
新国立劇場合唱団,シンコクリツゲキジョウガッショウダン
連休明け,レンキュウアケ
科学的,カガクテキ
人権派弁護士,ジンケンハベンゴシ
水説,ミズセツ
与党議員,ヨトウギイン
人逮捕,ニンタイホ
フジ批評,フジヒヒョウ
１カ月,イチカゲツ
小型カメラ,コガタカメラ
一回,イチカイ
飛行差し止め,ヒコウサシトメ
２万,ニマン
国会成立,コッカイセイリツ
万ドル,マンドル
千人,センニン
殺害裁判,サツガイサイバン
…。これ,サイレンスコレ
子供達,コドモタチ
国会デモ,コッカイデモ
同行避難,ドウコウヒナン
３７,サンナナ
中２,ナカニ
あずささん,アズササン
女児殺害事件,ジョジサツガイジケン
厚労,アツロウ
月間MVA,ゲッカンエムブイエー
八木さん,ヤギサン
演奏会形式,エンソウカイケイシキ
再発防止,サイハツボウシ
容疑者逮捕,ヨウギシャタイホ
jpさん,ジェーピーサン
参与裁判,サンヨサイバン
可能性大,カノウセイダイ
宮古あずさ,ミヤフルアズサ
キリノ大統領,キリノダイトウリョウ
１楽章,イチガクショウ
生活再建,セイカツサイケン
重要性,ジュウヨウセイ
対策法案,タイサクホウアン
関連法,カンレンホウ
ネット上,ネットジョウ
飼い主さん,カイヌシサン
円未満,エンミマン
会長ら,カイチョウラ
１週間,イチシュウカン
年半,ネンハン
BuzzFeedJapan,バズフィードジャパン
証拠品,ショウコヒン
任意性,ニンイセイ
災害時,サイガイジ
１歳,イチサイ
ヘイトスピーチ対策,ヘイトスピーチタイサク
…。それ,サイレンスソレ
３１,サンイチ
有田氏,アリタシ
５７,ゴナナ
千億,センオク
９５,キュウゴ
世界的,セカイテキ
東京地検特捜部,トウキョウチケントクソウブ
判決文,ハンケツブン
個人編集部,コジンヘンシュウブ
５日,ゴニチ
３％,サンパーセント
公述人,コウジュツジン
フォークト様,フォークトサマ
最高裁判決,サイコウサイハンケツ
青山貴,アオヤマタカ
人以上,ニンイジョウ
特別委,トクベツイ
ふくしま,フクシマ
６歳,ロクサイ
国民参与,コクミンサンヨ
５歳,ゴサイ
本社世論調査,ホンシャヨロンチョウサ
動画ニュースサイト,ドウガニュースサイト
前月比,ゼンゲツヒ
安倍内閣支持率,アベナイカクシジリツ
又吉さん,マタヨシサン
８歳,ハチサイ
支持理由,シジリユウ
娘さん,ムスメサン
amazonJP,アマゾンジェーピー
４７,ヨンナナ
二極,ニキョク
衆院予算,シュウインヨサン
７４,ナナヨン
効果的,コウカテキ
官房長官語,カンボウチョウカンゴ
毎日新聞世論調査,マイニチシンブンヨロンチョウサ
５番,ゴバン
鹿児島強姦事件,カゴシマゴウカンジケン
アラーニャ様,アラーニャサマ
世論調査結果,ヨロンチョウサケッカ
４６,ヨンロク
完食,カンショク
数週間,スウシュウカン
刑訴法改正案,ケイソホウカイセイアン
子たち,コタチ
魅力的,ミリョクテキ
甘利氏問題,アマリシモンダイ
刑事手続き,ケイジテツヅキ
生放送中,ナマホウソウチュウ
２度,ニド
２４,ニヨン
３６,サンロク
４日,ヨンニチ
一行様,イッコウサマ
緊急性,キンキュウセイ
大波小波,オオナミサザナミ
カルト問題,カルトモンダイ
本格化,ホンカクカ
日韓合意,ニッカンゴウイ
クローズアップ２,クローズアップニ
日常的,ニチジョウテキ
ぢしん,ヂシン
仮設入居,カセツニュウキョ
枝野幸男氏,エダノユキオシ
江川氏,エガワシ
高裁判決,コウサイハンケツ
長期化,チョウキカ
パリ同時,パリドウジ
原発事故時,ゲンパツジコジ
事実解明,ジジツカイメイ
地下鉄サリン,チカテツサリン
カ月ぶり,カゲツブリ
わんこさん,ワンコサン
一般的,イッパンテキ
竹田圭吾さん,タケダケイゴサン
収容者,シュウヨウシャ
つる人,ツルジン
あなた方,アナタカタ
次再審,ジサイシン
８３,ハチサン
円以上,エンイジョウ
参院議員,サンインギイン
自公連立内閣,ジコウレンリツナイカク
５区,ゴク
オバマ大統領書面,オバマダイトウリョウショメン
意見陳述,イケンチンジュツ
祖父母殺害,ソフボサツガイ
情報鎖国,ジョウホウサコク
フランス地域圏,フランスチイキケン
震災対策,シンサイタイサク
んだけど…,ンダケド
衆院補選,シュウインホセン
独自ネタ,ドクジネタ
森喜朗氏,シンキロウシ
議決起訴,ギケツキソ
韓国検察,カンコクケンサツ
３ヶ月,サンカゲツ
告発者,コクハツシャ
経験者,ケイケンシャ
長事件,チョウジケン
朴裕河教授,パクユハキョウジュ
調査委,チョウサイ
アナ久代萌美,アナクシロモエミ
竹田さん,タケダサン
清原被告,キヨハラヒコク
読売調査,ヨミウリチョウサ
アナ渡辺和洋,アナワタナベカズヒロ
違反容疑,イハンヨウギ
氏ら,シラ
人権感覚,ジンケンカンカク
沼尻さん,ヌマジリサン
山崎豊子展,ヤマサキトヨコテン
官民協働,カンミンキョウドウ
シリア人一家,シリアジンイッカ
現金授受,ゲンキンジュジュ
週刊文春編集長,シュウカンブンシュンヘンシュウチョウ
巨大組,キョダイグミ
岩合さん,イワゴウサン
秩序維持,チツジョイジ
武田アナ,タケダアナ
安倍ちゃん,アベチャン
４３,ヨンサン
支持者,シジシャ
オバマ氏,オバマシ
重要証人,ジュウヨウショウニン
民進党議員,ミンシントウギイン
６割,ロクワリ
参院選挙,サンインセンキョ
維持費,イジヒ
９０,キュウゼロ
無罪確定,ムザイカクテイ
過去最多,カコサイタ
石野繁生,イシノシゲオ
電飾,デンカザリ
２兆,ニチョウ
母親ら,ハハオヤラ
橋下徹氏,ハシモトトオルシ
報道の自由度,ホウドウノジユウド
オウム裁判,オウムサイバン
翁長知事,オナガチジ
保育士さん,ホイクシサン
声出し,コエダシ
赤枝氏,アカエダシ
精神的,セイシンテキ
円超,エンチョウ
橋下氏,ハシシタシ
情報さん,ジョウホウサン
執行猶予判決,シッコウユウヨハンケツ
RTこれ,アールティーコレ
上野動物園,ウエノドウブツエン
福島県外,フクシマケンガイ
３日,サンニチ
前原氏,マエハラシ
１か月,イチカゲツ
マチュピチュ村,マチュピチュムラ
渡辺和洋アナ,ワタナベカズヒロアナ
身代金要求,ミノシロキンヨウキュウ
年連続,ネンレンゾク
８７,ハチナナ
男逮捕,オトコタイホ
９条,キュウジョウ
西山喜久恵アナ,ニシヤマキクエアナ
９日,キュウニチ
下村文科相,シモムラモンカショウ
年後,ネンゴ
北海道５,ホッカイドウゴ
国策落語,コクサクラクゴ
６人,ロクニン
久代萌美アナ,クシロモエミアナ
同時テロ,ドウジテロ
礒崎氏,イソザキシ
特集ワイド,トクシュウワイド
物理的,ブツリテキ
投票先,トウヒョウサキ
甘利事務所,アマリジムショ
予定通り,ヨテイドオリ
身元不明,ミモトフメイ
国会審議,コッカイシンギ
あと２,アトニ
レーザー照射,レーザーショウシャ
８人,ハチニン
青野由利,アオノユリ
夫婦別姓訴訟,フウフベッセイソショウ
東海道線,トウカイドウセン
９４,キュウヨン
９６,キュウロク
傍聴人,ボウチョウジン
無罪推定,ムザイスイテイ
規制法案,キセイホウアン
授受問題,ジュジュモンダイ
満足感,マンゾクカン
なっちゃったん,ナッチャッタン
４時間,ヨンジカン
菊地被告,キクチヒコク
土曜朝,ドヨウアサ
盗聴疑惑,トウチョウギワク
読売新聞夕刊,ヨミウリシンブンユウカン
抽象的,チュウショウテキ
日経世論調査,ニッケイヨロンチョウサ
３２,サンニ
安倍内閣支持,アベナイカクシジ
記憶遺産登録,キオクイサントウロク
Japanさん,ジャパンサン
線源,センゲン
４歳,ヨンサイ
野球賭博問題,ヤキュウトバクモンダイ
常岡氏,ツネオカシ
ストップいじめ,ストップイジメ
消費税２,ショウヒゼイニ
ありませんよう,アリマセンヨウ
女性基金,ジョセイキキン
大西氏,オオニシシ
最終日,サイシュウビ
放送合唱団,ホウソウガッショウダン
右上,ミギジョウ
杉山さん,スギヤマサン
条約上,ジョウヤクジョウ
五郎丸選手,ゴロウマルセンシュ
歌い手たち,ウタイテタチ
本格的,ホンカクテキ
屋さん,ヤサン
皇太子さま,コウタイシサマ
８年,ハチネン
組体操,グミタイソウ
高遠さん,タカトオサン
共同制作,キョウドウセイサク
年６月,ネンロクガツ
優さん,ユウサン
３万,サンマン
田母神氏,タモガミシ
日本経済,ニッポンケイザイ
計画白紙,ケイカクハクシ
内閣不支持,ナイカクフシジ
初当選組,ハツトウセングミ
最大規模,サイダイキボ
批評対談,ヒヒョウタイダン
待機児童対策,タイキジドウタイサク
強化費,キョウカヒ
解決策,カイケツサク
憲法解釈,ケンポウカイシャク
本屋さん,ホンヤサン
４２,ヨンニ
７割,ナナワリ
百億,ヒャクオク
いじめ防止,イジメボウシ
１殺害,イチサツガイ
肉球新党,ニクキュウシントウ
緊急対策,キンキュウタイサク
スーチー氏,スーチーシ
兆円,チョウエン
礒崎補佐,イソザキホサ
首謀者,シュボウシャ
ヘイトスピーチ規制,ヘイトスピーチキセイ
リーマン前,リーマンマエ
０日,ゼロニチ
熊本館,クマモトカン
最終的,サイシュウテキ
津久井弁護士,ツクイベンゴシ
米大統領,ベイダイトウリョウ
お巡りさんたち,オマワリサンタチ
万５,マンゴ
動物園開園,ドウブツエンカイエン
電子版,デンシバン
ここ数,ココスウ
３か月,サンカゲツ
傍聴席,ボウチョウセキ
朝刊各紙,チョウカンカクシ
健康影響,ケンコウエイキョウ
測定方法,ソクテイホウホウ
３月１,サンガツイチ
専門的,センモンテキ
協働型,キョウドウガタ
さそう,サソウ
服役中,フクエキチュウ
型支援,ガタシエン
支払い命令,シハライメイレイ
事故時,ジコジ
米軍ヘリ,ベイグンヘリ
万件,マンケン
小林氏,コバヤシシ
国際法学者,コクサイホウガクシャ
虔さん,ケンサン
大切さ,タイセツサ
初演時,ショエンジ
高級ブドウ,コウキュウブドウ
強要未遂,キョウヨウミスイ
会見全文,カイケンゼンブン
黒田博さん,クロダヒロシサン
大野さん,オオノサン
被爆地,ヒバクチ
９３,キュウサン
親御さん,オヤゴサン
天皇陛下おことば,テンノウヘイカオコトバ
大阪府警捜査,オオサカフケイソウサ
乙武氏,オトタケシ
経済的,ケイザイテキ
１面,イチメン
千万,センマン
２３,ニサン
１分,イチフン
介護殺人,カイゴサツジン
自治体チェックリスト,ジチタイチェックリスト
宿泊用,シュクハクヨウ
１本,イチホン
食品分,ショクヒンブン
事件後,ジケンゴ
文化面,ブンカメン
原稿書き,ゲンコウガキ
３歳児,サンサイジ
石原さん,イシハラサン
召集見送り,ショウシュウミオクリ
４年間,ヨンネンカン
手続き的,テツヅキテキ
五百,ゴヒャク
活動中,カツドウチュウ
５センチ,ゴセンチ
芸劇,ゲイゲキ
いいわけ語録,イイワケゴロク
海洋調べ,カイヨウシラベ
題名役,ダイメイヤク
ラボ共同,ラボキョウドウ
日韓関係,ニッカンカンケイ
井戸備え,イドソナエ
内閣支持率回復,ナイカクシジリツカイフク
１女児,イチジョジ
ドイツ国民,ドイツコクミン
いじめナビ,イジメナビ
取調官,トリシラベカン
安藤忠雄氏,アンドウタダオシ
RT東京,アールティートウキョウ
大臣問題,ダイジンモンダイ
新設予定,シンセツヨテイ
遺伝的,イデンテキ
逆転無罪判決,ギャクテンムザイハンケツ
米軍機,ベイグンキ
上村遼,ウエムラリョウ
１，,イチ，
有力候補,ユウリョクコウホ
文学センス,ブンガクセンス
労次官,ロウジカン
女児死亡,ジョジシボウ
敵性音楽,テキセイオンガク
数人,スウニン
ホルンソロ,ホルンソロ
報道圧力,ホウドウアツリョク
銃乱射,ジュウランシャ
まま社会,ママシャカイ
事件以降,ジケンイコウ
電波停止,デンパテイシ
総括質疑,ソウカツシツギ
２社,ニシャ
面トップ,メントップ
公開捜査,コウカイソウサ
宣伝コーナー,センデンコーナー
安倍晋三首,アベシンゾウシュ
元信者,モトノブシャ
参議院議員会館,サンギインギインカイカン
女児焼死,ジョジショウシ
オバマ大統領回答,オバマダイトウリョウカイトウ
宇土市役所,ウトシヤクショ
アイシスちゃん,アイシスチャン
勤務先,キンムサキ
２幕,ニマク
日の丸九条の会,ヒノマルキュウジョウノカイ
２月半ば,ニガツナカバ
RT三,アールティーサン
報道ぶり,ホウドウブリ
演奏時間,エンソウジカン
割超,ワリチョウ
時２,ジニ
中国残留,チュウゴクザンリュウ
きれいな青空,キレイナアオゾラ
日本漁業,ニッポンギョギョウ
野坂昭如さん,ノサカアキユキサン
具体例,グタイレイ
県民健康,ケンミンケンコウ
４９,ヨンキュウ
年前と,ネンゼント
維新分裂,イシンブンレツ
定数削減,テイスウサクゲン
松野代表,マツノダイヒョウ
６時,ロクジ
福島産,フクシマサン
The批評,ザヒヒョウ
７日,ナナニチ
戦争法案反対,センソウホウアンハンタイ
５割,ゴワリ
幸子さん,サチコサン
孤児２,コジニ
日比谷図書館いわき,ヒビヤトショカンイワキ
なにわ翁,ナニワオキナ
ヘリ墜落,ヘリツイラク
足立議員,アダチギイン
５億,ゴオク
東京新聞夕刊,トウキョウシンブンユウカン
定例記者会見,テイレイキシャカイケン
国際的,コクサイテキ
暴力沙汰,ボウリョクサタ
災害福祉,サイガイフクシ
一答,イチトウ
名古屋愛知県弁護士会,ナゴヤアイチケンベンゴシカイ
さん一,サンイチ
人分,ニンブン
世情騒然,セジョウソウゼン
化学賞,カガクショウ
熊本市総合,クマモトシソウゴウ
１時,イチジ
終了後,シュウリョウゴ
韓国外務省,カンコクガイムショウ
最高額,サイコウガク
天皇皇后,テンノウコウゴウ
円支払い,エンシハライ
負担軽減,フタンケイゲン
品紛失,ヒンフンシツ
解釈変更,カイシャクヘンコウ
茶トラ猫,チャトラネコ
与良政談,ヨラセイダン
改正法案,カイセイホウアン
朴裕河氏,パクユハシ
特定秘密保護法成立,トクテイヒミツホゴホウセイリツ
学者ら,ガクシャラ
マクベス夫人,マクベスフジン
全文掲載,ゼンブンケイサイ
ガラス戸,ガラスト
人が犠牲,ジンガギセイ
安藤氏,アンドウシ
財源確保,ザイゲンカクホ
実行犯じゃなくて,ジッコウハンジャナクテ
８％,ハチパーセント
原節子さん,ハラセツコサン
衆院本会議,シュウインホンカイギ
村山浩昭,ムラヤマヒロアキ
誤記録,ゴキロク
主犯少年,シュハンショウネン
ネット中継,ネットチュウケイ
異常事態,イジョウジタイ
清水良一,シミズリョウイチ
菊地元信,キクチモトノブ
佐木隆三さん,サキリュウゾウサン
再審無罪,サイシンムザイ
待機児童増加,タイキジドウゾウカ
日韓会談,ニッカンカイダン
さん著,サンチョ
取り調べ認定,トリシラベニンテイ
甘利氏側,アマリシガワ
山田被告,ヤマダヒコク
職員用,ショクインヨウ
４月１,シガツイチ
大統領主催,ダイトウリョウシュサイ
首相会見,シュショウカイケン
黒田さん,クロダサン
有罪立証,ユウザイリッショウ
安倍晋三首相,アベシンゾウシュショウ
原子力規制,ゲンシリョクキセイ
宇宙的,ウチュウテキ
猶予判決,ユウヨハンケツ
マーラー５,マーラーゴ
調べ隊,シラベタイ
・２,・ニ
さん７,サンナナ
登録申請,トウロクシンセイ
ら強制起訴,ラキョウセイキソ
３件,サンケン
樋口陽一先生,ヒグチヨウイチセンセイ
オランダ人役,オランダジンヤク
日本盗聴,ニッポントウチョウ
動物たち,ドウブツタチ
３９,サンキュウ
深刻さ,シンコクサ
人的被害,ジンテキヒガイ
隔離法廷,カクリホウテイ
配置基準,ハイチキジュン
百人,ヒャクニン
日前,ニチマエ
設置団体,セッチダンタイ
震災以降,シンサイイコウ
１番,イチバン
女子大生刺傷,ジョシダイセイシショウ
押収処分,オウシュウショブン
耕論,コウロン
法曹合唱団,ホウソウガッショウダン
韓国国民,カンコクコクミン
．６,．ロク
幸せそう,シアワセソウ
今月２,コンゲツニ
痛分類,イタミワケルイ
ノーベル賞作家,ノーベルショウサッカ
日午後,ニチゴゴ
職業裁判官,ショクギョウサイバンカン
刑事訴訟法改正案,ケイジソショウホウカイセイアン
指導力,シドウリョク
女性裁判官,ジョセイサイバンカン
席確保,セキカクホ
昨年末,サクネンマツ
増１,ゾウイチ
高齢夫婦,コウレイフウフ
歳男性,サイダンセイ
英女性議員,エイジョセイギイン
刑務所内,ケイムショナイ
予約開始,ヨヤクカイシ
２度目,ニドメ
兼松商店,カネマツショウテン
制作オペラ,セイサクオペラ
離党届,リトウトドケ
地域圏議会選挙,チイキケンギカイセンキョ
2016年1月14日,ニセンジュウロクネンイチガツジュウヨッカ
参拝者,サンパイシャ
動物愛護センター,ドウブツアイゴセンター
備え宿泊,ソナエシュクハク
栗友会合唱団,リツユウカイガッショウダン
貴氏,タカシ
極対立,キョクタイリツ
０度,ゼロド
当該生徒,トウガイセイト
合区,ゴウク
フジテレビ系,フジテレビケイ
共同代表,キョウドウダイヒョウ
印象的,インショウテキ
毎日新聞調査,マイニチシンブンチョウサ
３倍,サンバイ
熊本地震災害,クマモトジシンサイガイ
利得処罰,リトクショバツ
感動的,カンドウテキ
知事いいわけ,チジイイワケ
発言公表,ハツゲンコウヒョウ
本社説,ホンシャセツ
スラップ訴訟,スラップソショウ
１時半,イチジハン
３度,サンド
一冊,イチサツ
史上最悪,シジョウサイアク
一輪,イチリン
フィリピン大統領,フィリピンダイトウリョウ
午後の紅茶購入,ゴゴノコウチャコウニュウ
カナロコby,カナロコビーワイ
施設点検,シセツテンケン
大野和士さん,オオノカズシサン
２死亡,ニシボウ
毎日調査,マイニチチョウサ
安保反対,アンポハンタイ
，２,，ニ
末梢血流,マッショウケツリュウ
否定的,ヒテイテキ
誘導的,ユウドウテキ
中１殺害,チュウイチサツガイ
回公判,カイコウハン
いわき海洋,イワキカイヨウ
袴田巌さん,ハカマダイワオサン
小林至氏,コバヤシイタルシ
呉服店,ゴフクテン
捜査当局,ソウサトウキョク
政府案,セイフアン
７万,ナナマン
見本林,ミホンリン
日平均,ニチヘイキン
伝統的,デントウテキ
繁生さん,シゲオサン
あと３,アトサン
夕刊文化,ユウカンブンカ
９億,キュウオク
残留孤児,ザンリュウコジ
editorsさん,エディターズサン
米大統領選,ベイダイトウリョウセン
観戦歴,カンセンレキ
警察内部,ケイサツナイブ
大島隆明,オオシマタカアキ
福川さん,フクガワサン
５６,ゴロク
速記録,ソッキロク
名字放棄,ミョウジホウキ
自分以外,ジブンイガイ
奥田君,オクダクン
倫理違反,リンリイハン
成立直後,セイリツチョクゴ
％分,パーセントブン
全員救助,ゼンインキュウジョ
理虔,サトシケン
キリスト教徒,キリストキョウト
ツイート問題,ツイートモンダイ
宮子あずささん,ミヤコアズササン
がんばり方,ガンバリカタ
…。３,サイレンスサン
法制度,ホウセイド
避難生活,ヒナンセイカツ
５千,ゴセン
中林社長,ナカバヤシシャチョウ
名張毒ぶどう酒事件弁護団,ナバリドクブドウシュジケンベンゴダン
肉体的,ニクタイテキ
か月間,カゲツカン
最高幹部,サイコウカンブ
スウェーデン放送,スウェーデンホウソウ
吉くん,ヨシクン
詐欺未遂,サギミスイ
最高裁長官,サイコウサイチョウカン
熊本滞在,クマモトタイザイ
医療少年院送致,イリョウショウネンインソウチ
原発事故後,ゲンパツジコゴ
特等席,トクトウセキ
サミット報道,サミットホウドウ
２割,ニワリ
処罰感情,ショバツカンジョウ
バス事故,バスジコ
油井さん,ユイサン
櫻井さん,サクライサン
達成率,タッセイリツ
刑執行,ケイシッコウ
対策法,タイサクホウ
実施中,ジッシチュウ
氏死去,シシキョ
憲法主義,ケンポウシュギ
自民党議員,ジミントウギイン
処罰法,ショバツホウ
１割,イチワリ
枝野さん,エダノサン
総理記者会見,ソウリキシャカイケン
作業中,サギョウチュウ
わらしら,ワラシラ
江川紹子氏,エガワショウコシ
人目,ニンメ
７２,ナナニ
抑制的,ヨクセイテキ
親族経営,シンゾクケイエイ
水爆実験,スイバクジッケン
女逮捕,ジョタイホ
放送法違反,ホウソウホウイハン
小松理,コマツサトシ
支援体制,シエンタイセイ
検審起訴,ケンシンキソ
玉置浩二さん,タマキコウジサン
恩氏,オンシ
荻上チキさん,オギウエチキサン
円支援,エンシエン
愛知県弁護士会シンポジウム,アイチケンベンゴシカイシンポジウム
理由トップ,リユウトップ
RT１１月,アールティージュウイチガツ
状況下,ジョウキョウカ
特急列車,トッキュウレッシャ
歌手たち,カシュタチ
購入済,コウニュウスミ
がれざま,ガレザマ
後藤さん,ゴトウサン
考論,コウロン
テレビ報道,テレビホウドウ
３自殺,サンジサツ
研究結果,ケンキュウケッカ
保育士処遇,ホイクシショグウ
０増,ゼロゾウ
２千,ニセン
躍動感,ヤクドウカン
死者１,シシャイチ
抜本的,バッポンテキ
石川先生,イシカワセンセイ
臨時国会召集,リンジコッカイショウシュウ
組織的不法行為,ソシキテキフホウコウイ
おおさか維新,オオサカイシン
人あたり,ニンアタリ
星野さん,ホシノサン
東京日比谷図書館,トウキョウヒビヤトショカン
祈祷師,キトウシ
女性不明,ジョセイフメイ
メルケル首相,メルケルシュショウ
証人尋問,ショウニンジンモン
憲法裁,ケンポウサイ
前回比,ゼンカイヒ
年１１月,ネンジュウイチガツ
噴火災害,フンカサイガイ
万６,マンロク
さん５,サンゴ
本目,ホンメ
購入済み,コウニュウズミ
的暴力,テキボウリョク
作家自身,サッカジシン
選手強化,センシュキョウカ
参院特別,サンイントクベツ
芥川賞系,アクタガワショウケイ
最新号,サイシンゴウ
自白強要,ジハクキョウヨウ
年判決,ネンハンケツ
差別的言動,サベツテキゲンドウ
ソウル地裁,ソウルチサイ
淳さん,アツシサン
クラス内,クラスナイ
処分軽減,ショブンケイゲン
さん拘束,サンコウソク
事件裁判長,ジケンサイバンチョウ
殴打事件,オウダジケン
足元気,アシモトキ
三度目,サンドメ
松田幸子,マツダサチコ
発売中,ハツバイチュウ
ハンセン病患者,ハンセンビョウカンジャ
介護負担,カイゴフタン
言論活動,ゲンロンカツドウ
だめぢ,ダメヂ
RT鹿児島,アールティーカゴシマ
WSJさん,ダブリューエスジェイサン
復旧復興,フッキュウフッコウ
白鳥決定,ハクチョウケッテイ
謝謝,シャシャ
山手線,ヤマテセン
RT江川紹子,アールティーエガワショウコ
総合体育館,ソウゴウタイイクカン
１・,イチ・
幹事社,カンジシャ
屋呉服,ヤゴフク
米英,ベイエイ
さん自身,サンジシン
ひとり親,ヒトリオヤ
高橋淳,タカハシアツシ
直接謝罪,チョクセツシャザイ
文庫版,ブンコバン
人超,ニンチョウ
イゾルデ役,イゾルデヤク
さんけい鮮魚店,サンケイセンギョテン
信毎web,シンマイウェブ
再審決定,サイシンケッテイ
ネット検索,ネットケンサク
抑止効果,ヨクシコウカ
今日あたり,キョウアタリ
度ランキング,ドランキング
とゆう感じ,トユウカンジ
不可逆的,フカギャクテキ
全国ニュース,ゼンコクニュース
100人以上,ヒャクニンイジョウ
卒業取り消し,ソツギョウトリケシ
１千,イチセン
虚偽告発,キョギコクハツ
歩いた人,アユミイタジン
部会長,ブカイチョウ
歌手陣,カシュジン
オウム菊地直子,オウムキクチナオコ
スミレさん,スミレサン
ロス疑惑殴打,ロスギワクオウダ
枝野氏,エダノシ
フィリピン訪問,フィリピンホウモン
６年,ロクネン
身代金交渉,ミノシロキンコウショウ
英米,エイベイ
法政大教授,ホウセイダイキョウジュ
発言時間,ハツゲンジカン
春祭,ハルサイ
水木しげるさん,ミズキシゲルサン
法務省前,ホウムショウマエ
一時的,イチジテキ
二歩,ニホ
災害緊急,サイガイキンキュウ
一段階,イチダンカイ
的影響,テキエイキョウ
受刑者ら,ジュケイシャラ
記者証,キシャショウ
何年間,ナンネンカン
自民総裁選,ジミンソウサイセン
品購入,ヒンコウニュウ
率逆転,リツギャクテン
神戸新聞NEXT,コウベシンブンネクスト
相談者,ソウダンシャ
避難指示解除,ヒナンシジカイジョ
問題化,モンダイカ
一億総活躍,イチオクソウカツヤク
リスク対応,リスクタイオウ
子猫ちゃん,コネコチャン
非核三原則,ヒカクサンゲンソク
５４,ゴヨン
人材確保,ジンザイカクホ
引退後,インタイゴ
枝野幹事長,エダノカンジチョウ
東京文化会館,トウキョウブンカカイカン
君殺害事件,クンサツガイジケン
２．,ニ．
下さん,カサン
歴史上,レキシジョウ
差別心,サベツシン
７部,ナナブ
違憲訴訟,イケンソショウ
ら死刑,ラシケイ
７・,ナナ・
罪少年,ツミショウネン
補導少女,ホドウショウジョ
４千,ヨンセン
よう指示,ヨウシジ
安倍政権支持,アベセイケンシジ
敏腕弁護士,ビンワンベンゴシ
日経春秋,ニッケイシュンジュウ
午後１,ゴゴイチ
商店さんけい,ショウテンサンケイ
７６,ナナロク
高市総務相,タカイチソウムショウ
密売人,ミツバイジン
公私混同批判,コウシコンドウヒハン
極化,キョクカ
実効性,ジッコウセイ
不信感,フシンカン
億ドル,オクドル
一字,イチジ
現実的,ゲンジツテキ
反射神経,ハンシャシンケイ
数十,スウジュウ
２年生,ニネンセイ
更正可能性,コウセイカノウセイ
福島県民,フクシマケンミン
０年間,ゼロネンカン
快速電車,カイソクデンシャ
八百長懸念,ヤオチョウケネン
自爆ベルト,ジバクベルト
２６,ニロク
中国人強制連行,チュウゴクジンキョウセイレンコウ
社会面トップ,シャカイメントップ
・７,・ナナ
後継事業,コウケイジギョウ
組織委,ソシキイ
小澤征爾さん,オザワセイジサン
設計会社,セッケイカイシャ
弱体化,ジャクタイカ
テロ１,テロイチ
息子さん,ムスコサン
駅員さん,エキインサン
野党議員,ヤトウギイン
2013年12月,ニセンジュウサンネンジュウニガツ
広島訪問,ヒロシマホウモン
逃げ隠れ,ニゲカクレ
農村票,ノウソンヒョウ
常磐線,トキワセン
問一,モンイチ
例目,レイメ
強盗事件再審,ゴウトウジケンサイシン
発覚後,ハッカクゴ
緊急支援,キンキュウシエン
支持率,シジリツ
・９,・キュウ
ベッキーさん,ベッキーサン
差別ツイート,サベツツイート
中学２,チュウガクニ
宙空,チュウソラ
安保法案反対デモ,アンポホウアンハンタイデモ
2012年初当選,ニセンジュウニネンハツトウセン
記念式典,キネンシキテン
合掌RT,ガッショウアールティー
ＤＮＡ型,ディーエヌエイガタ
杉並区議,スギナミクギ
身柄拘束,ミガラコウソク
円賠償命令,エンバイショウメイレイ
クソコラグランプリ,クソコラグランプリ
意識不明,イシキフメイ
被災スイカ,ヒサイスイカ
ウィズニュース,ウィズニュース
小沢氏,オザワシ
財相,ザイショウ
林美智子版,ハヤシミチコバン
郷原さん,ゴウバラサン
１敗,イチハイ
法的制度,ホウテキセイド
衆議委員長,シュウギイインチョウ
一票,イチヒョウ
共謀罪法案,キョウボウザイホウアン
国会最大,コッカイサイダイ
ヤマタクさん,ヤマタクサン
例外的,レイガイテキ
子供たち,コドモタチ
６倍,ロクバイ
審議中,シンギチュウ
信用性,シンヨウセイ
改憲草案,カイケンソウアン
読産,サトルサン
ところ大,トコロダイ
フリージャーナリスト,フリージャーナリスト
審無罪,シンムザイ
実施済み,ジッシズミ
海外向け,カイガイムケ
特別編集委員,トクベツヘンシュウイイン
甘利氏金銭,アマリシキンセン
不幸中,フコウチュウ
子どもの貧困対策,コドモノヒンコンタイサク
by神奈川新聞,ビーワイカナガワシンブン
ヘイトスピーチ解消,ヘイトスピーチカイショウ
中３,チュウサン
等改正,トウカイセイ
一点,イチテン
一問,イチモン
支持不支持,シジフシジ
保育士給与,ホイクシキュウヨ
資料収集,シリョウシュウシュウ
本質的,ホンシツテキ
日本みたい,ニッポンミタイ
代替案,ダイタイアン
甲斐さん,カイサン
司法クラブ,シホウクラブ
２か月,ニカゲツ
岩手中2,イワテチュウニ
こと自体,コトジタイ
電話,デンバナシ
限定的,ゲンテイテキ
死刑議論,シケイギロン
一般書籍,イッパンショセキ
新国立競技場クソコラ,シンコクリツキョウギジョウクソコラ
４％,ヨンパーセント
ショーン氏,ショーンシ
民主主義社会,ミンシュシュギシャカイ
大和君,ヤマトクン
健康調査,ケンコウチョウサ
斎藤嘉隆氏,サイトウヨシタカシ
２世,ニセイ
オウム事件遺族,オウムジケンイゾク
０年度,ゼロネンド
３・,サン・
日本酒,ニッポンシュ
仲代さん,ナカダイサン
２週間,ニシュウカン
里親様,サトオヤサマ
歌い手陣,ウタイテジン
押収物,オウシュウブツ
民主的,ミンシュテキ
浩昭裁判長,ヒロアキサイバンチョウ
９時,キュウジ
抗議集会,コウギシュウカイ
会長声明,カイチョウセイメイ
懲役４,チョウエキヨン
桜田氏,サクラダシ
年２月,ネンニガツ
日本側,ニッポンガワ
武田さん,タケダサン
靖国神社爆発音,ヤスクニジンジャバクハツオン
三女,サンジョ
的知見,テキチケン
人中,ニンチュウ
ロイター記者,ロイターキシャ
被害者側,ヒガイシャガワ
あなた自身,アナタジシン
中日新聞,チュウニチシンブン
・６,・ロク
被曝デマ,ヒバクデマ
９歳,キュウサイ
的精神,テキセイシン
食品購入,ショクヒンコウニュウ
建設費,ケンセツヒ
１１月7日,ジュウイチガツナノカ
夫婦死亡,フウフシボウ
２氏,ニシ
７年,ナナネン
あなたたち,アナタタチ
意識回復,イシキカイフク
公平公正,コウヘイコウセイ
中村紘子さん,ナカムラヒロコサン
食事中,ショクジチュウ
境治,サカイチ
時間半,ジカンハン
橋下新党,ハシシタシントウ
大阪方面,オオサカホウメン
優先的,ユウセンテキ
長毛茶,ナガモウチャ
民進,ミンススム
身内びいき,ミウチビイキ
憲法上,ケンポウジョウ
晩さん会,バンサンカイ
使命感,シメイカン
懲役１,チョウエキイチ
入所者,ニュウショシャ
身長１,シンチョウイチ
土記,ドキ
自己可視化,ジコカシカ
沖縄女性,オキナワジョセイ
６５,ロクゴ
坂本弁護士一家,サカモトベンゴシイッカ
仲間たち,ナカマタチ
法廷メモ,ホウテイメモ
制作発表,セイサクハッピョウ
登録制度,トウロクセイド
暴力行為,ボウリョクコウイ
４億,ヨンオク
賛成派,サンセイハ
時１,ジイチ
０減,ゼロゲン
者１,シャイチ
女性活躍,ジョセイカツヤク
さぶいよ,サブイヨ
義務教育,ギムキョウイク
RT今日,アールティーキョウ
滞在中,タイザイチュウ
迷い猫,マヨイネコ
教本漏えい,キョウホンロウエイ
安保法案抗議,アンポホウアンコウギ
支持急落,シジキュウラク
銀座熊本,ギンザクマモト
舞台装置,ブタイソウチ
独立性,ドクリツセイ
国民的,コクミンテキ
円強,エンキョウ
２次,ニジ
円引き,エンビキ
川上泰徳,カワカミヤスノリ
友好都市,ユウコウトシ
政界復帰,セイカイフッキ
３面,サンメン
殺人容疑,サツジンヨウギ
あっせん利得,アッセンリトク
