一人,イチニン
アドファイブ,アドファイブ
００,ゼロゼロ
アルバイト生,アルバイトセイ
万円,マンエン
ファイブ日記,ファイブニッキ
技術的,ギジュツテキ
研究者,ケンキュウシャ
受託開発,ジュタクカイハツ
データ分析,データブンセキ
対話システム,タイワシステム
自社製品,ジシャセイヒン
１０,イチゼロ
さそう,サソウ
データレシピ,データレシピ
お客さん,オキャクサン
二人,ニニン
０万,ゼロマン
TechCrunchJapan,テッククランチジャパン
製品開発,セイヒンカイハツ
２０,ニゼロ
具体的,グタイテキ
定式化,テイシキカ
技術力,ギジュツリョク
jptechcrunch,ジェイピーテッククランチ
ドローン向け,ドローンムケ
コンサル先,コンサルサキ
自己資金,ジコシキン
億円,オクエン
自動生成,ジドウセイセイ
展示会,テンジカイ
Shareさん,シェアサン
SlideShare,スライドシェア
techcrunchさん,テッククランチサン
年前,ネンマエ
理論的,リロンテキ
３０,サンゼロ
取引先,トリヒキサキ
粒子フィルタ,リュウシフィルタ
japanさん,ジャパンサン
ソフト開発,ソフトカイハツ
万以上,マンイジョウ
jpさん,ジェーピーサン
体系化,タイケイカ
汎用的,ハンヨウテキ
新規事業,シンキジギョウ
年後,ネンゴ
問題設定,モンダイセッテイ
特化,トクカ
５０,ゴゼロ
一度,イチド
時間単価,ジカンタンカ
自社プロダクト,ジシャプロダクト
０円,ゼロエン
特徴量,トクチョウリョウ
みたいの,ミタイノ
利益率,リエキリツ
基盤ソフト,キバンソフト
抽象的,チュウショウテキ
０年,ゼロネン
直感的,チョッカンテキ
数理的,スウリテキ
バンドル調整,バンドルチョウセイ
モデル化,モデルカ
事業化,ジギョウカ
シェアオフィス,シェアオフィス
研究テーマ,ケンキュウテーマ
大手企業,オオテキギョウ
学術的,ガクジュツテキ
学生アルバイト,ガクセイアルバイト
三日,サンニチ
数百,スウヒャク
工学的,コウガクテキ
千万,センマン
ビジネス的,ビジネステキ
長期的,チョウキテキ
礒部さん,イソベサン
ガロワ理論,ガロワリロン
年半,ネンハン
一個,イチコ
知能化,チノウカ
YouTubeさん,ユーチューブサン
事前知識,ジゼンチシキ
脳アーキテクチャ,ノウアーキテクチャ
尤度,ユウド
一本,イチホン
精神的,セイシンテキ
アツい,アツイ
行動力,コウドウリョク
画像認識,ガゾウニンシキ
記号創発,キゴウソウハツ
アルゴリズムアート,アルゴリズムアート
対話エンジン,タイワエンジン
本質的,ホンシツテキ
三段,サンダン
一回,イチカイ
自社サービス,ジシャサービス
週三,シュウサン
観光ガイド,カンコウガイド
数学的,スウガクテキ
テックベンチャー,テックベンチャー
特徴点,トクチョウテン
んじゃなくて,ンジャナクテ
サラリーマン時代,サラリーマンジダイ
対話型,タイワガタ
自動化,ジドウカ
僕自身,ボクジシン
０億,ゼロオク
phaさん,ファサン
科学的,カガクテキ
一日,イチニチ
生たち,セイタチ
なにこれ,ナニコレ
回目,カイメ
不定性,フテイセイ
午前中,ゴゼンチュウ
複数台,フクスウダイ
こと無駄,コトムダ
それ以外,ソレイガイ
IoTデバイス,アイオーティーデバイス
要素技術,ヨウソギジュツ
協力者,キョウリョクシャ
確率的,カクリツテキ
汎化,ヒロシカ
実用的,ジツヨウテキ
年目,ネンメ
RTGoogle,アールティーグーグル
屋さん,ヤサン
１年,イチネン
数十,スウジュウ
独立性,ドクリツセイ
具体化,グタイカ
百万,ヒャクマン
的興味,テキキョウミ
ドローン専門,ドローンセンモン
位置推定,イチスイテイ
知能情報処理,チノウジョウホウショリ
シミュレータ上,シミュレータジョウ
カルマンフィルタ,カルマンフィルタ
５年,ゴネン
一点,イチテン
総合的,ソウゴウテキ
形式化,ケイシキカ
正則化項,セイソクカコウ
一億,イチオク
一緒に仕事,イッショニシゴト
ここ数,ココスウ
言語化,ゲンゴカ
ゲートウェイ装置,ゲートウェイソウチ
年ぶり,ネンブリ
数名,スウメイ
専門メディア,センモンメディア
産業応用,サンギョウオウヨウ
会社員時代,カイシャインジダイ
抽象度,チュウショウド
博士課程,ハカセカテイ
一般的,イッパンテキ
クロスバリデーション,クロスバリデーション
羽生さん,ハブサン
ドメイン知識,ドメインチシキ
４０,ヨンゼロ
関係性,カンケイセイ
同一視,ドウイツシ
環境知能,カンキョウチノウ
原理的,ゲンリテキ
gizmodojapan,ギズモードジャパン
向けソフトウェア,ムケソフトウェア
コンサル契約,コンサルケイヤク
，３,，サン
RT人工知能,アールティージンコウチノウ
自己位置,ジコイチ
物理的,ブツリテキ
僕みたい,ボクミタイ
今週末,コンシュウマツ
プロダクト開発,プロダクトカイハツ
データ解析,データカイセキ
研究成果,ケンキュウセイカ
ガロワ群,ガロワグン
個人的,コジンテキ
自社事業,ジシャジギョウ
２，,ニ，
クラウド側,クラウドガワ
セマンティック検索,セマンティックケンサク
マーケットフィット,マーケットフィット
さんみたい,サンミタイ
RTグーグル,アールティーグーグル
オントロジーみたい,オントロジーミタイ
結婚相手,ケッコンアイテ
最終的,サイシュウテキ
フレームワーク化,フレームワークカ
経営陣,ケイエイジン
一発,イチハツ
点ベース,テンベース
高校時代,コウコウジダイ
JPさん,ジェーピーサン
兆円,チョウエン
アルバイトメンバー,アルバイトメンバー
LiquidState,リキッドステート
そうRT,ソウアールティー
哲学書,テツガクショ
二回,ニカイ
一年生,イチネンセイ
創発ロボティクス,ソウハツロボティクス
オフィス運営,オフィスウンエイ
大変そう,タイヘンソウ
管理画面,カンリガメン
バイト生,バイトセイ
俺天才,オレテンサイ
最適化,サイテキカ
格フレーム,カクフレーム
数日,スウニチ
自動獲得,ジドウカクトク
RTドローン,アールティードローン
女の子たち,オンナノコタチ
社掛け持ち,シャカケモチ
確率ロボティクス,カクリツロボティクス
版みたい,バンミタイ
１５,イチゴ
便利そう,ベンリソウ
落し物ドットコム,オトシモノドットコム
本格的,ホンカクテキ
壇蜜さん,ダンミツサン
自律制御,ジリツセイギョ
三年,サンネン
ガイドAI,ガイドアイ
便利便利,ベンリベンリ
クライアントワーク,クライアントワーク
非線形最適化,ヒセンケイサイテキカ
学習結果,ガクシュウケッカ
東工大生,トウコウダイセイ
開発会社,カイハツカイシャ
自律型,ジリツガタ
開発案件,カイハツアンケン
事業開発,ジギョウカイハツ
あと数,アトスウ
デベロッパーネットワーク,デベロッパーネットワーク
学習データ,ガクシュウデータ
笑RT,エミアールティー
型ドローン,ガタドローン
数千,スウセン
観光客向け,カンコウキャクムケ
目的関数,モクテキカンスウ
メタ知識,メタチシキ
カメラ行列,カメラギョウレツ
国際学会,コクサイガッカイ
同時並行,ドウジヘイコウ
アマゾンポチ,アマゾンポチ
マクルーハン的,マクルーハンテキ
礒部正幸,イソベマサユキ
７歳,ナナサイ
英語力,エイゴリョク
商業的,ショウギョウテキ
東大理科一類,トウダイリカイチルイ
上場予定,ジョウジョウヨテイ
１日,イチニチ
一生独身,イッショウドクシン
会社経営,カイシャケイエイ
１万,イチマン
大学院時代,ダイガクインジダイ
数ヶ月,スウカゲツ
将棋ウォーズ棋譜,ショウギウォーズキフ
ASIC化,エーエスアイシーカ
運営社,ウンエイシャ
創造性,ソウゾウセイ
千円,センエン
フルタイムメンバー,フルタイムメンバー
情報共有,ジョウホウキョウユウ
コンピュータ将棋選手権,コンピュータショウギセンシュケン
拝神,ハイシン
９歳,キュウサイ
来年上場,ライネンジョウジョウ
オフィス仲間,オフィスナカマ
コア技術,コアギジュツ
１９,イチキュウ
機能要件,キノウヨウケン
制御ソフト,セイギョソフト
統一的,トウイツテキ
年以上,ネンイジョウ
RTファナック,アールティーファナック
それ以上,ソレイジョウ
Webサイト,Webサイト
間接的,カンセツテキ
ソルバー,ソルバー
IoTプラットフォーム,アイオーティープラットフォーム
デカルト的,デカルトテキ
IoT向け,アイオーティームケ
一ヶ月,イチカゲツ
何人,ナンニン
順方向,ジュンホウコウ
全く関係,ゼンクカンケイ
一つ一つ,ヒトツヒトツ
Google研究所,グーグルケンキュウジョ
ルービン氏,ルービンシ
定期的,テイキテキ
スケール不定,スケールフテイ
経験的,ケイケンテキ
実行可能,ジッコウカノウ
DeepDream,ディープドリーム
合理的,ゴウリテキ
ロボ忘年会,ロボボウネンカイ
供給側,キョウキュウガワ
対角,タイカク
インフラ点検,インフラテンケン
自己学習,ジコガクシュウ
記号接地,キゴウセッチ
チーフエンジニア,チーフエンジニア
幸せそう,シアワセソウ
探索空間,タンサククウカン
の大好き,ノダイスキ
イーロンマスクさん,イーロンマスクサン
構成法,コウセイホウ
高い人,ダカイジン
アドサーバ,アドサーバ
一般化,イッパンカ
３次元,サンジゲン
機械学習アルゴリズム,キカイガクシュウアルゴリズム
コモディティ化,コモディティカ
ネット広告代理店,ネットコウコクダイリテン
スケールコンピューティング,スケールコンピューティング
角成分,カクセイブン
東大一,トウダイイチ
氏みたい,シミタイ
こと以外,コトイガイ
土木インフラ,ドボクインフラ
人以上,ニンイジョウ
レコード識別,レコードシキベツ
カテゴリ変数,カテゴリヘンスウ
チャットUI,チャットユーアイ
整合的,セイゴウテキ
何度,ナンド
バックオフィス,バックオフィス
消費側,ショウヒガワ
劣モジュラ,レツモジュラ
多重比較,タジュウヒカク
中国語,チュウゴクゴ
比較検定,ヒカクケンテイ
スマニュー,スマニュー
理論物理,リロンブツリ
アプライアンス製品,アプライアンスセイヒン
重要性,ジュウヨウセイ
数億,スウオク
メモリスタ素子,メモリスタソシ
０分,ゼロフン
管理コンソール,カンリコンソール
人工知能研究,ジンコウチノウケンキュウ
段対,ダンタイ
山田隆夫さん,ヤマダタカオサン
円台,エンダイ
勝ちパターン,カチパターン
林伸次,ハヤシシンジ
モデル選択,モデルセンタク
ゲートウェイアプライアンス,ゲートウェイアプライアンス
平均レベル,ヘイキンレベル
アンディルービン氏,アンディルービンシ
技術経営者,ギジュツケイエイシャ
自分一,ジブンイチ
人生初,ジンセイハツ
トピックモデル,トピックモデル
的価値,テキカチ
先生たち,センセイタチ
専業トレーダー,センギョウトレーダー
数式変形,スウシキヘンケイ
者たち,シャタチ
研究財団,ケンキュウザイダン
外国人観光客向け,ガイコクジンカンコウキャクムケ
高卒,ダカソツ
@itm,アットマークアイティメートル
大手商社,オオテショウシャ
東大法学部,トウダイホウガクブ
広告システム,コウコクシステム
深層学習,シンソウガクシュウ
山手線,ヤマテセン
０％,ゼロパーセント
拘束条件,コウソクジョウケン
体系的,タイケイテキ
ハードワーク,ハードワーク
離散的,リサンテキ
僕一,ボクイチ
ROSベース,ロスベース
時間以上,ジカンイジョウ
自己矛盾,ジコムジュン
RT米,アールティーベイ
完成度,カンセイド
財務的,ザイムテキ
ROS連携,ロスレンケイ
望み通り,ノゾミドオリ
０１,ゼロイチ
創業社長,ソウギョウシャチョウ
妥当性,ダトウセイ
感覚器官,カンカクキカン
ソフトウェア事業,ソフトウェアジギョウ
将棋道場,ショウギドウジョウ
人なんだろう,ヒトナンダロウ
週一,シュウイチ
提供開始,テイキョウカイシ
技術経営スキル,ギジュツケイエイスキル
灘高,ナダダカ
機体開発,キタイカイハツ
Yahooニュース,ヤフーニュース
３回,サンカイ
borgさん,ボーグサン
公募案件,コウボアンケン
藤田社長,フジタシャチョウ
識別性,シキベツセイ
一歩,イチホ
仕事仕事,シゴトシゴト
３人,サンニン
学生バイト,ガクセイバイト
分析レシピ,ブンセキレシピ
周辺化,シュウヘンカ
IoT時代,アイオーティージダイ
億単位,オクタンイ
3PAS,サンピーアズ
買収オファー,バイシュウオファー
経済的,ケイザイテキ
社目,シャメ
確率分布,カクリツブンプ
キーフレーム,キーフレーム
エクサスケール,エクサスケール
社会人副業,シャカイジンフクギョウ
３年,サンネン
関連知識,カンレンチシキ
僕以外,ボクイガイ
三人,サンニン
Dockerコンテナ,ドッカーコンテナ
商材,ショウザイ
堀北,ホリキタ
CADデータ,カナダダラーデータ
手さん,シュサン
１時間,イチジカン
ヨッピーさん,ヨッピーサン
自社商品開発,ジシャショウヒンカイハツ
メディア露出,メディアロシュツ
IoTシステム,アイオーティーシステム
広告宣伝,コウコクセンデン
哲学的,テツガクテキ
リアル世界,リアルセカイ
グーグル情報学,グーグルジョウホウガク
動画広告,ドウガコウコク
商品性,ショウヒンセイ
センサーフュージョン,センサーフュージョン
ネット広告,ネットコウコク
先端科学,センタンカガク
ヶ月半,カゲツハン
種類ごと,シュルイゴト
既存手法,キソンシュホウ
研究費,ケンキュウヒ
基本設計,キホンセッケイ
コンサル掛け持ち,コンサルカケモチ
IoTアプライアンス,アイオーティーアプライアンス
連続的,レンゾクテキ
センサー構成,センサーコウセイ
実装力,ジッソウリョク
アンディールービン,アンディールービン
商用利用,ショウヨウリヨウ
NHKニュース,エヌエイチケイニュース
線形近似,センケイキンジ
ドローン業界,ドローンギョウカイ
RT将棋ウォーズ,アールティーショウギウォーズ
全体的,ゼンタイテキ
センサー信号,センサーシンゴウ
RT学歴,アールティーガクレキ
柔軟性,ジュウナンセイ
これRT,コレアールティー
テラドローン,テラドローン
コンサル仕事,コンサルシゴト
代表例,ダイヒョウレイ
情報サイト,ジョウホウサイト
来場者,ライジョウシャ
自律飛行,ジリツヒコウ
二時間,ニジカン
自己発見,ジコハッケン
１歳,イチサイ
人工知能技術,ジンコウチノウギジュツ
何年,ナンネン
開発チーム,カイハツチーム
金銭的,キンセンテキ
単価１,タンカイチ
数週間,スウシュウカン
IoT用,アイオーティーヨウ
市場シェア,シジョウシェア
試行錯誤,シコウサクゴ
エンジェル投資家,エンジェルトウシカ
あと一,アトイチ
変分,ヘンブン
単調性,タンチョウセイ
センサー情報,センサージョウホウ
３７,サンナナ
組織全体,ソシキゼンタイ
一通り,イチトオリ
５９,ゴキュウ
フルコミット,フルコミット
現在フレーム,ゲンザイフレーム
数倍,スウバイ
製品リリース,セイヒンリリース
神経回路,シンケイカイロ
ビジネスサイド,ビジネスサイド
座布団運び,ザブトンハコビ
コンサル業務,コンサルギョウム
ASPdotNET,エイエスピードットネット
三回,サンカイ
Go言語,ゴーゲンゴ
飛躍的,ヒヤクテキ
時前,ジマエ
階層ベイズ,カイソウベイズ
数学科志望,スウガクカシボウ
あと何,アトナン
メイドカフェ勧誘,メイドカフェカンユウ
採用基準,サイヨウキジュン
億倍,オクバイ
一万,イチマン
クラウドサービス,クラウドサービス
実現手段,ジツゲンシュダン
wRT,ワットアールティー
独立前,ドクリツマエ
利用可,リヨウカ
プロドローン,プロドローン
フーリエ記述,フーリエキジュツ
データエクスチェンジ,データエクスチェンジ
簡単そう,カンタンソウ
テンポラリ変数,テンポラリヘンスウ
創薬,ソウヤク
ビジネススケール,ビジネススケール
小保方晴子,オボカタハルコ
実質単価,ジッシツタンカ
デバイス側,デバイスガワ
データサイエンティスト的,データサイエンティストテキ
クラウド化,クラウドカ
IoT化,アイオーティーカ
ForbesJAPAN,フォーブスジャパン
ITベンチャー,アイティーベンチャー
一枚,イチマイ
決済機能,ケッサイキノウ
二年,ニネン
概念リテラシー,ガイネンリテラシー
Gazeboシミュレータ,ガゼボシミュレータ
これ以上,コレイジョウ
ライセンス料,ライセンスリョウ
提案分布,テイアンブンプ
立ち上げ,タチアゲ
時間半,ジカンハン
情報交換,ジョウホウコウカン
アルバイト学生,アルバイトガクセイ
機械学習的,キカイガクシュウテキ
Web管理,Webカンリ
メディア生成,メディアセイセイ
ドローン市場,ドローンシジョウ
運転席,ウンテンセキ
数時間,スウジカン
MTG依頼,エムティージーイライ
IoT対応,アイオーティータイオウ
logmijp,ログミージェーピー
自動微分ライブラリ,ジドウビブンライブラリ
ログ分析,ログブンセキ
材料開発,ザイリョウカイハツ
インバウンド観光,インバウンドカンコウ
養成読本,ヨウセイドクホン
AIエージェント,アイエージェント
次元削減,ジゲンサクゲン
コスト削減,コストサクゲン
全く興味,ゼンクキョウミ
独立来,ドクリツライ
推論エンジン,スイロンエンジン
北まき,キタマキ
wwwRT,スリーダブリューアールティー
一定数,イチテイスウ
天才たち,テンサイタチ
日経ロボティクス,ニッケイロボティクス
一ミリ,イチミリ
ギークハウス東上野,ギークハウスヒガシウエノ
社会的ステータス,シャカイテキステータス
６年,ロクネン
複雑化,フクザツカ
テーマ設定,テーマセッテイ
２年,ニネン
結局僕,ケッキョクボク
深層強化学習,シンソウキョウカガクシュウ
報酬額,ホウシュウガク
１２,イチニ
型AI,ガタアイ
創業者株,ソウギョウシャカブ
９９,キュウキュウ
記述子,キジュツコ
DoubleClick,ダブルクリック
広告配信,コウコクハイシン
対話エージェント,タイワエージェント
Webフレームワーク,Webフレームワーク
社会ステータス,シャカイステータス
経験者,ケイケンシャ
rosbridge,ロスブリッジ
自主性,ジシュセイ
モジュラ最適化,モジュラサイテキカ
俺ら,オレラ
効率化,コウリツカ
充実感,ジュウジツカン
非線形関数,ヒセンケイカンスウ
計算インフラ,ケイサンインフラ
メタ情報,メタジョウホウ
発注側,ハッチュウガワ
Togetterまとめ,トゥギャッターマトメ
因果推論,インガスイロン
時年齢,ジネンレイ
カメラ姿勢,カメラシセイ
業務内容,ギョウムナイヨウ
方向性,ホウコウセイ
おもしろRT,オモシロアールティー
ガン無視,ガンムシ
一社,イチシャ
RTアマゾン,アールティーアマゾン
GW明け,ガンダムウイングアケ
分後,フンゴ
台ドローン,ダイドローン
何倍,ナンバイ
マジで何,マジデナニ
事業投資,ジギョウトウシ
年収一,ネンシュウイチ
地球上,チキュウジョウ
くりこみ理論,クリコミリロン
ドローン関連,ドローンカンレン
スケール誤差,スケールゴサ
学生たち,ガクセイタチ
ゲイシャブレンド,ゲイシャブレンド
８０,ハチゼロ
億営業利益,オクエイギョウリエキ
わけじゃなくて,ワケジャナクテ
億以上,オクイジョウ
自動運転カー,ジドウウンテンカー
生二,セイニ
公共部門,コウキョウブモン
製品名,セイヒンメイ
思考エンジン,シコウエンジン
利用可能,リヨウカノウ
コーディング能力,コーディングノウリョク
クラウドインフラ,クラウドインフラ
RT羽生善治,アールティーハブヨシハル
三ヶ月,サンカゲツ
ベイズ統計,ベイズトウケイ
ロボティクス的,ロボティクステキ
群操作,グンソウサ
マップサービス,マップサービス
レシピRDF,レシピアールディーエフ
RTエンジニア,アールティーエンジニア
十数,ジュウスウ
根本的,コンポンテキ
フォーブスジャパン,フォーブスジャパン
間接コスト,カンセツコスト
ロボティクス技術,ロボティクスギジュツ
談話表示,ダンワヒョウジ
投資家巡り,トウシカメグリ
タイムチケット,タイムチケット
技術研究,ギジュツケンキュウ
コンテンツマーケティング,コンテンツマーケティング
十年,ジュウネン
月末面談,ゲツマツメンダン
何回,ナンカイ
ロボティクスソフトウェア,ロボティクスソフトウェア
型広告,ガタコウコク
ドローンメーカー,ドローンメーカー
適用可能,テキヨウカノウ
理論通り,リロンドオリ
広告予算配分,コウコクヨサンハイブン
ベイズフィルタ,ベイズフィルタ
学歴カレンダー,ガクレキカレンダー
irisデータ,イリスデータ
年商数,ネンショウスウ
ねとらぼ@it,ネトラボアットマークアイティ
ハイリターン,ハイリターン
ロボット格,ロボットカク
アキハバラララ,アキハバラララ
人一,ニンイチ
一名,イチメイ
地に足,チニアシ
半導体メーカー,ハンドウタイメーカー
Interaction,インテルアクション
客観的,キャッカンテキ
現実世界,ゲンジツセカイ
円以上,エンイジョウ
円分,エンブン
技術起業家,ギジュツキギョウカ
２倍,ニバイ
最善手,サイゼンシュ
大仏さま,ダイブツサマ
Javascript,ジャバスクリプト
グーグルみたい,グーグルミタイ
ヶ月おき,カゲツオキ
ドメインエキスパート,ドメインエキスパート
割がた,ワリガタ
カメラ映像,カメラエイゾウ
受動的,ジュドウテキ
７０,ナナゼロ
便利さ,ベンリサ
岩波DS,イワナミディーエス
十万,ジュウマン
１７,イチナナ
一円,イチエン
RT日本人,アールティーニッポンジン
自己対戦,ジコタイセン
４回,ヨンカイ
一時間,イチジカン
インバウンド観光客,インバウンドカンコウキャク
徳重さん,トクシゲサン
わいせつ物,ワイセツブツ
おもしろそう,オモシロソウ
山手線一周ウォーキング,ヤマノテセンイッシュウウォーキング
本田さん,ホンダサン
一番好き,イチバンスキ
精度向上,セイドコウジョウ
業務量,ギョウムリョウ
年位,ネンイ
山本一成,ヤマモトイッセイ
独立以来,ドクリツイライ
用ドローン,ヨウドローン
十分,ジュウフン
健康度,ケンコウド
アルゴリズム化,アルゴリズムカ
研究プロジェクト,ケンキュウプロジェクト
F1エンジン,エフワンエンジン
運転手,ウンテンシュ
二度,ニド
EVEオンライン,イブオンライン
１億,イチオク
無限次元,ムゲンジゲン
位相的,イソウテキ
オープン化,オープンカ
一冊,イチサツ
制御技術,セイギョギジュツ
型セマンティック,ガタセマンティック
度きり,ドキリ
誤差楕円,ゴサダエン
人工的,ジンコウテキ
の得意,ノトクイ
人目,ニンメ
報酬以上,ホウシュウイジョウ
定期コンサル,テイキコンサル
ホモグラフィー,ホモグラフィー
パーティクルフィルタ,パーティクルフィルタ
一橋,イチキョウ
人みたい,ヒトミタイ
．５,．ゴ
行位,コウイ
一年前,イチネンマエ
現役合格,ゲンエキゴウカク
今夜中,コンヤチュウ
気をつけないと,キヲツケナイト
しなそう,シナソウ
ノートPC,ノートピーシー
スコーレム化,スコーレムカ
給料以上,キュウリョウイジョウ
サービス開発,サービスカイハツ
トップ研究,トップケンキュウ
億ドル,オクドル
IoTPlatform,アイオーティープラットフォーム
分前,フンマエ
インターン中,インターンチュウ
局所最適,キョクショサイテキ
オフィス訪問,オフィスホウモン
企業帝国,キギョウテイコク
政治家,セイジカ
株式会社LIG,カブシキガイシャエルアイジー
逆説的,ギャクセツテキ
ムーンシャイン予想,ムーンシャインヨソウ
シバタさん,シバタサン
サンプリング法,サンプリングホウ
単価７,タンカナナ
素粒子論,ソリュウシロン
実用性,ジツヨウセイ
出展者,シュッテンシャ
ちびらす,チビラス
画像集,ガゾウシュウ
重要そう,ジュウヨウソウ
近似的,キンジテキ
ことRT,コトアールティー
RTBoston Dynamics,アールティーボストンダイナミクス
一局,イチキョク
ステートフル,ステートフル
衝撃的,ショウゲキテキ
ニューラルネット的,ニューラルネットテキ
セキュリティエンジニア,セキュリティエンジニア
グーグル受けて,グーグルウケテ
じゃなくて周辺,ジャナクテシュウヘン
ダメ具合,ダメグアイ
的最適化,テキサイテキカ
意識レベル,イシキレベル
経済的価値,ケイザイテキカチ
木村さん,キムラサン
力向上,リョクコウジョウ
ポアソン分布,ポアソンブンプ
向けソフト,ムケソフト
社会人博士,シャカイジンハカセ
個目,コメ
スーパークリエータ,スーパークリエータ
市場感覚,シジョウカンカク
ロバスト制御,ロバストセイギョ
１次,イチジ
ITmediaニュース,アイティーメディアニュース
オフィスメンバー,オフィスメンバー
計算機アーキテクチャ,ケイサンキアーキテクチャ
年齢層,ネンレイソウ
3つ目,ミッツメ
百年,ヒャクネン
さん以外,サンイガイ
知能的,チノウテキ
爆発的,バクハツテキ
線形モデル,センケイモデル
十分幸せ,ジュウブンシアワセ
計数工学科,ケイスウコウガッカ
六年間,ロクネンカン
双方向性,ソウホウコウセイ
RTAWS,アールティーアマゾンウェブサービス
ウン億,ウンオク
分析手法,ブンセキシュホウ
学術コミュニティ,ガクジュツコミュニティ
的手法,テキシュホウ
女医さん,ジョイサン
旦那さん,ダンナサン
感じRT,カンジアールティー
管理業務,カンリギョウム
モバイル通信,モバイルツウシン
平田さん,ヒラタサン
人一緒,ヒトイッショ
秋葉原電脳,アキハバラデンノウ
数件,スウケン
二代目,ニダイメ
統一理論,トウイツリロン
サンプル数,サンプルスウ
ユーザー行動,ユーザーコウドウ
研究開発チーム,ケンキュウカイハツチーム
会社見学,カイシャケンガク
過去動画,カコドウガ
実現可能性,ジツゲンカノウセイ
社内勉強会,シャナイベンキョウカイ
万レベル,マンレベル
検証中,ケンショウチュウ
ドローン複数,ドローンフクスウ
人生イージーモード,ジンセイイージーモード
銀行融資,ギンコウユウシ
彼女さん,カノジョサン
月額課金,ゲツガクカキン
末リリース,マツリリース
P氏,ピーシ
経営幹部,ケイエイカンブ
法学部出身,ホウガクブシュッシン
作り放題,ヅクリホウダイ
有力ベンチャー,ユウリョクベンチャー
南場智子さん,ナンバトモコサン
実現方法,ジツゲンホウホウ
プロジェクト始動,プロジェクトシドウ
単眼カメラ,タンガンカメラ
デンマーク大使館,デンマークタイシカン
RT人,アールティージン
ベイズ的,ベイズテキ
ロボット化,ロボットカ
魅力的,ミリョクテキ
スマートゴール,スマートゴール
俺マジで,オレマジデ
社員たち,シャインタチ
パスタ屋,パスタヤ
５日,ゴニチ
本質的役割,ホンシツテキヤクワリ
RTAI,アールティーアイ
電脳五,デンノウゴ
次情報,ジジョウホウ
ウンパーセント,ウンパーセント
四段,ヨンダン
コンピュータビジョン最先端,コンピュータビジョンサイセンタン
RTブロックチェーン,アールティーブロックチェーン
トラックレコード,トラックレコード
中枢アプリケーション,チュウスウアプリケーション
同等以上,ドウトウイジョウ
年商一,ネンショウイチ
人が一,ジンガイチ
修士卒,シュウシソツ
二ヶ月,ニカゲツ
現金決済,ゲンキンケッサイ
次元トラッキング,ジゲントラッキング
起業家たち,キギョウカタチ
境界作用素,キョウカイサヨウソ
変換群,ヘンカングン
マーカーレス,マーカーレス
不定積分,フテイセキブン
行列表現,ギョウレツヒョウゲン
論理ネットワーク,ロンリネットワーク
工学博士,コウガクハカセ
開発MTG,カイハツエムティージー
ビジネス応用,ビジネスオウヨウ
aptリポジトリ,アプツリポジトリ
契約継続,ケイヤクケイゾク
徳重社長,トクシゲシャチョウ
ノーフリーランチ,ノーフリーランチ
募集中,ボシュウチュウ
林要,ハヤシカナメ
中間ゴール,チュウカンゴール
林立状況,リンリツジョウキョウ
米研究,ベイケンキュウ
コンパイルエラー,コンパイルエラー
進藤さん,シンドウサン
未来を想像,ミライヲソウゾウ
彼ら彼女ら,カレラカノジョラ
共起性,キョウキセイ
RTデンソー,アールティーデンソー
弊社弱,ヘイシャジャク
４月以降,シガツイコウ
二桁,ニケタ
横断領域,オウダンリョウイキ
パーティクルフィルター,パーティクルフィルター
個別性,コベツセイ
福島さん,フクシマサン
国プロ,コクプロ
レンジファインダ,レンジファインダ
百億,ヒャクオク
行列計算,ギョウレツケイサン
復元抽出,フクゲンチュウシュツ
特任,トクニン
内部的,ナイブテキ
NEWS小山慶一郎,ニュースコヤマケイイチロウ
必要そう,ヒツヨウソウ
高い仕事,コウイシゴト
研究論文,ケンキュウロンブン
メンバー数,メンバースウ
イノベーションマネジメント,イノベーションマネジメント
角さん,スミサン
女子社員,ジョシシャイン
東大大学院,トウダイダイガクイン
有限状態,ユウゲンジョウタイ
最近数学,サイキンスウガク
基礎体,キソタイ
３点,サンテン
バンドルアジャスト,バンドルアジャスト
独身彼女,ドクシンカノジョ
continue文,コンティニューブン
RTチャット,アールティーチャット
２時間,ニジカン
画像ペア,ガゾウペア
理系院生,リケイインセイ
テーブル名,テーブルメイ
仮説立案,カセツリツアン
独立後,ドクリツゴ
天才経営,テンサイケイエイ
コスト構造,コストコウゾウ
毎週一,マイシュウイチ
人類全体,ジンルイゼンタイ
メタプロ,メタプロ
AWS発表,アマゾンウェブサービスハッピョウ
自律エージェント,ジリツエージェント
ブレンドアイスコーヒー,ブレンドアイスコーヒー
自分マジで,ジブンマジデ
完全復活,カンゼンフッカツ
起業家インタビュー,キギョウカインタビュー
時間経過,ジカンケイカ
タイマーコールバック,タイマーコールバック
一分,イチフン
２回,ニカイ
分析求人,ブンセキキュウジン
１，,イチ，
毎月昇給,マイツキショウキュウ
同質性,ドウシツセイ
理系女子,リケイジョシ
お金以外,オカネイガイ
徹底解説,テッテイカイセツ
出版新書,シュッパンシンショ
アルバイト採用,アルバイトサイヨウ
RTAmazon,アールティーアマゾン
大小関係,ダイショウカンケイ
テキトー,テキトー
位相構造,イソウコウゾウ
億みたい,オクミタイ
自動選択,ジドウセンタク
マクロ的,マクロテキ
仕事先,シゴトサキ
何時間,ナンジカン
SpringFramework,スプリングフレームワーク
３６,サンロク
最先端ガイド,サイセンタンガイド
データ交換,データコウカン
円出資,エンシュッシ
まんしゅうきつこさん,マンシュウキツコサン
RTロボット,アールティーロボット
セマンティックDB,セマンティックディービー
精進精進,ショウジンショウジン
ポイント一つ,ポイントヒトツ
ChipOS,チップオーエス
ろくでなし子さん,ロクデナシコサン
エージェントベース,エージェントベース
力学的,リキガクテキ
線形SVM,センケイエスブイエム
創業直後,ソウギョウチョクゴ
仕事関係,シゴトカンケイ
ROS2,アールオーエスツー
入社研修,ニュウシャケンシュウ
ハードスペック,ハードスペック
あなたたち,アナタタチ
低周波成分,テイシュウハセイブン
数理統計,スウリトウケイ
大学院卒,ダイガクインソツ
ソフトウェア的,ソフトウェアテキ
ネット上,ネットジョウ
PRさん,ピーアールサン
役員三界,ヤクインサンガイ
％目標,パーセントモクヒョウ
CFO業務,シーエフオーギョウム
得感,トクカン
円近く,エンチカク
技術発展,ギジュツハッテン
一杯,イチハイ
技芸化,ギゲイカ
主観的,シュカンテキ
FIVESolution,ファイブソリューション
大川隆法氏,オオカワリュウホウシ
申請書,シンセイショ
開発大変,カイハツタイヘン
研究タスク,ケンキュウタスク
価値交換,カチコウカン
大橋拓文,オオハシタクブン
奇跡的,キセキテキ
絶対的,ゼッタイテキ
時期尚早,ジキショウソウ
絶賛コミュニケーション,ゼッサンコミュニケーション
割引率,ワリビキリツ
事業転換,ジギョウテンカン
成熟度,セイジュクド
個人的感情,コジンテキカンジョウ
データサイエンス自動化,データサイエンスジドウカ
０５,ゼロゴ
我々グループ,ワレワレグループ
インバウンドビジネス,インバウンドビジネス
今年中,コトシチュウ
りんなさん,リンナサン
中小機構,チュウショウキコウ
エレベータピッチ,エレベータピッチ
人いない,ヒトイナイ
名アルバイト,メイアルバイト
IoTビジネス,アイオーティービジネス
運びロボット,ハコビロボット
少数派,ショウスウハ
広告費,コウコクヒ
最大化,サイダイカ
アルゴリズム側,アルゴリズムガワ
技術開発者,ギジュツカイハツシャ
ライ空間,ライクウカン
GUIウィジェット,ジーユーアイウィジェット
サービスみたい,サービスミタイ
期限内,キゲンナイ
理系的,リケイテキ
ハイリスクハイ,ハイリスクハイ
的イメージ,テキイメージ
チャレンジチャレンジ,チャレンジチャレンジ
変数名,ヘンスウメイ
倫理性,リンリセイ
時給２,ジキュウニ
データサンプル,データサンプル
本読ん,ホンヨミン
初期値,ショキチ
通常ケース,ツウジョウケース
ブロックブロック,ブロックブロック
レベルセット,レベルセット
２次,ニジ
数式だらけ,スウシキダラケ
外注先,ガイチュウサキ
小宮さん,コミヤサン
０人,ゼロニン
有料会員,ユウリョウカイイン
新卒時,シンソツジ
パターン化,パターンカ
１回,イチカイ
オフィス家賃,オフィスヤチン
４５,ヨンゴ
弱すぎ,ジャクスギ
全部理解,ゼンブリカイ
連携パッケージ,レンケイパッケージ
総合ソリューション,ソウゴウソリューション
経営リソース,ケイエイリソース
分析システム,ブンセキシステム
実現力,ジツゲンリョク
物理学史,ブツリガクシ
次請け,ジウケ
４１,ヨンイチ
コアリソース,コアリソース
工学系,コウガクケイ
プロたち,プロタチ
平日夜,ヘイジツヨル
サービスラインナップ,サービスラインナップ
centosわからん,セントオーエスワカラン
営業資料,エイギョウシリョウ
有理数体,ユウリスウタイ
人生全体,ジンセイゼンタイ
ドローン自律,ドローンジリツ
１８,イチハチ
小売店舗,コウリテンポ
今月中,コンゲツチュウ
何ヶ月,ナンカゲツ
RTOpenCV,アールティーオープンシーブイ
連続量,レンゾクリョウ
ディスプレイ広告,ディスプレイコウコク
密度汎関数,ミツドハンカンスウ
ソフトウェアビジネス,ソフトウェアビジネス
教師信号,キョウシシンゴウ
データサイエンスプラットフォーム,データサイエンスプラットフォーム
国内代理店,コクナイダイリテン
AIアプリ,アイアプリ
大体一緒,ダイタイイッショ
アプリマーケットプレイス,アプリマーケットプレイス
Kindle本,キンドルホン
情報処理技術,ジョウホウショリギジュツ
手のひらサイズ,テノヒラサイズ
東京カレンダー,トウキョウカレンダー
実用化,ジツヨウカ
大域最適,タイイキサイテキ
岩波データサイエンス,イワナミデータサイエンス
責任所在,セキニンショザイ
の苦手,ノニガテ
単眼SLAM,タンガンスラム
業界的,ギョウカイテキ
間接費,カンセツヒ
物理素子,ブツリソシ
定期契約,テイキケイヤク
メロンパンラスク,メロンパンラスク
期間限定公式サイト,キカンゲンテイコウシキサイト
世界水準,セカイスイジュン
米国大手,ベイコクオオテ
独自技術,ドクジギジュツ
アカデミック系,アカデミックケイ
Webアプリ,Webアプリ
礒部将棋,イソベショウギ
試し中,タメシチュウ
ビジネスアカウント,ビジネスアカウント
百数,ヒャクスウ
技術情報,ギジュツジョウホウ
jaさん,ジェーエーサン
運用型,ウンヨウガタ
高速PDCA,コウソクピーディーシーエー
出身者,シュッシンシャ
英語練習,エイゴレンシュウ
ジョブズ氏,ジョブズシ
未踏スーパー,ミトウスーパー
化能力,カノウリョク
表面的,ヒョウメンテキ
脳型,ノウガタ
の非常,ノヒジョウ
ヶ月間,カゲツカン
ソフトウェアスタック,ソフトウェアスタック
６０,ロクゼロ
ことだらけ,コトダラケ
先日MTG,センジツエムティージー
計算科学ベンチャー,ケイサンカガクベンチャー
包括性,ホウカツセイ
万能感,バンノウカン
受注者,ジュチュウシャ
ポアソン回帰,ポアソンカイキ
DBフェッチ,ダイムバックフェッチ
部分問題,ブブンモンダイ
数式導出,スウシキドウシュツ
RT仕事,アールティーシゴト
機械学習プロフェッショナル,キカイガクシュウプロフェッショナル
フルタイム僕,フルタイムボク
定形作業,テイケイサギョウ
女子二,ジョシニ
ドローン興味,ドローンキョウミ
アルゴリズム実装,アルゴリズムジッソウ
専門的,センモンテキ
東大現役,トウダイゲンエキ
企業向け,キギョウムケ
女性たち,ジョセイタチ
数学そのもの,スウガクソノモノ
折り返し翻訳,オリカエシホンヤク
運営者,ウンエイシャ
子ちゃん,コチャン
最大規模,サイダイキボ
それ以前,ソレイゼン
表示理論,ヒョウジリロン
パッドさん,パッドサン
経営層,ケイエイソウ
１年生,イチネンセイ
自動適用,ジドウテキヨウ
RTデル,アールティーデル
次形式,ジケイシキ
超絶テック,チョウゼツテック
最小化,サイショウカ
コンサルワーク,コンサルワーク
ボトムアップ的,ボトムアップテキ
相対化,ソウタイカ
三社,サンシャ
３日,サンニチ
アウトプットゼロ,アウトプットゼロ
営業状態,エイギョウジョウタイ
観測データ,カンソクデータ
情報モデル,ジョウホウモデル
RTインテル,アールティーインテル
階層化,カイソウカ
自然物,シゼンブツ
拡張カルマン,カクチョウカルマン
フライトコントローラ,フライトコントローラ
非同期的,ヒドウキテキ
Gazebo上,ガゼボジョウ
開発やろう,カイハツヤロウ
ビッグデータ分析,ビッグデータブンセキ
セット法,セットホウ
地図表現,チズヒョウゲン
xgboost,エックスジーブースト
メガスケール,メガスケール
すぎワロタ,スギワロタ
の何,ノナン
予想通り,ヨソウドオリ
優位性,ユウイセイ
情報抽出エンジン,ジョウホウチュウシュツエンジン
外部資金,ガイブシキン
見え方,ミエカタ
距離センサー,キョリセンサー
億調達,オクチョウタツ
不定生,フテイセイ
経営スキル,ケイエイスキル
統計的潜在,トウケイテキセンザイ
音声対話,オンセイタイワ
億個,オクコ
的企画,テキキカク
マスク氏,マスクシ
ライセンスビジネス,ライセンスビジネス
構成要素,コウセイヨウソ
建築思想,ケンチクシソウ
内部DSL,ナイブディーエスエル
AWSIoT,アマゾンウェブサービスアイオーティー
ワインバーグ氏,ワインバーグシ
アンケート機能,アンケートキノウ
酸素登頂,サンソトウチョウ
書作成,ショサクセイ
データムスタジオ,データムスタジオ
プライベートジェット,プライベートジェット
イエローコーダ,イエローコーダ
実行力,ジッコウリョク
無給インターン,ムキュウインターン
エンタープライズIT,エンタープライズアイティー
夏頃,ナツゴロ
遅延学習,チエンガクシュウ
障害物,ショウガイブツ
値化,チカ
言語的,ゲンゴテキ
データマイニング作業,データマイニングサギョウ
多様性許容,タヨウセイキョヨウ
asa,アズアール
締め切り前,シメキリマエ
東大発,トウダイハツ
定量化,テイリョウカ
たくさん必要,タクサンヒツヨウ
東工大卒,トウコウダイソツ
ループとじ込み,ループトジコミ
君仕事,クンシゴト
製品コンセプト,セイヒンコンセプト
２５,ニゴ
コンサルティング契約,コンサルティングケイヤク
RT株式会社,アールティーカブシキガイシャ
倍々ゲーム,バイバイゲーム
磯部くん,イソベクン
RTWhy,アールティーホワイ
人開発合宿,ニンカイハツガッシュク
東大生３,トウダイセイサン
アルファベット順,アルファベットジュン
０社,ゼロシャ
グローバルベンチャー,グローバルベンチャー
科学者たち,カガクシャタチ
人工物,ジンコウブツ
技術スキル,ギジュツスキル
ジャストタイミング,ジャストタイミング
ですよ。取引,デスヨトリヒキ
高周波成分,コウシュウハセイブン
ドローン離陸,ドローンリリク
amazonJP,アマゾンジェーピー
飛行ドローン,ヒコウドローン
エリーさん,エリーサン
営業キャッシュフロー,エイギョウキャッシュフロー
東証一部上場企業,トウショウイチブジョウジョウキギョウ
クラウドデータ,クラウドデータ
提案書,テイアンショ
人工知能プログラマ,ジンコウチノウプログラマ
知能ロボット,チノウロボット
要素分解,ヨウソブンカイ
社以上,シャイジョウ
０秒,ゼロビョウ
名募集,メイボシュウ
誕生日プレゼント,タンジョウビプレゼント
恋愛関係,レンアイカンケイ
超絶スキル,チョウゼツスキル
物理モデル,ブツリモデル
データ集合,データシュウゴウ
大企業時代,ダイキギョウジダイ
マジでビックリ,マジデビックリ
短期的,タンキテキ
婚活女子,コンカツジョシ
エッジネットワーク,エッジネットワーク
あと最近,アトサイキン
来年3月,ライネンサンガツ
座標系,ザヒョウケイ
アカマイ的,アカマイテキ
全て線形,スベテセンケイ
それ自体,ソレジタイ
アート的,アートテキ
アンバンドル,アンバンドル
基本特許,キホントッキョ
普遍的,フヘンテキ
格解析,カクカイセキ
完全移譲,カンゼンイジョウ
谷原章介さん,タニハラショウスケサン
週5日,シュウイツカ
仕組みなんだろう,シクミナンダロウ
運動推定,ウンドウスイテイ
共通項,キョウツウコウ
広告運用,コウコクウンヨウ
ロボット開発,ロボットカイハツ
万近く,マンチカク
安定感,アンテイカン
データ変換,データヘンカン
パネルデータ,パネルデータ
因子分解,インシブンカイ
時給千,ジキュウセン
時過ぎ,ジスギ
映画館,エイガカン
東京大学大学院,トウキョウダイガクダイガクイン
B2B2C,ビーツービートゥーシー
米国研究,ベイコクケンキュウ
化誤差,カゴサ
一例,イチレイ
成熟市場,セイジュクシジョウ
短絡的,タンラクテキ
線形回帰モデル,センケイカイキモデル
関連ビジネス,カンレンビジネス
０２,ゼロニ
フレーム辞書,フレームジショ
イルミネーションパフォーマンス,イルミネーションパフォーマンス
思想的,シソウテキ
FPGA組み込み,エフピージーエークミコミ
人工知能開発,ジンコウチノウカイハツ
技術自体,ギジュツジタイ
外部パラメータ,ガイブパラメータ
データスキーマ,データスキーマ
開発モード,カイハツモード
課題解決,カダイカイケツ
中間テーブル,チュウカンテーブル
知的興味,チテキキョウミ
事業企画,ジギョウキカク
コミュニケーション週間,コミュニケーションシュウカン
AIBOX,アイボックス
生涯独身,ショウガイドクシン
エリートたち,エリートタチ
距離画像,キョリガゾウ
実務経験,ジツムケイケン
多様体上,タヨウタイジョウ
セドル氏,セドルシ
研究公募,ケンキュウコウボ
社員100人,シャインヒャクニン
懇親会,コンシンカイ
外注データサイエンティスト,ガイチュウデータサイエンティスト
全部僕,ゼンブボク
修士時代,シュウシジダイ
tom4,トゥエヌジーシーロクセンヒャクニジュウイチ
原価率,ゲンカリツ
の簡単,ノカンタン
博士過程,ハカセカテイ
対話UI,タイワユーアイ
小保方さん,オボカタサン
上野西郷,ウエノサイゴウ
１個,イチコ
ドラえもんみたい,ドラエモンミタイ
テレビCM,テレビシーエム
村上春樹期間限定,ムラカミハルキキカンゲンテイ
RTTensorFlow,アールティーテンソーフロー
ピクセル値,ピクセルチ
古典的,コテンテキ
ノーベル賞受賞,ノーベルショウジュショウ
０回,ゼロカイ
山本太郎さん,ヤマモトタロウサン
イーロンマスク氏,イーロンマスクシ
自然言語対話,シゼンゲンゴタイワ
子育てママ,コソダテママ
受注額,ジュチュウガク
やろうやろう,ヤロウヤロウ
追加依頼,ツイカイライ
モネ展,モネテン
研究実績,ケンキュウジッセキ
世界的,セカイテキ
複雑系科学,フクザツケイカガク
一桁,イチケタ
IT企業,アイティーキギョウ
銀座三越,ギンザミツコシ
将棋部,ショウギブ
一定期間,イッテイキカン
ＮＨＫ出版,エヌエイチケイシュッパン
専門外,センモンガイ
あと二,アトニ
パトロン資金,パトロンシキン
実践的,ジッセンテキ
モテたい,モテタイ
Phan,ピーハン
コンテンツオンデマンド,コンテンツオンデマンド
プロフェッショナルシリーズ,プロフェッショナルシリーズ
件w,ケンワット
成果報酬,セイカホウシュウ
業界全体,ギョウカイゼンタイ
都市インフラ,トシインフラ
人が流入,ジンガリュウニュウ
PFIみたい,ピーエフアイミタイ
RT世界初,アールティーセカイハツ
クラウド上,クラウドジョウ
オムニチャネルマーケティング,オムニチャネルマーケティング
エーディーファイブ,エーディーファイブ
保守的,ホシュテキ
newsさん,ニュースサン
台目,ダイメ
製造屋,セイゾウヤ
ミンスキー教授,ミンスキーキョウジュ
マルコフ論理,マルコフロンリ
行数,クダリスウ
IoT企業,アイオーティーキギョウ
提供価値,テイキョウカチ
ビット整数,ビットセイスウ
年前と,ネンゼント
前々職,マエマエショク
テンソル的,テンソルテキ
データ融合,データユウゴウ
３万,サンマン
開発費,カイハツヒ
ベクトル表現,ベクトルヒョウゲン
pointcloud,ポイントクラウド
今更感,イマサラカン
万行,マンコウ
日目,ニチメ
うち一,ウチイチ
佐藤さん,サトウサン
週3日,シュウミッカ
変ベクトル,ヘンベクトル
さわださん,サワダサン
事業説明,ジギョウセツメイ
スケール調整,スケールチョウセイ
勝手文法,カッテブンポウ
未来予測,ミライヨソク
卒以上,ソツイジョウ
大好きRT,ダイスキアールティー
RT東大,アールティートウダイ
意味解析,イミカイセキ
最近仕事,サイキンシゴト
非線形化,ヒセンケイカ
学習プロセス,ガクシュウプロセス
制約つき,セイヤクツキ
１社,イチシャ
評価方法,ヒョウカホウホウ
月収１,ゲッシュウイチ
ここ半年,ココハントシ
一緒に食事,イッショニショクジ
thebridge,ザブリッジ
2区画,ニクガ
所要時間,ショヨウジカン
研究予算,ケンキュウヨサン
フレーム情報量,フレームジョウホウリョウ
ARドローン,エーアールドローン
大手半導体,オオテハンドウタイ
今後一切,コンゴイッサイ
財務体力,ザイムタイリョク
ROSコミュニティ,ロスコミュニティ
中継点,チュウケイテン
歳前後,サイゼンゴ
ヘッドギヤ,ヘッドギヤ
ステートレス,ステートレス
予定調和的,ヨテイチョウワテキ
最適探索,サイテキタンサク
デスクトップPC,デスクトップピーシー
仕事モード,シゴトモード
許容力,キョヨウリョク
これ何,コレナニ
安定性,アンテイセイ
ノーアポ,ノーアポ
小料理屋,コリョウリヤ
練習場,レンシュウジョウ
全文インデックス,ゼンブンインデックス
服飾デザイナ,フクショクデザイナ
今それ,イマソレ
さぶい,サブイ
超音波センサー,チョウオンパセンサー
弊社アルバイト,ヘイシャアルバイト
数分,スウフン
制度疲労,セイドヒロウ
藤田晋氏,フジタススムシ
潜在変数,センザイヘンスウ
事業環境,ジギョウカンキョウ
パラメータ空間,パラメータクウカン
グーグルX,グーグルエックス
合成手段,ゴウセイシュダン
人当たり,ニンアタリ
レビュー依頼,レビューイライ
歴史上,レキシジョウ
者歓迎,シャカンゲイ
セルフサービス型,セルフサービスガタ
市場素地,シジョウソジ
月一,ツキイチ
最先端技術,サイセンタンギジュツ
対話AI,タイワアイ
フル活用,フルカツヨウ
驚き最小,オドロキサイショウ
全体アーキテクチャ,ゼンタイアーキテクチャ
松土,マツド
解析サービス,カイセキサービス
信用保証,シンヨウホショウ
個人口座,コジンコウザ
潜在意味,センザイイミ
モジュライ,モジュライ
回帰みたい,カイキミタイ
人生逆転,ジンセイギャクテン
アカマイみたい,アカマイミタイ
絶対後悔,ゼッタイコウカイ
並列度,ヘイレツド
ベースライン,ベースライン
hanto,ハントゥ
エラ呼吸,エラコキュウ
アーキテクチャ的,アーキテクチャテキ
ショーンKさん,ショーンケーサン
観光ビジネス,カンコウビジネス
最短コース,サイタンコース
ヒット商品,ヒットショウヒン
マジでそう,マジデソウ
コミュニケーションタスク,コミュニケーションタスク
結局自分,ケッキョクジブン
自営業2.0,ジエイギョウニーテンゼロ
データインポート,データインポート
梶田隆章教授,カジタタカアキキョウジュ
submodule,サブスクリプトモジュール
効用曲線,コウヨウキョクセン
分析プラットフォーム,ブンセキプラットフォーム
３割,サンワリ
式変形,シキヘンケイ
疎外感,ソガイカン
水平分業,スイヘイブンギョウ
産業化,サンギョウカ
ブルーイノベーション,ブルーイノベーション
みんなそう,ミンナソウ
副業アルバイト,フクギョウアルバイト
時間軸,ジカンジク
寄せ集め,ヨセアツメ
損失関数,ソンシツカンスウ
RTMicrosoft,アールティーマイクロソフト
金融業界,キンユウギョウカイ
まじすか,マジスカ
基広さん,モトヒロサン
理論書,リロンショ
マーケティング機能,マーケティングキノウ
アーキテクチャ設計,アーキテクチャセッケイ
ガチャ勢,ガチャゼイ
分析案件,ブンセキアンケン
サーバインフラ,サーバインフラ
羽生善治名人,ハブヨシハルメイジン
たくさん仕事,タクサンシゴト
複素フーリエ変換,フクソフーリエヘンカン
関連システム,カンレンシステム
マップサーバ,マップサーバ
分位,フンイ
開発プロジェクト,カイハツプロジェクト
，２,，ニ
そうw,ソウワット
彼女いない,カノジョイナイ
四年,ヨンネン
数秒,スウビョウ
直接営業,チョクセツエイギョウ
レッドコーダ,レッドコーダ
monois,モノイズ
収益構造,シュウエキコウゾウ
メディア営業,メディアエイギョウ
センサー技術,センサーギジュツ
合計値,ゴウケイチ
RT国交省,アールティーコクコウショウ
予算配分最適化,ヨサンハイブンサイテキカ
人工知能系,ジンコウチノウケイ
ソフトウェア設計,ソフトウェアセッケイ
歳青年,サイセイネン
どうしよう,ドウシヨウ
レコードID,レコードアイディー
クッキーマッチング,クッキーマッチング
創発システム,ソウハツシステム
２件,ニケン
全てゼロ,スベテゼロ
RT新た,アールティーアラタ
向け基盤,ムケキバン
全微分可能,ゼンビブンカノウ
ロングテール市場,ロングテールシジョウ
局所座標,キョクショザヒョウ
最近ドローン,サイキンドローン
AI技術,アイギジュツ
できないような,デキナイヨウナ
RTアベノミクス,アールティーアベノミクス
晴子氏,ハルコシ
電波強度,デンパキョウド
表層格,ヒョウソウカク
RTSiri,アールティーシリ
起業仲間,キギョウナカマ
数年,スウネン
僕らみたい,ボクラミタイ
方たち,ホウタチ
基本的,キホンテキ
次元空間,ジゲンクウカン
ビッグデータ解析,ビッグデータカイセキ
自分マイニング,ジブンマイニング
Webアプリケーション,ウェブアプリケーション
確率モデル,カクリツモデル
自動実行,ジドウジッコウ
営業マージン,エイギョウマージン
三次元,サンジゲン
一つ僕,ヒトツボク
機械的,キカイテキ
11月中旬,ジュウイチガツチュウジュン
グランドビジョン,グランドビジョン
ROSパッケージ,ロスパッケージ
スケール変換,スケールヘンカン
モノゴト化,モノゴトカ
コンテンツ作成,コンテンツサクセイ
柴田さん,シバタサン
電話連絡,デンワレンラク
エンジェル投資,エンジェルトウシ
インターン募集,インターンボシュウ
短大卒,タンダイソツ
的知識,テキチシキ
イケてるベンチャー,イケテルベンチャー
ベンチャー役員,ベンチャーヤクイン
ゴール設定,ゴールセッテイ
購買ログ,コウバイログ
水準間,スイジュンカン
分ベイズ,ブンベイズ
所沢先生,トコロザワセンセイ
時間一,ジカンイチ
天才達,テンサイタチ
的自然言語処理,テキシゼンゲンゴショリ
トップダウン的,トップダウンテキ
AIプロジェクト,アイプロジェクト
CV最適化,シーブイサイテキカ
自覚的,ジカクテキ
最近それ,サイキンソレ
さくらのIoT,サクラノアイオーティー
確率場,カクリツジョウ
おしっこちび,オシッコチビ
一番得意,イチバントクイ
独自開発,ドクジカイハツ
トークスキル,トークスキル
人事的,ジンジテキ
グラフィー行列,グラフィーギョウレツ
がむばる,ガムバル
女性起業家,ジョセイキギョウカ
１３,イチサン
3次元復元,サンジゲンフクゲン
ランチアポ,ランチアポ
微少量,ビショウリョウ
開発スキル,カイハツスキル
しょう子ちゃん,ショウコチャン
澤山さん,サワヤマサン
２人,ニニン
RTNHK,アールティーエヌエイチケイ
予想外,ヨソウガイ
マーケティング関連,マーケティングカンレン
産業用,サンギョウヨウ
メモ化DFS,メモカディーエフエス
大企業的,ダイキギョウテキ
分析対象,ブンセキタイショウ
ワロタwww,ワロタスリーダブリュー
生成モデル,セイセイモデル
断片的,ダンペンテキ
西郷さん,サイゴウサン
微分可能,ビブンカノウ
必要十分,ヒツヨウジュウブン
組織経営,ソシキケイエイ
分析手順,ブンセキテジュン
成果地点,セイカチテン
RT爆笑問題,アールティーバクショウモンダイ
分析レポート,ブンセキレポート
RT動画,アールティードウガ
矛盾的,ムジュンテキ
じゃなくてアルゴリズム,ジャナクテアルゴリズム
石田基広,イシダモトヒロ
IoTゲートウェイ,アイオーティーゲートウェイ
インフラ管理,インフラカンリ
機械学習モデル,キカイガクシュウモデル
信号強度,シンゴウキョウド
マルチコアプロセッサ,マルチコアプロセッサ
ネット言説,ネットゲンセツ
万ドル,マンドル
クラス分類,クラスブンルイ
ROS上,ロスジョウ
一気読み,イッキヨミ
RTNEC,アールティーエヌイーシー
プロ経営者,プロケイエイシャ
数学ネットサーフィン,スウガクネットサーフィン
専門知識,センモンチシキ
共分散行列,キョウブンサンギョウレツ
なのだそう,ナノダソウ
連携機能,レンケイキノウ
開発中,カイハツチュウ
事前分布,ジゼンブンプ
僕の,ボクノ
広告ディレクター,コウコクディレクター
半導体ベンダ,ハンドウタイベンダ
エチオピア難民,エチオピアナンミン
マージンゼロ,マージンゼロ
コードジェネレーション,コードジェネレーション
ファイブシステムズ,ファイブシステムズ
マルコフ確率,マルコフカクリツ
実装方法,ジッソウホウホウ
６日,ロクニチ
思い通り,オモイドオリ
システム更新,システムコウシン
的ロボティクス,テキロボティクス
岩田社長,イワタシャチョウ
数回,スウカイ
要さん,カナメサン
全部自分,ゼンブジブン
予定通り,ヨテイドオリ
正式リリース,セイシキリリース
自分以外,ジブンイガイ
