オールナイト虚無,オールナイトキョム
放送開始,ホウソウカイシ
投稿番組,トウコウバングミ
放送URL,ホウソウユーアールエル
品田遊,シナダユウ
００,ゼロゼロ
有実泊,アリノミハク
１０,イチゼロ
トモダチコレクション日記,トモダチコレクションニッキ
２０,ニゼロ
一人,イチニン
中央線,チュウオウセン
空論基礎,クウロンキソ
みいたち,ミイタチ
何度,ナンド
発売中,ハツバイチュウ
一回,イチカイ
一日,イチニチ
遊ブログ,ユウブログ
さそう,サソウ
数年,スウネン
哲学ゾンビ,テツガクゾンビ
１５,イチゴ
１回,イチカイ
３０,サンゼロ
０年,ゼロネン
シリーズ空論,シリーズクウロン
年前,ネンマエ
最終的,サイシュウテキ
５０,ゴゼロ
naDo,エヌエードゥー
いまごろ,イマゴロ
ヨシナガさん,ヨシナガサン
オモコロ特集,オモコロトクシュウ
哲学入門,テツガクニュウモン
日目,ニチメ
２巻,ニカン
liveat,ライブアット
一度,イチド
ここ数,ココスウ
２５,ニゴ
投稿型,トウコウガタ
口内炎,コウナイエン
後輩女性,コウハイジョセイ
５日,ゴニチ
単行本,タンコウホン
自称輝き,ジショウカガヤキ
やつ更新,ヤツコウシン
何年,ナンネン
万円,マンエン
出稼ぎ編,デカセギヘン
恐山漫画,オソレヤママンガ
嘘乙,ウソオツ
１日,イチニチ
エラーくん,エラークン
輝き女子,カガヤキジョシ
思春期,シシュンキ
たち（）,タチカッコ
人みたい,ヒトミタイ
精神的,セイシンテキ
本日発売,ホンジツハツバイ
４コマくーろん,ヨンコマクーロン
５年,ゴネン
当日券,トウジツケン
電車内,デンシャナイ
数分,スウフン
２回,ニカイ
公衆トイレ,コウシュウトイレ
wwwwww,スリーダブリュースリーダブリュー
年後,ネンゴ
具体的,グタイテキ
１７,イチナナ
年以上,ネンイジョウ
０万,ゼロマン
二人,ニニン
悩み相談,ナヤミソウダン
試し読み,タメシヨミ
虚無俳句,キョムハイク
収録回,シュウロクカイ
なにこれ,ナニコレ
発売予定,ハツバイヨテイ
経験豊富,ケイケンホウフ
本分,ホンブン
年目,ネンメ
律虚無,リツキョム
藤原浩一,フジワラコウイチ
数日,スウニチ
電子ナビ,デンシナビ
回目,カイメ
４０,ヨンゼロ
公式LINE,コウシキライン
３年,サンネン
豆ナッツ,マメナッツ
下ノ畑,シモノハタケ
子供たち,コドモタチ
納涼スペシャル,ノウリョウスペシャル
ことオールナイト,コトオールナイト
１２,イチニ
２３,ニサン
今日発売,キョウハツバイ
スラマッパギ式,スラマッパギシキ
一杯,イチハイ
パチンコ屋,パチンコヤ
トークイベント,トークイベント
くろーずん,クローズン
０個,ゼロコ
4コマくーろん,ヨンコマクーロン
Re:Re:,アールイーアールイー
３秒,サンビョウ
ええねんええねん,エエネンエエネン
自由律,ジユウリツ
ロード画面,ロードガメン
遊公式ブログ,ユウコウシキブログ
虚無絵,キョムエ
霊大喜利,レイオオギリ
スラマッパギ経験,スラマッパギケイケン
２人,ニニン
０１,ゼロイチ
０分,ゼロフン
全体的,ゼンタイテキ
アマゾンレビュー,アマゾンレビュー
０回,ゼロカイ
吉祥寺パルコブック,キチジョウジパルコブック
カズシゲ,カズシゲ
リンク先,リンクサキ
人向け,ヒトムケ
５分,ゴフン
雑コラボ,ザツコラボ
お前ら,オマエラ
２７,ニナナ
無差別級紙芝居,ムサベツキュウカミシバイ
３日,サンニチ
二度,ニド
本格恋愛漫画,ホンカクレンアイマンガ
意味わからん,イミワカラン
お前みたい,オマエミタイ
数ヶ月,スウカゲツ
子たち,コタチ
子さん,コサン
Ustream生放送,ユーストリームナマホウソウ
１話,イチワ
さおだけ屋,サオダケヤ
抽象的,チュウショウテキ
２本,ニホン
いま発売,イマハツバイ
一斤,イチキン
水泳大会,スイエイタイカイ
画像検索,ガゾウケンサク
きまぐれメロディアス,キマグレメロディアス
一冊,イチサツ
便乗アプリ,ビンジョウアプリ
論理的,ロンリテキ
では屏風,デハビョウブ
天丼マン,テンドンマン
虫取り,ムシトリ
７０,ナナゼロ
４コマ更新,ヨンコマコウシン
連載中,レンサイチュウ
１本,イチホン
地球上,チキュウジョウ
ドクロアンブレラ,ドクロアンブレラ
ニコ生大喜利,ニコナマオオギリ
３時,サンジ
万人,マンニン
ブックセンター,ブックセンター
文豪入門,ブンゴウニュウモン
検索数,ケンサクスウ
お釣りトレイ,オツリトレイ
青春みたい,セイシュンミタイ
２４,ニヨン
オールカラー版,オールカラーバン
６万,ロクマン
日一,ニチイチ
こと投稿,コトトウコウ
全力疾走,ゼンリョクシッソウ
式土器,シキドキ
億円,オクエン
写真展,シャシンテン
大喜利イベント,オオギリイベント
森敬太,モリケイタ
DPZライター,ディーピーズィーライター
５円,ゴエン
FORT店,フォートテン
お前たち,オマエタチ
０円,ゼロエン
発売記念,ハツバイキネン
Togetterまとめ,トゥギャッターマトメ
話公開,ワコウカイ
