人工知能おじいちゃん,ジンコウチノウオジイチャン
研究者,ケンキュウシャ
医療用,イリョウヨウ
音素バランス,オンソバランス
2016年夏,ニセンジュウロクネンナツ
さそう,サソウ
何度,ナンド
バランス文,バランスブン
画像検索,ガゾウケンサク
つくば横,ツクバヨコ
Interspeech,インテルスピーチ
発表資料,ハッピョウシリョウ
人工知能算数,ジンコウチノウサンスウ
GoogleLondon,グーグルロンドン
コミック工学,コミックコウガク
国語社会,コクゴシャカイ
算数国語,サンスウコクゴ
ページ数,ページスウ
おじいちゃん人工知能,オジイチャンジンコウチノウ
theyear,ザイヤー
プログラミング教育,プログラミングキョウイク
うどん屋,ウドンヤ
医療用水,イリョウヨウスイ
知名度向上,チメイドコウジョウ
漫画部数,マンガブスウ
年度進路,ネンドシンロ
競プロ,ケイプロ
夫婦仲,フウフナカ
うどんくん,ウドンクン
昭和63年生まれ,ショウワロクジュウサンネンウマレ
スクール水着カレッジ,スクールミズギカレッジ
風邪ひきそう,カゼヒキソウ
CS研,シーエスケン
ラボ水着,ラボミズギ
Orlando,オルランドー
高い応募,コウイオウボ
観覧倍率,カンランバイリツ
慎之介助教,シンノスケジョキョウ
Goto,ゴートゥ
水着ラボ,ミズギラボ
ではコミック,デハコミック
収束性,シュウソクセイ
３日,サンニチ
論文誌,ロンブンシ
勝巳さん,カツミサン
音楽情報科学,オンガクジョウホウカガク
情報科学研究会,ジョウホウカガクケンキュウカイ
接尾語,セツビゴ
研究室,ケンキュウシツ
一歩,イチホ
弊学,ヘイガク
特別研究員PD,トクベツケンキュウインピーディー
災害救助,サイガイキュウジョ
Jリーグイベント,ジェイリーグイベント
就職先,シュウショクサキ
模擬難聴,モギナンチョウ
立石流,タテイシリュウ
大学院生各位,ダイガクインセイカクイ
オンラインプログラミング,オンラインプログラミング
情報系,ジョウホウケイ
Katiewas,ケイティワイドエリアサーチ
用フラッシュモブ,ヨウフラッシュモブ
水着アイドル,ミズギアイドル
歩手前,ホテマエ
大学イメージ,ダイガクイメージ
youCatch,ユウキャッチ
イケメンモデル,イケメンモデル
クレヨンしんちゃん嵐,クレヨンシンチャンアラシ
ラボ服,ラボフク
accepted,アクセプトイーディー
キモいオタク,キモイオタク
to吉野家,トゥヨシノヤ
Google画像,グーグルガゾウ
長岡技,ナガオカワザ
cmCD,センチメートルシーディー
Catchyou,キャッチユウ
ホフマン氏,ホフマンシ
本格的,ホンカクテキ
縄文人さん,ジョウモンジンサン
QTみんなのうた,キューティミンナノウタ
wassmart,ワイドエリアサーチスマート
誕生日パーティ,タンジョウビパーティ
天気予定,テンキヨテイ
二層,ニソウ
ピート・ローズ氏,ピートローズシ
露出して,ロダシテ
不信任案,フシンニンアン
2015年度,ニセンジュウゴネンド
カレッジ水着,カレッジミズギ
服ラボ,フクラボ
飲みや遊び,ノミヤアソビ
onnegative,オンネガティブ
インなんとか,インナントカ
教授室,キョウジュシツ
月21日,ツキニジュウイチニチ
駐在さん,チュウザイサン
升田賞,マスダショウ
長岡技術科学大学,ナガオカギジュツカガクダイガク
自ら悪化,ミズカラアッカ
昨日オリラジ,キノウオリラジ
一丁,イチチョウ
観覧ハガキ,カンランハガキ
何枚,ナンマイ
プロ勢,プロゼイ
日戦争,ニチセンソウ
６安打,ロクアンダ
学振特別研究員,ガクシントクベツケンキュウイン
TakeMe,タケミー
言い回ししや,イイマワシシヤ
携帯修理,ケイタイシュウリ
一流誌,イチリュウシ
後日アップ,ゴジツアップ
人気学者,ニンキガクシャ
道慎之介,ドウシンノスケ
３位,サンイ
丁前,チョウマエ
先月末,センゲツマツ
氏DM,シダイレクトメール
朗読CD,ロウドクシーディー
イチロー選手,イチローセンシュ
１位,イチイ
エロ本コーナー,エロホンコーナー
技大,ワザダイ
inInter,インインテル
noisyspeech,ノイジースピーチ
回産総研,カイサンソウケン
日米通算４,ニチベイツウサンヨン
俺たち,オレタチ
実務訓練,ジツムクンレン
度学生,ドガクセイ
就活売り手,シュウカツウリテ
用フリー,ヨウフリー
ランダム再生,ランダムサイセイ
音響学会,オンキョウガッカイ
進路状況,シンロジョウキョウ
Amazon暴れん坊将軍,アマゾンアバレンボウショウグン
and Non,アンドエヌオン
HP更新,エイチピーコウシン
者向き,シャムキ
分離性能,ブンリセイノウ
音声屋,オンセイヤ
東大うどん,トウダイウドン
２位,ニイ
メモとろう,メモトロウ
うどんマップ,ウドンマップ
５６,ゴロク
IndependentVector,インディペンデントベクター
フリー文章,フリーブンショウ
匹わんちゃん,ヒキワンチャン
まじすか,マジスカ
検品作業,ケンピンサギョウ
温度差,オンドサ
ぼく個人,ボクコジン
配属時,ハイゾクジ
採択作品,サイタクサクヒン
高道,ダカドウ
枚出して,マイダシテ
PS4share,ピーエスフォーシェア
inOrlan,インオルラン
用水素水,ヨウスイモトミ
学生賞,ガクセイショウ
ん幸せ,ンシアワセ
わからん場所,ワカランバショ
猿渡研,サルワタリケン
潤滑油,ジュンカツユ
行動力,コウドウリョク
上下巻,ジョウカマキ
メジャー最多安打,メジャーサイタアンダ
あげく握手,アゲクアクシュ
ランク行列,ランクギョウレツ
ポストドクター,ポストドクター
学校側,ガッコウガワ
ハイレゾ希望,ハイレゾキボウ
一度,イチド
人工知能セミナー,ジンコウチノウセミナー
先一覧,サキイチラン
弊研究,ヘイケンキュウ
行列分析,ギョウレツブンセキ
Catchme,キャッチミ
研究室配属,ケンキュウシツハイゾク
４２,ヨンニ
ファイアパンチ,ファイアパンチ
立石勝巳,タテイシカツミ
以前アップ,イゼンアップ
うどんさん,ウドンサン
個人面談,コジンメンダン
お前ら,オマエラ
部数データ,ブスウデータ
年間漫画,ネンカンマンガ
対人力,タイジンリキ
顔面格差,ガンメンカクサ
入試ＡＩ,ニュウシアイ
年半,ネンハン
学生服院生,ガクセイフクインセイ
最新動向,サイシンドウコウ
売り手市場,ウリテシジョウ
人材育成策,ジンザイイクセイサク
吉川さん,ヨシカワサン
舛添氏,マスゾエシ
黒歴史ツイート,クロレキシツイート
デモシステム,デモシステム
研HP,ケンエイチピー
北村君,キタムラクン
院生服,インセイフク
年生まれ,ネンウマレ
知人ら,チジンラ
東大猿渡,トウダイサルワタリ
文章データベース,ブンショウデータベース
救助ロボット,キュウジョロボット
言い回しカッケー,イイマワシカッケー
型災害,ガタサイガイ
難聴デモ,ナンチョウデモ
マスターズドリーム,マスターズドリーム
フル稼働,フルカドウ
ヘビ型,ヘビガタ
従来モデラー,ジュウライモデラー
ロボット音響,ロボットオンキョウ
nanman,ナンエムアーエヌ
イメージ調査,イメージチョウサ
東大入試,トウダイニュウシ
２５,ニゴ
Popteenイケメン,ポップティーンイケメン
産総研人工知能,サンソウケンジンコウチノウ
インタラクティブ技術,インタラクティブギジュツ
この間受賞,コノカンジュショウ
賞状はいつ,ショウジョウハイツ
MRI動画,エムアールアイドウガ
花澤かな,ハナザワカナ
なんとかスピーチ,ナントカスピーチ
たちキモい,タチキモイ
