回データマイニング,カイデータマイニング
会場参加,カイジョウサンカ
登録ページ,トウロクページ
規模分散,キボブンサン
参加登録,サンカトウロク
参加募集,サンカボシュウ
UST配信,ユーエスティーハイシン
会場参加者,カイジョウサンカシャ
懇親会,コンシンカイ
講師各位,コウシカクイ
活用祭り,カツヨウマツリ
講師陣,コウシジン
機械学習祭り,キカイガクシュウマツリ
ビジネス展開,ビジネステンカイ
MahoutJP,マハートジェーピー
規模解析,キボカイセキ
講師資料,コウシシリョウ
都合上,ツゴウジョウ
情報入力,ジョウホウニュウリョク
展開祭り,テンカイマツリ
メールアドレス等,メールアドレストウ
分散機械学習,ブンサンキカイガクシュウ
規模データマイニング,キボデータマイニング
５回,ゴカイ
徹底入門,テッテイニュウモン
開催内容,カイサイナイヨウ
最適化祭り,サイテキカマツリ
最前線祭り,サイゼンセンマツリ
解析祭り,カイセキマツリ
ページ作成,ページサクセイ
規模データ,キボデータ
2nd Week,セカンドダブルユーエストニアクローン
講師枠,コウシワク
進行方針,シンコウホウシン
参加者全員,サンカシャゼンイン
８回,ハチカイ
アクションアイテム,アクションアイテム
徹底活用,テッテイカツヨウ
分散処理,ブンサンショリ
機械学習活用,キカイガクシュウカツヨウ
参加枠,サンカワク
発表者,ハッピョウシャ
チケット追加,チケットツイカ
９回,キュウカイ
先着順,センチャクジュン
画面更新,ガメンコウシン
重複保持,ジュウフクホジ
６回,ロクカイ
内容詳細,ナイヨウショウサイ
一定時間,イッテイジカン
時間経過,ジカンケイカ
経過後,ケイカゴ
枠復活,ワクフッカツ
登録中,トウロクチュウ
深層学習,シンソウガクシュウ
各種連絡,カクシュレンラク
７回,ナナカイ
回講師,カイコウシ
回開催,カイカイサイ
バックグラウンド一覧,バックグラウンドイチラン
データ活用,データカツヨウ
参加者,サンカシャ
用い会場,ヨウイカイジョウ
クオンツ祭り,クオンツマツリ
連続開催,レンゾクカイサイ
時開始,ジカイシ
発表資料,ハッピョウシリョウ
参考資料,サンコウシリョウ
ApacheMahout,アパッチマハート
RT今日,アールティーキョウ
自然言語処理祭り,シゼンゲンゴショリマツリ
分析基盤,ブンセキキバン
リアルタイム分散,リアルタイムブンサン
サービス開発,サービスカイハツ
枠各位,ワクカクイ
発表時間,ハッピョウジカン
蓄積データ,チクセキデータ
データ解析,データカイセキ
ソーシャルグラフ解析,ソーシャルグラフカイセキ
データ徹底,データテッテイ
グラフ解析,グラフカイセキ
豪華内容,ゴウカナイヨウ
処理最前線,ショリサイゼンセン
RT明日,アールティーアシタ
開催予定,カイサイヨテイ
４回,ヨンカイ
Clustering,クラスターアイエヌジー
チケット発行,チケットハッコウ
サービス活用,サービスカツヨウ
さんさん,サンサン
共通参加,キョウツウサンカ
追加枠,ツイカワク
交流会,コウリュウカイ
参加可能,サンカカノウ
統計解析,トウケイカイセキ
ビジネス講演会,ビジネスコウエンカイ
ひさしぶり,ヒサシブリ
今週末,コンシュウマツ
参加者ID,サンカシャアイディー
活用最前線,カツヨウサイゼンセン
会場提供,カイジョウテイキョウ
ツイートまとめ,ツイートマトメ
データマイニング基盤,データマイニングキバン
回目,カイメ
１回,イチカイ
広告ネットワーク,コウコクネットワーク
Web解析,Webカイセキ
みんな無事,ミンナブジ
次回以降,ジカイイコウ
分散Web,ブンサンWeb
概要文,ガイヨウブン
２回,ニカイ
th講師,ティーエッチコウシ
会場運営,カイジョウウンエイ
募集アナウンス,ボシュウアナウンス
ソーシャルデータ,ソーシャルデータ
統計学部,トウケイガクブ
なんとか家,ナントカカ
ソーシャル解析,ソーシャルカイセキ
未来祭り,ミライマツリ
RT次回,アールティージカイ
日中,ヒチュウ
枠確保,ワクカクホ
Webmining,Webマイニング
前回開催,ゼンカイカイサイ
オープンデータ最前線,オープンデータサイゼンセン
RT本日,アールティーホンジツ
ニフティさん,ニフティサン
ビジネス活用,ビジネスカツヨウ
分散データマイニング,ブンサンデータマイニング
オープンデータ活用,オープンデータカツヨウ
RTMahout,アールティーマハート
運営ボランティア,ウンエイボランティア
並列機械学習,ヘイレツキカイガクシュウ
追加チケット,ツイカチケット
ユーザ徹底,ユーザテッテイ
徹底理解,テッテイリカイ
有効活用,ユウコウカツヨウ
サービス洗練,サービスセンレン
理解祭り,リカイマツリ
講師分,コウシブン
資料リンク,シリョウリンク
広告最適化,コウコクサイテキカ
当日楽しみ,トウジツタノシミ
分散高速,ブンサンコウソク
データマイニングCROSS,データマイニングクロス
内容概要,ナイヨウガイヨウ
Slideshare,スライドシェア
濱田さん,ハマダサン
高速解析,コウソクカイセキ
自然言語処理勉強会,シゼンゲンゴショリベンキョウカイ
規模ソーシャル,キボソーシャル
枠開放,ワクカイホウ
改善点,カイゼンテン
第9回,ダイクカイ
六本木FreakOut,ロッポンギフリークアウト
RT今回,アールティーコンカイ
AWS上,アマゾンウェブサービスジョウ
テキストマイニング勉強会,テキストマイニングベンキョウカイ
Networksfor,ネットワークスフォー
R解析,ラウンドカイセキ
RTRT,アールティーアールティー
資料公開,シリョウコウカイ
機械学習MapReduce,キカイガクシュウマップリデュース
広告配信,コウコクハイシン
内容まとめ,ナイヨウマトメ
規模R,キボラウンド
統計モデリング,トウケイモデリング
ダンスクラス,ダンスクラス
アクセス解析祭り,アクセスカイセキマツリ
復習レーン,フクシュウレーン
３人,サンニン
基盤アーキテクチャ,キバンアーキテクチャ
可視化祭り,カシカマツリ
セマンティックウェブ祭り,セマンティックウェブマツリ
Forest徹底,フォレストテッテイ
andCloud,アンドクラウド
次回開催,ジカイカイサイ
定員枠,テイインワク
マーケティングモデリング,マーケティングモデリング
ソーシャル祭り,ソーシャルマツリ
テキスト分析,テキストブンセキ
アーキテクチャ最前線,アーキテクチャサイゼンセン
時系列分析,ジケイレツブンセキ
SmartNewsさん,スマートニュースサン
ログ解析,ログカイセキ
設計祭り,セッケイマツリ
議論時間,ギロンジカン
登録時,トウロクジ
評価設計,ヒョウカセッケイ
万会員,マンカイイン
トーク楽しみ,トークタノシミ
アソシエーション分析,アソシエーションブンセキ
マーケティング分析,マーケティングブンセキ
データマイニング活用,データマイニングカツヨウ
講師立候補,コウシリッコウホ
開催講師,カイサイコウシ
分析活用,ブンセキカツヨウ
Mahout活用,マハートカツヨウ
次回ぜひ,ジカイゼヒ
Designing,デザインアイエヌジー
２週,ニシュウ
登録お願い,トウロクオネガイ
講師共通,コウシキョウツウ
データマイニング祭り,データマイニングマツリ
理論物理,リロンブツリ
会場準備,カイジョウジュンビ
参加機会,サンカキカイ
連絡先,レンラクサキ
集団学習,シュウダンガクシュウ
育成祭り,イクセイマツリ
チケット確保,チケットカクホ
RTこれ,アールティーコレ
回以降,カイイコウ
マーケティング祭り,マーケティングマツリ
SlideShare,スライドシェア
画像認識,ガゾウニンシキ
確率モデリング,カクリツモデリング
クラウド祭り,クラウドマツリ
データ分析,データブンセキ
ソーシャルアプリ,ソーシャルアプリ
追加開放,ツイカカイホウ
ソーシャル最適化,ソーシャルサイテキカ
今回参加,コンカイサンカ
先等,サキトウ
参加者各位,サンカシャカクイ
RT参加,アールティーサンカ
改善アクション,カイゼンアクション
あと数,アトスウ
クラスター分析,クラスターブンセキ
パパどうし,パパドウシ
発表追加,ハッピョウツイカ
RT濱田,アールティーハマダ
Reminder,リマインドイーアール
徹底解説,テッテイカイセツ
RTR,アールティーラウンド
会終了,カイシュウリョウ
参加希望,サンカキボウ
分析祭り,ブンセキマツリ
出欠席,シュッケツセキ
体験提供,タイケンテイキョウ
学術祭り,ガクジュツマツリ
プロセス改革,プロセスカイカク
開催まとめ,カイサイマトメ
一日,イチニチ
潜在モデリング,センザイモデリング
開発祭り,カイハツマツリ
かのん今日,カノンキョウ
以降開催,イコウカイサイ
数枠,スウワク
データフュージョン,データフュージョン
Webスケール,Webスケール
キャンセル分,キャンセルブン
最終調整,サイシュウチョウセイ
内容構成,ナイヨウコウセイ
RT昨日,アールティーキノウ
システム構築,システムコウチク
運営各位,ウンエイカクイ
時頃,ジゴロ
次会,ジカイ
配信最適化,ハイシンサイテキカ
トピックモデル,トピックモデル
スケール時代,スケールジダイ
回自然言語処理,カイシゼンゲンゴショリ
進行中,シンコウチュウ
数学クラスタ,スウガククラスタ
業務プロセス,ギョウムプロセス
開催日,カイサイビ
データマイニング等,データマイニングトウ
機械学習等,キカイガクシュウトウ
RTこちら,アールティーコチラ
通常参加,ツウジョウサンカ
日程調整,ニッテイチョウセイ
マーケティング最適化,マーケティングサイテキカ
統計カリキュラム,トウケイカリキュラム
表現学習,ヒョウゲンガクシュウ
点等,テントウ
回さくさく,カイサクサク
クラスタ交流,クラスタコウリュウ
開催ページ,カイサイページ
まとめエントリ,マトメエントリ
日程確定,ニッテイカクテイ
RT私,アールティーワタシ
追加募集枠,ツイカボシュウワク
RTさん,アールティーサン
生後2日,セイゴフツカ
2010年度,ニセンジュウネンド
運用祭り,ウンヨウマツリ
学習活用,ガクシュウカツヨウ
Twitterおよび,ツイッターオヨビ
確率場,カクリツジョウ
読み会,ヨミカイ
統計物理,トウケイブツリ
資料追加,シリョウツイカ
２月下旬,ニガツゲジュン
RTブログ,アールティーブログ
３月上旬,サンガツジョウジュン
渋谷SmartNews,シブヤスマートニュース
並列処理,ヘイレツショリ
関連資料,カンレンシリョウ
DeepNetworks,ディープネットワークス
g元気,グラムゲンキ
傾向スコア,ケイコウスコア
者枠,シャワク
正泰苑,マサヨシエン
学習徹底,ガクシュウテッテイ
KPI分析,ケーピーアイブンセキ
Mahoutin,マハートイン
開催詳細,カイサイショウサイ
さくさくテキストマイニング,サクサクテキストマイニング
開催後,カイサイゴ
分類器,ブンルイキ
RTデータマイニング,アールティーデータマイニング
FreakOutさん,フリークアウトサン
事前公開,ジゼンコウカイ
さん達,サンタチ
社会ネットワーク,シャカイネットワーク
ダンス部,ダンスブ
活用事例,カツヨウジレイ
レコメンドエンジン,レコメンドエンジン
迷惑メールフォルダ,メイワクメールフォルダ
万人,マンニン
登録講師,トウロクコウシ
風呂入り,フロイリ
オフィス開催,オフィスカイサイ
編集権限,ヘンシュウケンゲン
E3%,イースリーパーセント
データマイニング部門,データマイニングブモン
会員1日,カイインツイタチ
RT資料,アールティーシリョウ
上旬開催,ジョウジュンカイサイ
st講師,エスティコウシ
執筆陣,シッピツジン
登録作業,トウロクサギョウ
終了後,シュウリョウゴ
RTUST,アールティーユーエスティー
億アクション,オクアクション
募集ページ,ボシュウページ
当日中,トウジツチュウ
数理統計,スウリトウケイ
UST参加者,ユーエスティーサンカシャ
継続進化,ケイゾクシンカ
豪華執筆,ゴウカシッピツ
RTみんな,アールティーミンナ
時集合,ジシュウゴウ
アナウンス後,アナウンスゴ
今回開催,コンカイカイサイ
講師確定,コウシカクテイ
回Tokyo,カイトウキョウ
洗練徹底,センレンテッテイ
ソーシャルプラットフォーム,ソーシャルプラットフォーム
し本Twitter,シホンツイッター
１日,イチニチ
規模ログ,キボログ
二人,ニニン
１年,イチネン
ため迷惑メール,タメメイワクメール
RT発表,アールティーハッピョウ
一回,イチカイ
特徴量,トクチョウリョウ
回全国大会,カイゼンコクタイカイ
時間構成,ジカンコウセイ
webmining,ウェブマイニング
各種講師,カクシュコウシ
１章,イチショウ
導入的,ドウニュウテキ
OKですよ。,オーケイデスヨ
二回,ニカイ
おなかいっぱい,オナカイッパイ
入門的,ニュウモンテキ
SPSSさん,エスピーエスエスサン
処理祭り,ショリマツリ
自動生成,ジドウセイセイ
RTust,アールティーユーエスティー
クラスタリング入門,クラスタリングニュウモン
はまださん,ハマダサン
Mahoutクラスタリング,マハートクラスタリング
9月上旬,クガツジョウジュン
論文紹介,ロンブンショウカイ
詳細アナウンス,ショウサイアナウンス
自然言語処理活用,シゼンゲンゴショリカツヨウ
BestPaper,ベストペーパー
8月以降,ハチガツイコウ
増田さん,マスダサン
多項式曲線,タコウシキキョクセン
ソーシャルデザインパターン,ソーシャルデザインパターン
Ust参加,ユーストサンカ
RT来週,アールティーライシュウ
FINAL FANTASYRK,ファイナルファンタジーアールケイ
データマイニング現場,データマイニングゲンバ
現在さん,ゲンザイサン
１歳,イチサイ
事前共有,ジゼンキョウユウ
確定後,カクテイゴ
時系列解析,ジケイレツカイセキ
Mahout導入,マハートドウニュウ
準備完了,ジュンビカンリョウ
紹介記事,ショウカイキジ
オススメ本,オススメホン
規模ゲノム,キボゲノム
ログ分析,ログブンセキ
招待ID,ショウタイアイディー
学習フレームワーク,ガクシュウフレームワーク
度Linux,ドリナックス
招待講演,ショウタイコウエン
共通枠,キョウツウワク
会員モバゲータウン,カイインモバゲータウン
的内容,テキナイヨウ
いいね！RT,イイネアールティー
連絡お待ち,レンラクオマチ
%E3,パーセントイースリー
ビックデータ,ビックデータ
調整中,チョウセイチュウ
方法論祭り,ホウホウロンマツリ
複雑ネットワーク本,フクザツネットワークホン
さそう,サソウ
資料アップ,シリョウアップ
問題クラス,モンダイクラス
勉強会,ベンキョウカイ
発表内容,ハッピョウナイヨウ
LanguageProcessing,センゴヒャクサンジュウゴマンロッピャクロクジュウゴゼロゼロキュウナナマンハチゴゼロナナプロセシング
数秒,スウビョウ
RT今,アールティーイマ
継続点,ケイゾクテン
ファッション最前線,ファッションサイゼンセン
業務後,ギョウムゴ
2月下旬,ニガツゲジュン
機械学習研究,キカイガクシュウケンキュウ
ゲノムデータ,ゲノムデータ
サービス配信,サービスハイシン
価格予測,カカクヨソク
プレゼン資料,プレゼンシリョウ
一度,イチド
RTDeNA,アールティーディーエヌエー
前職,マエショク
機械学習方法論,キカイガクシュウホウホウロン
各種解析,カクシュカイセキ
チケット解放,チケットカイホウ
募集開始し本,ボシュウカイシシホン
規模機械学習,キボキカイガクシュウ
inthe,インザ
RT一,アールティーイチ
inAction,インアクション
導入手順,ドウニュウテジュン
回記念,カイキネン
週開催,シュウカイサイ
ためニフティ,タメニフティ
RT楽しみ,アールティータノシミ
運営メンバー,ウンエイメンバー
共通開催,キョウツウカイサイ
分散グラフ,ブンサングラフ
RAMWS,ラムダブルエス
資料一覧,シリョウイチラン
何時,ナンジ
１時間,イチジカン
ユーザ会,ユーザカイ
教師付き,キョウシツキ
基盤祭り,キバンマツリ
研究進展,ケンキュウシンテン
リズムトレーニング,リズムトレーニング
分散学習,ブンサンガクシュウ
明日楽しみ,アシタタノシミ
開催調整,カイサイチョウセイ
画像生成,ガゾウセイセイ
事前アナウンス,ジゼンアナウンス
ネットワーク解析,ネットワークカイセキ
フュージョン徹底,フュージョンテッテイ
マルコフ確率,マルコフカクリツ
聴講者,チョウコウシャ
文量,ブンリョウ
withDeep,ウィズディープ
講師募集,コウシボシュウ
SceneUnderstanding,シーンアンダースタンディング
Tokyoweb,トウキョウウェブ
参加予定,サンカヨテイ
時系列データ,ジケイレツデータ
研究最新,ケンキュウサイシン
計量時系列,ケイリョウジケイレツ
ウェブ解析,ウェブカイセキ
お祝いメッセージ,オイワイメッセージ
資料内,シリョウナイ
紹介文,ショウカイブン
今晩最後,コンバンサイゴ
今帰り,イマガエリ
講師感謝,コウシカンシャ
開発現場,カイハツゲンバ
情報まとめサイト,ジョウホウマトメサイト
Million's,ミリオエヌズ
全体アナウンス,ゼンタイアナウンス
画像分類,ガゾウブンルイ
評判分析,ヒョウバンブンセキ
解決法,カイケツホウ
分散基盤,ブンサンキバン
clustering,クラスターアイエヌジー
相関分析,ソウカンブンセキ
効果検証,コウカケンショウ
RT週末,アールティーシュウマツ
付き機械学習,ツキキカイガクシュウ
クラウドネイティブ,クラウドネイティブ
編集可,ヘンシュウカ
ソースコードリーディング,ソースコードリーディング
オンライン学習,オンラインガクシュウ
一緒にダンス,イッショニダンス
上野動物園,ウエノドウブツエン
運営ボランティア募集,ウンエイボランティアボシュウ
ボランティア各位,ボランティアカクイ
２日,ニニチ
メール返信,メールヘンシン
RTそう,アールティーソウ
山田こども,ヤマダコドモ
内リンク,ナイリンク
RTUst,アールティーユースト
さくテキ,サクテキ
Modelfor,モデルフォー
機械学習Mahout,キカイガクシュウマハート
machine learningand,マシンラーニングアンド
RT統計学,アールティートウケイガク
効果指標,コウカシヒョウ
RTそこ,アールティーソコ
リアルタイム処理,リアルタイムショリ
紹介資料,ショウカイシリョウ
広告祭り,コウコクマツリ
NLP勉強会,エヌエルピーベンキョウカイ
ですよ。RT,デスヨアールティー
状態空間モデル,ジョウタイクウカンモデル
最新トピックス,サイシントピックス
３週,サンシュウ
SlopeOne,スロープワン
課題解決,カダイカイケツ
グラフアルゴリズム,グラフアルゴリズム
統計手法,トウケイシュホウ
運営進行,ウンエイシンコウ
進行方,シンコウカタ
秋山さん,アキヤマサン
mininglibrary,マイニングライブラリー
パーソナル広告,パーソナルコウコク
１人,イチニン
夜開催,ヨルカイサイ
RT数学,アールティースウガク
こどもクリニック,コドモクリニック
inJava,インジャバ
週連続,シュウレンゾク
取引価格,トリヒキカカク
英語習熟,エイゴシュウジュク
youfor,ユウフォー
データマイニング徹底,データマイニングテッテイ
ため再送,タメサイソウ
グラフレコメンデーション,グラフレコメンデーション
参加者運営,サンカシャウンエイ
先日お伝え,センジツオツタエ
予算配分最適化,ヨサンハイブンサイテキカ
参加状況,サンカジョウキョウ
マルコフ連鎖モンテカルロ法入門,マルコフレンサモンテカルロホウニュウモン
日々みな,ヒビミナ
トーク概要,トークガイヨウ
習熟度,シュウジュクド
ヘッジファンド入門,ヘッジファンドニュウモン
さん開催,サンカイサイ
年ぶり,ネンブリ
会場定員,カイジョウテイイン
異常検知入門,イジョウケンチニュウモン
参加チケット,サンカチケット
入籍記念日,ニュウセキキネンビ
広告エンジン,コウコクエンジン
Mahout情報発信,マハートジョウホウハッシン
物理的,ブツリテキ
黒ウーロン茶,クロウーロンチャ
とり登録,トリトウロク
andK-m,アンドケイエム
解析基盤,カイセキキバン
裏事情,ウラジジョウ
概要紹介,ガイヨウショウカイ
的アプローチ,テキアプローチ
一緒にぜひ,イッショニゼヒ
モデリング入門,モデリングニュウモン
行動解析,コウドウカイセキ
トーク資料,トークシリョウ
南場社長,ナンバシャチョウ
休日診療,キュウジツシンリョウ
サービス提供,サービステイキョウ
２人,ニニン
樋口さん,ヒグチサン
inR,インラウンド
ヘルシア緑茶,ヘルシアリョクチャ
アプリ開発,アプリカイハツ
分散アプリケーション,ブンサンアプリケーション
会LT,カイエルティ
連絡とり,レンラクトリ
Twitter解析,ツイッターカイセキ
n'sTime,エヌズタイム
発表枠,ハッピョウワク
研究者,ケンキュウシャ
RT是非,アールティーゼヒ
withR,ウィズラウンド
修整点,シュウセイテン
部カリキュラム,ブカリキュラム
広告効果,コウコクコウカ
ネットワーク分析,ネットワークブンセキ
asa,アズアール
人目,ニンメ
liveat,ライブアット
講師参加,コウシサンカ
資料作成,シリョウサクセイ
講演資料,コウエンシリョウ
一番確実,イチバンカクジツ
RT複雑ネットワーク,アールティーフクザツネットワーク
参加楽しみ,サンカタノシミ
枠追加,ワクツイカ
ソーシャルウェブ,ソーシャルウェブ
構造主義的,コウゾウシュギテキ
RT皆様,アールティーミナサマ
atTwitter,アットツイッター
意味表現,イミヒョウゲン
毎週末,マイシュウマツ
記念開催,キネンカイサイ
事前資料,ジゼンシリョウ
一緒に参加,イッショニサンカ
実行可能,ジッコウカノウ
配信中,ハイシンチュウ
配信予定,ハイシンヨテイ
individualsin,インディビジュアルズイン
.jpさん,ドットジェイピーサン
発表楽しみ,ハッピョウタノシミ
駒場ダンス,コマバダンス
各種活用,カクシュカツヨウ
Ustream配信,ユーストリームハイシン
集合時間,シュウゴウジカン
解析日記,カイセキニッキ
何人,ナンニン
インテリジェントデータ,インテリジェントデータ
RT後,アールティーゴ
チケット用意,チケットヨウイ
RTGoogle,アールティーグーグル
7月開催,シチガツカイサイ
系男子,ケイダンシ
閲覧数,エツランスウ
入門自然言語処理,ニュウモンシゼンゲンゴショリ
RT勉強会,アールティーベンキョウカイ
さんトーク,サントーク
UST機材,ユーエスティーキザイ
ですよw,デスヨワット
Dimensional,ディメンションアル
登録人数,トウロクニンズウ
リサーチモニター,リサーチモニター
３回,サンカイ
wRT,ワットアールティー
一部UST,イチブユーエスティー
ファッション領域,ファッションリョウイキ
行動情報,コウドウジョウホウ
データサイエンティスト系,データサイエンティストケイ
調整可能,チョウセイカノウ
RTおはよう,アールティーオハヨウ
空き枠,アキワク
延期前,エンキマエ
統計分析,トウケイブンセキ
評価指標,ヒョウカシヒョウ
クラスタ数,クラスタスウ
無意識的,ムイシキテキ
RT次,アールティージ
フレームワーク徹底,フレームワークテッテイ
RTぜひ,アールティーゼヒ
記録システム,キロクシステム
6月中旬,ロクガツチュウジュン
Webクローリング,Webクローリング
チケット保持,チケットホジ
是非参加,ゼヒサンカ
サポート新年会,サポートシンネンカイ
RT最近,アールティーサイキン
RT統計力学,アールティートウケイリキガク
forDeep,フォーディープ
カロリー調整,カロリーチョウセイ
億円,オクエン
配信徹底,ハイシンテッテイ
ランチLT,ランチエルティ
ピザパーティ,ピザパーティ
枚画像,マイガゾウ
確率的,カクリツテキ
データ運用,データウンヨウ
開催前,カイサイマエ
特別講義,トクベツコウギ
苑本店,エンホンテン
確定部分,カクテイブブン
動画つき,ドウガツキ
Web広告,Webコウコク
Platform構築,プラットフォームコウチク
代行サービス,ダイコウサービス
ダンス楽しみ,ダンスタノシミ
２アンケート,ニアンケート
合同懇親,ゴウドウコンシン
回パターン認識,カイパターンニンシキ
クオンツトーク,クオンツトーク
機械学習数理,キカイガクシュウスウリ
ぜひ観,ゼヒカン
アンケート２,アンケートニ
的社会,テキシャカイ
徹底祭り,テッテイマツリ
私的勉強,シテキベンキョウ
ダンスとも,ダンストモ
画像キャプション,ガゾウキャプション
inDeep,インディープ
調整連絡,チョウセイレンラク
現場24時,ゲンバニジュウヨジ
パーソナルデータビジネス,パーソナルデータビジネス
開催日程,カイサイニッテイ
閲覧時,エツランジ
活用等,カツヨウトウ
継続的,ケイゾクテキ
Lifeas,ライフアズ
分析能力,ブンセキノウリョク
UST参加,ユーエスティーサンカ
明日開催,アシタカイサイ
2chテキストマイニング,ニチャンネルテキストマイニング
来年１月,ライネンイチガツ
発表要旨,ハッピョウヨウシ
言語処理,ゲンゴショリ
詳細お送り,ショウサイオオクリ
時間等,ジカントウ
登録後,トウロクゴ
時間以上,ジカンイジョウ
基盤技術,キバンギジュツ
各種アナウンス,カクシュアナウンス
５万,ゴマン
BurstState,バーストステート
あと１,アトイチ
枠分,ワクブン
合同勉強会,ゴウドウベンキョウカイ
一人,イチニン
移動中,イドウチュウ
排泄タイミング,ハイセツタイミング
RT講師,アールティーコウシ
計量テキスト,ケイリョウテキスト
億超,オクチョウ
配信OK,ハイシンオーケイ
オープンデータ徹底,オープンデータテッテイ
研究最前線,ケンキュウサイゼンセン
基盤構築,キバンコウチク
ベイジアンモデリング,ベイジアンモデリング
直前キャンセル,チョクゼンキャンセル
RT登録,アールティートウロク
ことはじめ,コトハジメ
活動進化,カツドウシンカ
RT主催者,アールティーシュサイシャ
アルゴリズム比較,アルゴリズムヒカク
ため確認,タメカクニン
レコメンデーション最前線,レコメンデーションサイゼンセン
家族３,カゾクサン
RT懇親,アールティーコンシン
Forest入門,フォレストニュウモン
データサイエンス活用,データサイエンスカツヨウ
南場智子氏,ナンバトモコシ
RT 1,ラウンドティープラスワン
配信エンジン,ハイシンエンジン
RTタイトル,アールティータイトル
SourceCode,ソースコード
RT日本,アールティーニッポン
ARソーシャルゲーム,エーアールソーシャルゲーム
地震直後,ジシンチョクゴ
リアルタイム通知,リアルタイムツウチ
寝たきり高齢者,ネタキリコウレイシャ
QTさん,キューティサン
みどりぼん,ミドリボン
係り受け解析,カカリウケカイセキ
実行法,ジッコウホウ
各種内容,カクシュナイヨウ
データマイニングby,データマイニングビーワイ
バンディットアルゴリズム,バンディットアルゴリズム
発表日程,ハッピョウニッテイ
広告領域,コウコクリョウイキ
広告システム,コウコクシステム
データマイニングチーム,データマイニングチーム
実装講義,ジッソウコウギ
現実世界,ゲンジツセカイ
楽しみ交流,タノシミコウリュウ
3月上旬,サンガツジョウジュン
どうしよろしくお願いします,ドウシヨロシクオネガイシマス
会参加,カイサンカ
メッセージ心,メッセージシン
ina,インアール
追加募集時,ツイカボシュウジ
来週末,ライシュウマツ
作成後,サクセイゴ
SlideFinder,スライドファインダ
体系的,タイケイテキ
ニヤ会,ニヤカイ
誕生日プレゼント,タンジョウビプレゼント
自炊代行,ジスイダイコウ
さん開始,サンカイシ
ParallelRDB,パラレルアールデービー
最終的,サイシュウテキ
土地勘,トチカン
ウェブビジネスモデル,ウェブビジネスモデル
中旬開催,チュウジュンカイサイ
RTリアル,アールティーリアル
MITOpenCourseWare,エムアイティーオープンコースウェア
ダンス参加,ダンスサンカ
RTSlide,アールティースライド
徹底比較,テッテイヒカク
マーケティングリサーチ等,マーケティングリサーチトウ
レストランひらまつ,レストランヒラマツ
イケてるデータサイエンティスト,イケテルデータサイエンティスト
レコメンデーション赤裸,レコメンデーションアカハダカ
andComputer,アンドコンピューター
手予測,テヨソク
登録可能,トウロクカノウ
さん会場,サンカイジョウ
F入口,エフイリグチ
講師日程,コウシニッテイ
解析システム,カイセキシステム
人が活用,ジンガカツヨウ
Researchat,リサーチアット
発表済,ハッピョウスミ
テクノロジー分野,テクノロジーブンヤ
forAbstract,フォーアブストラクト
アドテクノロジー,アドテクノロジー
情報感謝,ジョウホウカンシャ
万枚,マンマイ
リアルMahout,リアルマハート
Streaming,ストリームアイエヌジー
マーケティングサイエンス,マーケティングサイエンス
ヤバいこと,ヤバイコト
アクションモバゲータウン,アクションモバゲータウン
統数,ミツルスウ
活動再開,カツドウサイカイ
前回参加者,ゼンカイサンカシャ
Networkswith,ネットワークスウィズ
翻訳プロジェクト,ホンヤクプロジェクト
刺激的,シゲキテキ
RTチケット,アールティーチケット
各種運営,カクシュウンエイ
RT仕事,アールティーシゴト
RT正泰,アールティーマサヨシ
募集中,ボシュウチュウ
魅力的,ミリョクテキ
事例紹介,ジレイショウカイ
回答行動,カイトウコウドウ
数研,スウケン
ユーザーレビュー,ユーザーレビュー
記載内容,キサイナイヨウ
作成中,サクセイチュウ
NLP若手,エヌエルピーワカテ
Answering,アンサーアイエヌジー
公開用,コウカイヨウ
チケット獲得,チケットカクトク
チケット開放,チケットカイホウ
推薦文献,スイセンブンケン
複雑ネットワークセミナー,フクザツネットワークセミナー
追加発行,ツイカハッコウ
過程マルコフ,カテイマルコフ
システム最前線,システムサイゼンセン
公開資料,コウカイシリョウ
fora,フォーアール
ソーシャルグラフ研究会,ソーシャルグラフケンキュウカイ
さん資料,サンシリョウ
inVector,インベクター
エンジニアサポート,エンジニアサポート
活用法,カツヨウホウ
子供達,コドモタチ
ビジネス最前線,ビジネスサイゼンセン
重複チケット,ジュウフクチケット
RT陣痛,アールティージンツウ
オークション,オークション
解析等,カイセキトウ
学習入門,ガクシュウニュウモン
会場写真,カイジョウシャシン
基礎的,キソテキ
記載不備,キサイフビ
forus,フォーアス
参加申し込み,サンカモウシコミ
本日午前,ホンジツゴゼン
周辺ツール,シュウヘンツール
会懇親,カイコンシン
会いお話し,カイイオハナシ
今晩会場,コンバンカイジョウ
特化,トクカ
データマイニング講座,データマイニングコウザ
ススメ本,ススメホン
不備等,フビトウ
外資コンサル,ガイシコンサル
nd講師,エヌディーコウシ
駒場物理,コマバブツリ
今度一緒,コンドイッショ
tryto,トルコリラトゥ
ですよ。会場,デスヨカイジョウ
追加参加,ツイカサンカ
章古典,ショウコテン
LT登録,エルティトウロク
Mahoutコミュニティ,マハートコミュニティ
全体調整,ゼンタイチョウセイ
場所決め,バショキメ
各種体験,カクシュタイケン
無断欠席,ムダンケッセキ
びき日記,ビキニッキ
脳アーキテクチャ,ノウアーキテクチャ
影響力,エイキョウリョク
希薄問題,キハクモンダイ
０回,ゼロカイ
ヶ月半,カゲツハン
ベイジアンネット,ベイジアンネット
アクセス解析システム,アクセスカイセキシステム
分析結果,ブンセキケッカ
Mahout実行,マハートジッコウ
便利そう,ベンリソウ
広告機械学習,コウコクキカイガクシュウ
アド系,アドケイ
2日目,フツカメ
第三者配信,ダイサンシャハイシン
thアンカンファレンス,ティーエッチアンカンファレンス
2011年１月,ニセンジュウイチネンイチガツ
リアルタイム広告,リアルタイムコウコク
Understandingand,アンダースタンディングアンド
Yahoo!JAPAN研究所,ヤフージャパンケンキュウジョ
チケット重複,チケットジュウフク
scaleScene,スケールシーン
一緒にApache,イッショニアパッチ
データマイニング人材,データマイニングジンザイ
ダンス再開,ダンスサイカイ
何度,ナンド
伝搬法則,デンパンホウソク
事前記載,ジゼンキサイ
イカ娘スレッド,イカムスメスレッド
programming,プログラムミング
今夜のち,コンヤノチ
先端企業,センタンキギョウ
業務改革,ギョウムカイカク
一緒に祝い,イッショニイワイ
解析メンバー,カイセキメンバー
二値,ニチ
友人である,ユウジンデアル
RT自分,アールティージブン
プラグイン作成,プラグインサクセイ
線画化,センガカ
公開場所,コウカイバショ
本日楽しみ,ホンジツタノシミ
３月開催,サンガツカイサイ
関連メンバー,カンレンメンバー
結婚式２,ケッコンシキニ
主催者陣,シュサイシャジン
自動まとめブログ,ジドウマトメブログ
解析コンテスト,カイセキコンテスト
RT多分,アールティータブン
RT広告,アールティーコウコク
.jpドメイン,ドットジェイピードメイン
アルベルト社,アルベルトシャ
ため延期,タメエンキ
機械学習最前線,キカイガクシュウサイゼンセン
アンカンファレンス各位,アンカンファレンスカクイ
潜在状態,センザイジョウタイ
３ケース,サンケース
確認完了,カクニンカンリョウ
３３,サンサン
みなさん早起き,ミナサンハヤオキ
高度化,コウドカ
グラフシステム,グラフシステム
アナウンス完了,アナウンスカンリョウ
象使い,ゾウヅカイ
かのん元気,カノンゲンキ
mining統計学,マイニングトウケイガク
追加調整,ツイカチョウセイ
IPO書類,アイピーオーショルイ
活躍メンバー,カツヤクメンバー
数回,スウカイ
キャンペーン効果,キャンペーンコウカ
業界全体,ギョウカイゼンタイ
今回運営,コンカイウンエイ
マーケティングソリューション,マーケティングソリューション
ベイズ分類,ベイズブンルイ
満員立ち見,マンインタチミ
よう意図,ヨウイト
参考図書,サンコウトショ
RT数,アールティースウ
統計学入門,トウケイガクニュウモン
開始予定,カイシヨテイ
各種開催,カクシュカイサイ
さんファン,サンファン
AIResearch,アイリサーチ
日本語Wikipedia,ニホンゴウィキペディア
はいつ頃,ハイツゴロ
かのん１,カノンイチ
ソーシャルゲーム会社,ソーシャルゲームカイシャ
MIDWESTビル,ミッドウエストビル
札幌主催者,サッポロシュサイシャ
単語ベース,タンゴベース
RT理論,アールティーリロン
Miningwith,マイニングウィズ
サービス進化,サービスシンカ
2011年2月,ニセンジュウイチネンニガツ
共通講師,キョウツウコウシ
通りチェック,トオリチェック
3bob,サンビーオービー
キャンセル率,キャンセルリツ
登録ぜひ,トウロクゼヒ
大前研一さん,オオマエケンイチサン
撤収完了,テッシュウカンリョウ
基盤サービス,キバンサービス
６人,ロクニン
時新橋駅,ジシンバシエキ
日程終了,ニッテイシュウリョウ
IT企業,アイティーキギョウ
データ特徴,データトクチョウ
要望等,ヨウボウトウ
回CREST,カイクレスト
FB利用者,エフビーリヨウシャ
会場設定,カイジョウセッテイ
配車最適化,ハイシャサイテキカ
回復後,カイフクゴ
事前準備,ジゼンジュンビ
RTちょ,アールティーチョ
PV達成,ピーブイタッセイ
現実データ,ゲンジツデータ
atFacebook,アットフェイスブック
学生向け,ガクセイムケ
マーケティング領域,マーケティングリョウイキ
UST非公開,ユーエスティーヒコウカイ
分散計算,ブンサンケイサン
モバゲー募金,モバゲーボキン
資料中,シリョウチュウ
活動内容,カツドウナイヨウ
Interaction,インテルアクション
開催以降,カイサイイコウ
LT大会,エルティタイカイ
asano,アズアノ
分布関数,ブンプカンスウ
RT大学院,アールティーダイガクイン
間移行,カンイコウ
DeepNLP,ディープエヌエルピー
ださんRT,ダサンアールティー
物理Ph.D.,ブツリピーエイチディー
アーキテクチャ勉強会,アーキテクチャベンキョウカイ
達グラフ,タチグラフ
キャンセル処理,キャンセルショリ
Ust配信,ユーストハイシン
ソーシャルネットワーク分析,ソーシャルネットワークブンセキ
参加者募集中,サンカシャボシュウチュウ
行動ベース,コウドウベース
統計数理研究所所長,トウケイスウリケンキュウショショチョウ
公開可能,コウカイカノウ
記述例,キジュツレイ
誕生日祝い,タンジョウビイワイ
RT生後,アールティーセイゴ
協同編集,キョウドウヘンシュウ
規模サービス,キボサービス
betweendeep,ビトゥウィンディープ
RTあっという間,アールティーアットイウマ
RT皆さん,アールティーミナサン
記事データ,キジデータ
三人,サンニン
主催者紹介,シュサイシャショウカイ
ニコ生配信,ニコナマハイシン
thMIT,ティーエッチミット
末中,マツチュウ
活動時間帯,カツドウジカンタイ
度総会,ドソウカイ
コラボぜひ,コラボゼヒ
研究所さん,ケンキュウジョサン
人工知能研究,ジンコウチノウケンキュウ
金融工学系,キンユウコウガクケイ
Twitterインフルエンサー,ツイッターインフルエンサー
frameworkfor,フレームワークフォー
高速実行,コウソクジッコウ
確認お願い,カクニンオネガイ
ビッグデータ活用,ビッグデータカツヨウ
錦糸町,キンシマチ
ホワイトボード写真,ホワイトボードシャシン
運営連絡,ウンエイレンラク
差分更新,サブンコウシン
JavaR,ジャバラウンド
ページ記載,ページキサイ
残枠,ザンワク
権限追加,ケンゲンツイカ
登録情報,トウロクジョウホウ
会進行,カイシンコウ
全て着実,スベテチャクジツ
お互い素敵,オタガイステキ
詳細連絡,ショウサイレンラク
RTリンク,アールティーリンク
発表スライド,ハッピョウスライド
左記時刻,サキジコク
時開催,ジカイサイ
CRESTシンポジウム,クレストシンポジウム
構成確定,コウセイカクテイ
水分補給,スイブンホキュウ
作りましたRT,ツクリマシタアールティー
大量データ,タイリョウデータ
toa,トゥアール
DeNA濱田,ディーエヌエーハマダ
RTもし,アールティーモシ
タイトル詳細,タイトルショウサイ
Mahout等,マハートトウ
講師内容,コウシナイヨウ
予定ですよ。,ヨテイデスヨ
doublemajor,ダブルメジャー
RInterface,ラウンドインターフェース
ユーザエクスペリエンス,ユーザエクスペリエンス
みたいの,ミタイノ
にもグラフ,ニモグラフ
追加募集アナウンス,ツイカボシュウアナウンス
現場最前線,ゲンバサイゼンセン
一緒に実現,イッショニジツゲン
実装ノウハウ,ジッソウノウハウ
の好き,ノスキ
山手線,ヤマテセン
thegap,ザギャップ
はまちゃん,ハマチャン
汎用プラットフォーム,ハンヨウプラットフォーム
受付等,ウケツケトウ
チケット復活,チケットフッカツ
同じくパパ,ドウジクパパ
枠数,ワクスウ
ビジネス適用,ビジネステキヨウ
初台開催,ハツダイカイサイ
ダンスメンバー,ダンスメンバー
大学院修士,ダイガクインシュウシ
物理っ子,ブツリッコ
入賞者,ニュウショウシャ
RTカワイイ,アールティーカワイイ
実践編,ジッセンヘン
RT確か,アールティータシカ
無事受診,ブジジュシン
人会場,ニンカイジョウ
運転見合せ,ウンテンミアワセ
環境構築,カンキョウコウチク
３時間,サンジカン
forApache,フォーアパッチ
ツール等,ツールトウ
投稿記事,トウコウキジ
米国証券取引委員会,ベイコクショウケントリヒキイインカイ
RT了解,アールティーリョウカイ
期待RT,キタイアールティー
拡張機能ベスト,カクチョウキノウベスト
昼頃,ヒルゴロ
データマイニング方法論,データマイニングホウホウロン
検索サービス,ケンサクサービス
時間枠,ジカンワク
一部トーク,イチブトーク
theMobage,ザモバゲー
アナウンス時間,アナウンスジカン
RT日曜日,アールティーニチヨウビ
Core高速,コアコウソク
予約人数,ヨヤクニンズウ
確定内容,カクテイナイヨウ
RT機械学習,アールティーキカイガクシュウ
現在開発,ゲンザイカイハツ
本日開催,ホンジツカイサイ
リリース後,リリースゴ
LT資料,エルティシリョウ
LanguageGrid,センゴヒャクサンジュウゴマンロッピャクロクジュウゴゼロゼロキュウナナマンハチゴゼロナナグリッド
概要追加,ガイヨウツイカ
変換関係,ヘンカンカンケイ
th.,トンエイチ
４章,ヨンショウ
インフルエンサー影響,インフルエンサーエイキョウ
末開催,マツカイサイ
来週ぜひ,ライシュウゼヒ
今回講師,コンカイコウシ
RT質問,アールティーシツモン
挙式時,キョシキジ
力測定,リョクソクテイ
橋本さん,ハシモトサン
RT会場,アールティーカイジョウ
発行時,ハッコウジ
日連続,ニチレンゾク
ネットワーク上,ネットワークジョウ
古典的,コテンテキ
Togetterまとめ,トゥギャッターマトメ
会後半,カイコウハン
規模データ処理,キボデータショリ
３日,サンニチ
社内レビュー,シャナイレビュー
転移学習,テンイガクシュウ
andDeep,アンドディープ
RT素敵,アールティーステキ
WebMining,Webマイニング
効果的,コウカテキ
ID写真,アイディーシャシン
表現素性,ヒョウゲンスジョウ
無料通話,ムリョウツウワ
RT子,アールティーコ
統計ファンタジスタ,トウケイファンタジスタ
数人,スウニン
最終募集,サイシュウボシュウ
CIFA,シーアイエフエイ
学習ライブラリ,ガクシュウライブラリ
RTさっき,アールティーサッキ
近似ベイズ,キンジベイズ
さん作成,サンサクセイ
濱田晃一,ハマダコウイチ
RT部門,アールティーブモン
ソーシャルWeb,ソーシャルWeb
グラフデータ,グラフデータ
羅部,ラブ
Cloudera,クラウドイーラ
活動報告,カツドウホウコク
型分布,ガタブンプ
日程承知,ニッテイショウチ
文字ベース,モジベース
Twitter利用,ツイッターリヨウ
苦羅,クラ
技術評論社さん,ギジュツヒョウロンシャサン
RTかのん,アールティーカノン
メール送信,メールソウシン
リワイヤリング,リワイヤリング
１０,イチゼロ
Wikipediaオントロジー,ウィキペディアオントロジー
外資就活,ガイシシュウカツ
ビジネスとも,ビジネストモ
方々以上,カタガタイジョウ
ハッカーVS,ハッカーバーサス
二次,ニジ
樹木モデル,ジュモクモデル
ミリオンさん,ミリオンサン
DeNA取締役,ディーエヌエートリシマリヤク
Mahout実装,マハートジッソウ
gapbetween,ギャップビトゥウィン
FacebookAI,フェイスブックアイ
次回試し,ジカイタメシ
南場さん,ナンバサン
連載講義,レンサイコウギ
日本交通会長,ニホンコウツウカイチョウ
Cardfor,カードフォー
手伝い取りまとめ,テツダイトリマトメ
RT今週,アールティーコンシュウ
Python札幌,パイソンサッポロ
ようさん,ヨウサン
ApacheSpark,アパッチスパーク
マーケティング講座,マーケティングコウザ
行動研究,コウドウケンキュウ
生成モデル,セイセイモデル
横断検索,オウダンケンサク
RTダンス,アールティーダンス
ネットワーク研究,ネットワークケンキュウ
RT先日,アールティーセンジツ
私自身,ワタシジシン
者双方,シャソウホウ
番外編,バンガイヘン
USTボランティア,ユーエスティーボランティア
RT迅速,アールティージンソク
コンテキスト広告,コンテキストコウコク
共通確保,キョウツウカクホ
発表概要,ハッピョウガイヨウ
inPython,インパイソン
分散並列,ブンサンヘイレツ
最適化,サイテキカ
SSHセットアップ,エスエスエイチセットアップ
RT賛成,アールティーサンセイ
Reasoning,ノーズンアイエヌジー
inOsaka,インオオサカ
件どうでしょう,ケンドウデショウ
各種挑戦,カクシュチョウセン
８人,ハチニン
開催延期,カイサイエンキ
Facebookページ,フェイスブックページ
数ニヤ,スウニヤ
結婚式二,ケッコンシキニ
RTアルベルト,アールティーアルベルト
悪い日,アクイビ
RT指数,アールティーシスウ
企業意思決定,キギョウイシケッテイ
ITmediaオルタナティブ,アイティーメディアオルタナティブ
回NLP,カイエヌエルピー
紹介ぜひ,ショウカイゼヒ
アナウンス予定,アナウンスヨテイ
toNeo,トゥネオ
写真アップ,シャシンアップ
参加者双方,サンカシャソウホウ
勉強会終了,ベンキョウカイシュウリョウ
今回もろもろ,コンカイモロモロ
PC活用,ピーシーカツヨウ
特徴ごと,トクチョウゴト
娘おなか,ムスメオナカ
にも機械学習,ニモキカイガクシュウ
Networksin,ネットワークスイン
川鍋さん,カワナベサン
RT東大,アールティートウダイ
濱田監督,ハマダカントク
2dot,ツーディーオーティ
RTGainer,アールティーゲイナー
onmahout,オンマハート
データマイニングツール,データマイニングツール
分類入門,ブンルイニュウモン
CROSSパネルディスカッション,クロスパネルディスカッション
戦略コンサル,センリャクコンサル
コンサル等,コンサルトウ
isout,アイエスアウト
パーソナルエンタメ,パーソナルエンタメ
優先度,ユウセンド
賃料相場,チンリョウソウバ
詳細調整,ショウサイチョウセイ
同等以上,ドウトウイジョウ
情報追加,ジョウホウツイカ
ABテスト,エイビーテスト
ust録画,ユーエスティーロクガ
分布族,ブンプゾク
カンファ,カンファ
ソーシャル領域,ソーシャルリョウイキ
参加者間,サンカシャカン
参加者リスト,サンカシャリスト
日の会,ヒノカイ
１週,イチシュウ
12月開催,ジュウニガツカイサイ
母子間,ボシカン
４月下旬,シガツゲジュン
Ph.D.出身,ピーエイチディーシュッシン
本日結婚,ホンジツケッコン
職OB,ショクオービー
詳細確定,ショウサイカクテイ
RTさく,アールティーサク
今年一,コトシイチ
複雑ネットワークビジネス,フクザツネットワークビジネス
勉強会タイトル,ベンキョウカイタイトル
実装例,ジッソウレイ
2ch完全,ニチャンネルカンゼン
部グラフ,ブグラフ
希望者,キボウシャ
データマイニング系,データマイニングケイ
RTランダムフォレスト,アールティーランダムフォレスト
データ補間,データホカン
機械学習手法,キカイガクシュウシュホウ
会ホワイトボード,カイホワイトボード
RTぐぬぬ,アールティーグヌヌ
成長途中,セイチョウトチュウ
RT今月,アールティーコンゲツ
若干空き,ジャッカンアキ
広告影響,コウコクエイキョウ
andthe,アンドザ
Twitter分析,ツイッターブンセキ
潜在意味,センザイイミ
資料非公開,シリョウヒコウカイ
今回会場,コンカイカイジョウ
数学的,スウガクテキ
開始RT,カイシアールティー
広告クリエイティブ,コウコククリエイティブ
JavaLibrary,ジャバライブラリー
期待w,キタイワット
大変勉強,タイヘンベンキョウ
進行状況,シンコウジョウキョウ
位Mobage,イモバゲー
数分,スウフン
UST職人,ユーエスティーショクニン
アドファイブ,アドファイブ
確率分布,カクリツブンプ
ビッグデータ解析,ビッグデータカイセキ
トーク全体,トークゼンタイ
診療当番医,シンリョウトウバンイ
徹底解析,テッテイカイセキ
博士８,ハカセハチ
崩壊現実,ホウカイゲンジツ
２次,ニジ
定員倍増,テイインバイゾウ
Mahoutjp,マハートジェーピー
実行方法,ジッコウホウホウ
数日,スウニチ
一年,イチネン
医療機器ビジネス,イリョウキキビジネス
一週間,イチシュウカン
RT徹底的,アールティーテッテイテキ
登録完了,トウロクカンリョウ
Whyis,ホワイイズ
日程変更,ニッテイヘンコウ
回参加者,カイサンカシャ
isa,アイエスアール
ブログ更新,ブログコウシン
オープンセミナー,オープンセミナー
PFIオープン,ピーエフアイオープン
異常検知最前線,イジョウケンチサイゼンセン
会長川鍋,カイチョウカワナベ
回募集,カイボシュウ
参加者ホワイトボード,サンカシャホワイトボード
数理手法,スウリシュホウ
途中入手,トチュウニュウシュ
回連続,カイレンゾク
ソーシャルネットワーク上,ソーシャルネットワークジョウ
タイムテーブル確定,タイムテーブルカクテイ
期間限定公開,キカンゲンテイコウカイ
ウェブビジネス,ウェブビジネス
コールドスタート,コールドスタート
自炊漫画,ジスイマンガ
施策提案,シサクテイアン
FAR-1,エフエイアールワン
処理基盤,ショリキバン
完全自動,カンゼンジドウ
解析入門,カイセキニュウモン
運営ノウハウ,ウンエイノウハウ
指数型,シスウガタ
取締役ファウンダー,トリシマリヤクファウンダー
編集メンバー,ヘンシュウメンバー
入門等,ニュウモントウ
箭内さん,ヤナイサン
bob3b,ボブサンビー
協調行動,キョウチョウコウドウ
データマイニング手法,データマイニングシュホウ
RT日程,アールティーニッテイ
パネルリサーチ,パネルリサーチ
等貢献,トウコウケン
可視化入門,カシカニュウモン
用い各種,ヨウイカクシュ
ベースレコメンデーション,ベースレコメンデーション
ダンススタイル,ダンススタイル
各種方法論,カクシュホウホウロン
者そのもの,シャソノモノ
HBaseat,エイチベースエーティー
ベイズ統計,ベイズトウケイ
テクノロジー祭り,テクノロジーマツリ
トーク構成,トークコウセイ
コンテスト必勝法,コンテストヒッショウホウ
パターンマイニング,パターンマイニング
面白い事,オモシロイジ
MahoutDimension,マハートディメンション
ユーザ数,ユーザスウ
統計的機械学習,トウケイテキキカイガクシュウ
学術領域,ガクジュツリョウイキ
明日朝,アシタアサ
新人データサイエンティスト,シンジンデータサイエンティスト
forwardto,フォーワードトゥ
補足資料,ホソクシリョウ
広告活用,コウコクカツヨウ
トーク終了,トークシュウリョウ
マイニング等,マイニングトウ
周年祝い,シュウネンイワイ
RT大変,アールティータイヘン
場ですよ。,バデスヨ
サイエンス徹底,サイエンステッテイ
複雑ネットワーク研究,フクザツネットワークケンキュウ
通信データマイニング,ツウシンデータマイニング
技術徹底,ギジュツテッテイ
参加歓迎,サンカカンゲイ
潜在情報,センザイジョウホウ
二倍,ニバイ
２弾,ニダン
RT用事,アールティーヨウジ
途中日記,トチュウニッキ
人材活躍,ジンザイカツヤク
人工知能学会会長,ジンコウチノウガッカイカイチョウ
さん主催,サンシュサイ
高い障壁,コウイショウヘキ
全体統括,ゼンタイトウカツ
anoさん,アノサン
2日開催,フツカカイサイ
RT応援,アールティーオウエン
理論物理学研究,リロンブツリガクケンキュウ
来週以降,ライシュウイコウ
RTデータ,アールティーデータ
勉強会資料,ベンキョウカイシリョウ
コンプライアンスコンサル,コンプライアンスコンサル
かのんげんき,カノンゲンキ
週末楽しみ,シュウマツタノシミ
週末開催,シュウマツカイサイ
通院付き添い,ツウインツキソイ
マルコフ連鎖モデル,マルコフレンサモデル
物理出身,ブツリシュッシン
っ子苦,ッコク
測定サービス,ソクテイサービス
部資料,ブシリョウ
候補者数,コウホシャスウ
議論終了,ギロンシュウリョウ
bot作成,ボットサクセイ
日程連絡,ニッテイレンラク
リリース予定,リリースヨテイ
活用編,カツヨウヘン
１名,イチメイ
特別セミナー,トクベツセミナー
応用事例,オウヨウジレイ
UST可否,ユーエスティーカヒ
解析実装,カイセキジッソウ
RTそれ,アールティーソレ
ソーシャルグラフ分析,ソーシャルグラフブンセキ
荒川区医師会,アラカワクイシカイ
５月下旬,ゴガツゲジュン
子どもたち,コドモタチ
本日お話,ホンジツオハナシ
最適型,サイテキガタ
ソリューションカンパニー,ソリューションカンパニー
関連文献,カンレンブンケン
最前線トーク,サイゼンセントーク
回会場,カイカイジョウ
フレームワーク概論,フレームワークガイロン
あらびき,アラビキ
タグ検索,タグケンサク
Twitterアナウンス,ツイッターアナウンス
次回第9,ジカイダイク
ベイズ計算,ベイズケイサン
チケット監視,チケットカンシ
活用アンカンファレンス,カツヨウアンカンファレンス
言語モデル入門,ゲンゴモデルニュウモン
解析環境,カイセキカンキョウ
物理ダンス,ブツリダンス
不徹底入門,フテッテイニュウモン
修士１,シュウシイチ
Mahout関連,マハートカンレン
席数,セキスウ
アンサンブル学習,アンサンブルガクシュウ
分間隔,フンカンカク
ビジネスモデル研究会,ビジネスモデルケンキュウカイ
開催洗練,カイサイセンレン
タイムテーブル詳細,タイムテーブルショウサイ
月島到着,ツキシマトウチャク
一通り,イチトオリ
RTメモ,アールティーメモ
監視bot,カンシボット
mahout.jp,マハートドットジェイピー
参加者キャンセル,サンカシャキャンセル
Mathematical,マセマティカリットル
マウス操作,マウスソウサ
おもしろそう,オモシロソウ
アプローチ入門,アプローチニュウモン
赤裸々トーク,セキララトーク
会シンポジウム,カイシンポジウム
創設メンバ,ソウセツメンバ
lookforward,ルックフォーワード
Understandingwith,アンダースタンディングウィズ
かのんおなか,カノンオナカ
inTokyo,イントウキョウ
運営手伝い,ウンエイテツダイ
inJapan,インジャパン
特別講演,トクベツコウエン
RT今度,アールティーコンド
２度,ニド
真の現実世界,シンノゲンジツセカイ
数名,スウメイ
CEO６,シーイーオーロク
株式会社ロフトワーク,カブシキガイシャロフトワーク
勉強会in,ベンキョウカイイン
看護師さん,カンゴシサン
オントロジー研究,オントロジーケンキュウ
データ可視化,データカシカ
ピザパーティー,ピザパーティー
最強ハッカー,サイキョウハッカー
ボランティア参加,ボランティアサンカ
USTOK,ユーエスティーオーケイ
二部,ニブ
レコメンド最前線,レコメンドサイゼンセン
解析フロントエンド,カイセキフロントエンド
大変参考,タイヘンサンコウ
オープニングトーク,オープニングトーク
クラウド研究会,クラウドケンキュウカイ
binarynet,バイナリエヌイーティー
RT僕,アールティーボク
４月中旬,シガツチュウジュン
充電期間,ジュウデンキカン
毎回開催,マイカイカイサイ
募集前,ボシュウマエ
レコメンデーション運用,レコメンデーションウンヨウ
チケット公開,チケットコウカイ
forCluster,フォークラスター
日程延期,ニッテイエンキ
方留守番電話,ホウルスバンデンワ
構成調整,コウセイチョウセイ
機械学習入門,キカイガクシュウニュウモン
講演者,コウエンシャ
RTクオンツ,アールティークオンツ
回Japan,カイジャパン
開催可能,カイサイカノウ
最新事情,サイシンジジョウ
初学者,ショガクシャ
次回参加,ジカイサンカ
データマイニングセミナー,データマイニングセミナー
RT例,アールティーレイ
予選通過,ヨセンツウカ
一冊,イチサツ
途中結果,トチュウケッカ
PRML復習,ピーアールエムエルフクシュウ
いちばんホット,イチバンホット
言語横断,ゲンゴオウダン
みなさんオススメ,ミナサンオススメ
氏インタビュー,シインタビュー
R言語人材,アールゲンゴジンザイ
２点,ニテン
ファイブDSP,ファイブディーエスピー
数席,スウセキ
週目,シュウメ
開催検討,カイサイケントウ
みんなさん,ミンナサン
家族三,カゾクサン
RTTsukuba.R,アールティーツクバアール
分析力,ブンセキリョク
東京大学,トウキョウダイガク
