岩波データサイエンス,イワナミデータサイエンス
岩波DS,イワナミディーエス
因果推論,インガスイロン
トランプ氏,トランプシ
米大統領選,ベイダイトウリョウセン
予備選,ヨビセン
サイエンスブログ,サイエンスブログ
トークイベント,トークイベント
１０,イチゼロ
統計的自然言語処理,トウケイテキシゼンゲンゴショリ
年前,ネンマエ
民進,ミンシン
刊行委員会,カンコウイインカイ
３巻,サンカン
データ解析,データカイセキ
研究者,ケンキュウシャ
裏ブログ,ウラブログ
クリントン氏,クリントンシ
岩波DS2,イワナミディエスツー
最新ニュース,サイシンニュース
サンダース氏,サンダースシ
ＮＨＫニュース,エヌエイチケイニュース
データサイエンス刊行,データサイエンスカンコウ
００,ゼロゼロ
一人,イチニン
支持者,シジシャ
傾向スコア,ケイコウスコア
２０,ニゼロ
万円,マンエン
おおさか維新,オオサカイシン
５０,ゴゼロ
さそう,サソウ
菌世界,キンセカイ
世界紀行,セカイキコウ
刊行記念,カンコウキネン
統計物理,トウケイブツリ
５区,ゴク
投票先,トウヒョウサキ
自発的破れ,ジハツテキヤブレ
統計数理,トウケイスウリ
岩波ds,イワナミディーイービーユージーエスユーエスピーイーエヌディー
統数,ミツルスウ
統計モデリング,トウケイモデリング
区補選,クホセン
Yahooニュース,ヤフーニュース
０日,ゼロニチ
北海道５,ホッカイドウゴ
伊庭幸人,イバユキト
統計科学,トウケイカガク
ベイズ統計,ベイズトウケイ
幼菌,ヨウキン
数研,スウケン
２巻,ニカン
ポイント減,ポイントゲン
モデリング入門,モデリングニュウモン
０年,ゼロネン
指名獲得,シメイカクトク
年ぶり,ネンブリ
１６,イチロク
二階,ニカイ
体験記,タイケンキ
発売中,ハツバイチュウ
一本,イチホン
一冊,イチサツ
１日,イチニチ
星野先生,ホシノセンセイ
８％,ハチパーセント
指名争い,シメイアラソイ
万人,マンニン
サポートページ,サポートページ
数年,スウネン
神保町,ジンボウマチ
２人,ニニン
４巻,ヨンカン
統計的因果,トウケイテキインガ
ワトソン君,ワトソンクン
階層ベイズ,カイソウベイズ
１８,イチハチ
一回,イチカイ
３０,サンゼロ
参加費,サンカヒ
北海道5区補選,ホッカイドウゴクホセン
データサイエンス２,データサイエンスニ
億円,オクエン
回目,カイメ
mmF2,ミリメートルエフツー
クルーズ氏,クルーズシ
１冊,イチサツ
１１,イチイチ
生態学,セイタイガク
アメリカ大統領選,アメリカダイトウリョウセン
サンダース支持,サンダースシジ
マルチカノニカル,マルチカノニカル
直観的,チョッカンテキ
JPさん,ジェーピーサン
改憲勢力,カイケンセイリョク
変量解析,ヘンリョウカイセキ
ポイント増,ポイントゾウ
アントン君,アントンクン
みどりぼん,ミドリボン
１２,イチニ
開催中,カイサイチュウ
共和党予備,キョウワトウヨビ
散策路,サンサクロ
年以上,ネンイジョウ
６％,ロクパーセント
好評発売,コウヒョウハツバイ
記念トーク,キネントーク
情報幾何,ジョウホウキカ
３年,サンネン
地理情報処理,チリジョウホウショリ
２日,ニニチ
橋下,キョウカ
比例投票,ヒレイトウヒョウ
観察データ,カンサツデータ
凝集体,ギョウシュウタイ
星たち,ホシタチ
政治家,セイジカ
因果効果,インガコウカ
げん幼,ゲンヨウ
宙志,チュウココロザシ
本化,ホンカ
岩沼散策,イワヌマサンサク
．６,．ロク
本格的,ホンカクテキ
渡辺宙,ワタナベチュウ
６巻,ロクカン
得票率,トクヒョウリツ
amazonJP,アマゾンジェーピー
８０,ハチゼロ
二弾,ニダン
１５,イチゴ
グリーンピア岩沼,グリーンピアイワヌマ
フィッシャー情報量,フィッシャージョウホウリョウ
９％,キュウパーセント
発売予定,ハツバイヨテイ
持橋,ジキョウ
数日,スウニチ
万票,マンヒョウ
それ以外,ソレイガイ
数学的,スウガクテキ
確率モデル,カクリツモデル
２位,ニイ
有性生殖,ユウセイセイショク
共和党候補,キョウワトウコウホ
一日,イチニチ
ドナルド・トランプ氏,ドナルドトランプシ
勝利確実,ショウリカクジツ
代議員数,ダイギインスウ
森西亨,モリニシトオル
カノニカル法,カノニカルホウ
３人,サンニン
一枚,イチマイ
何年,ナンネン
亨太,トオルフトシ
野党統一候補,ヤトウトウイツコウホ
林岳彦,ハヤシタケヒコ
１９,イチキュウ
千貫山,センヌキサン
伊庭先生,イバセンセイ
タンパク像,タンパクゾウ
トランプ候補,トランプコウホ
３５,サンゴ
候補指名,コウホシメイ
ベイズモデル,ベイズモデル
０円,ゼロエン
０１,ゼロイチ
安保法,アンポホウ
状態空間モデル,ジョウタイクウカンモデル
物理学徒,ブツリガクト
下氏,カシ
久保さん,クボサン
科学ライブラリー,カガクライブラリー
円城塔さん,エンジョウトウサン
何回,ナンカイ
メトロポリス法,メトロポリスホウ
０歳,ゼロサイ
参院選比例,サンインセンヒレイ
北島顕正,キタジマケンセイ
レンズ系,レンズケイ
１年,イチネン
２３,ニサン
同日選,ドウジツセン
Togetterまとめ,トゥギャッターマトメ
それ以前,ソレイゼン
おは幼,オハヨウ
幻想的,ゲンソウテキ
１％,イチパーセント
きのこ切手,キノコキッテ
１人,イチニン
数理研究所,スウリケンキュウジョ
トランプ支持,トランプシジ
現実世界,ゲンジツセカイ
２回,ニカイ
一種,イチシュ
最新記事,サイシンキジ
番外編,バンガイヘン
千円,センエン
星野崇宏,ホシノタカヒロ
比例票,ヒレイヒョウ
岡田さん,オカダサン
二重,ニジュウ
登壇者,トウダンシャ
米民主党,ベイミンシュトウ
２％,ニパーセント
共同研究,キョウドウケンキュウ
二人,ニニン
米大統領,ベイダイトウリョウ
鏡筒,キョウトウ
ウラ事情,ウラジジョウ
生態学者,セイタイガクシャ
古典論,コテンロン
ひとけた,ヒトケタ
２種類,ニシュルイ
１巻,イチカン
NHKニュース,エヌエイチケイニュース
０％,ゼロパーセント
２年,ニネン
２行列,ニギョウレツ
電子版,デンシバン
小林節氏,コバヤシセツシ
一晩,イチバン
御在所山上,ゴザイショサンジョウ
計算統計,ケイサントウケイ
毎日新聞世論調査,マイニチシンブンヨロンチョウサ
氏支持,シシジ
ggp,グラムゲーペー
ベイズ推論,ベイズスイロン
性比,セイヒ
４年,ヨンネン
mmF1,ミリメートルエフワン
数十,スウジュウ
３日,サンニチ
岩波科学,イワナミカガク
徹底解説,テッテイカイセツ
物理的,ブツリテキ
きれいな光,キレイナコウ
昭和初期,ショウワショキ
定式化,テイシキカ
尤度,ユウド
百万,ヒャクマン
日本酒,ニッポンシュ
安保法制,アンポホウセイ
３区,サンク
数学大全,スウガクタイゼン
ブログ更新,ブログコウシン
一歩,イチホ
調査観察,チョウサカンサツ
２階,ニカイ
伊庭さん,イバサン
階氏,カイシ
lot2,エルオーティーツー
gplo,ゲーペーエルオー
分割表,ブンカツヒョウ
DS2巻,ディエスツーマキ
一度,イチド
情報量規準,ジョウホウリョウキジュン
無料登壇,ムリョウトウダン
条件つき,ジョウケンツキ
広島訪問,ヒロシマホウモン
数独名人,スウドクメイジン
百合,ヒャクゴウ
１枚,イチマイ
的手法,テキシュホウ
時トップ,ジトップ
２次元,ニジゲン
８日,ハチニチ
プリンストン数学,プリンストンスウガク
日海馬,ヒカイバ
歳以上,サイイジョウ
R言語徹底,アールゲンゴテッテイ
最終的,サイシュウテキ
主流派,シュリュウハ
あと数,アトスウ
総取り,ソウトリ
申込み受付,モウシコミウケツケ
刊行予定,カンコウヨテイ
１３,イチサン
次方程式,ジホウテイシキ
クルーズ候補,クルーズコウホ
保江,ホコウ
専門書,センモンショ
岩波ds2,イワナミディエスツー
白丸鉱山,シロマルコウザン
獲得代議員,カクトクダイギイン
支持表明,シジヒョウメイ
一斉射撃,イッセイシャゲキ
使用済,シヨウスミ
階差分,カイサブン
アイオワ州党員集会,アイオワシュウトウインシュウカイ
実用性,ジツヨウセイ
2014年衆院選,ニセンジュウヨネンシュウインセン
星野さん,ホシノサン
サンダース候補,サンダースコウホ
７％,ナナパーセント
ニコン１,ニコンイチ
字書き出し,ジカキダシ
追加依頼,ツイカイライ
オープンセミナー,オープンセミナー
数時間,スウジカン
説明変数,セツメイヘンスウ
心中道行,シンジュウミチユキ
発売日,ハツバイビ
裏特集,ウラトクシュウ
岩波ベストテン,イワナミベストテン
デザイン的,デザインテキ
池袋本店,イケブクロホンテン
巻目,カンメ
aRisk,アールリスク
編集作業,ヘンシュウサギョウ
・７,・ナナ
８年,ハチネン
統計モデル,トウケイモデル
伝統的,デントウテキ
共和党トランプ,キョウワトウトランプ
１７,イチナナ
isa,アイエスアール
化石研究所,カセキケンキュウジョ
０．,ゼロ．
確率的,カクリツテキ
化石発見,カセキハッケン
観望会,カンボウカイ
オバマ氏,オバマシ
〇〇,レイレイ
jpさん,ジェーピーサン
塩こしょう,シオコショウ
３３,サンサン
３７,サンナナ
変形菌,ヘンケイキン
プレミアム会員,プレミアムカイイン
光環,コウタマキ
開票率,カイヒョウリツ
可視化,カシカ
懇親会,コンシンカイ
たち天体物理学,タチテンタイブツリガク
円城先生,エンジョウセンセイ
２４,ニヨン
刊行委員,カンコウイイン
３回,サンカイ
男女心中,ダンジョシンジュウ
隷属原理,レイゾクゲンリ
推論特集,スイロントクシュウ
個別性,コベツセイ
冊在庫,サツザイコ
何度,ナンド
補遺記事,ホイキジ
６日,ロクニチ
月光苑,ゲッコウエン
バント効果,バントコウカ
京都３,キョウトサン
統一名簿,トウイツメイボ
立森さん,タツモリサン
データサイエンス３,データサイエンスサン
５歳,ゴサイ
交尾行動,コウビコウドウ
ランダウ減衰,ランダウゲンスイ
ルビオ氏,ルビオシ
解説記事,カイセツキジ
つき確率,ツキカクリツ
読売新聞世論調査,ヨミウリシンブンヨロンチョウサ
予測確率,ヨソクカクリツ
お客さん,オキャクサン
ここ数,ココスウ
ベイズ本,ベイズホン
Takea,プリズナーアール
世界的,セカイテキ
政党支持率自民,セイトウシジリツジミン
下院議長,カインギチョウ
６歳,ロクサイ
これ全部,コレゼンブ
５日,ゴニチ
人目,ニンメ
選択バイアス,センタクバイアス
３６,サンロク
あと１,アトイチ
トランプ旋風,トランプセンプウ
二十,ニジュウ
器托,キタク
７０,ナナゼロ
久保先生,クボセンセイ
面接官,メンセツカン
５年,ゴネン
具体的,グタイテキ
枚目,マイメ
６１,ロクイチ
，２,，ニ
頻度主義,ヒンドシュギ
ヒラリー・クリントン氏,ヒラリークリントンシ
１位,イチイ
１４,イチヨン
道行電車,ミチユキデンシャ
ページ数,ページスウ
ウェストバージニア州予備,ウェストバージニアシュウヨビ
本社世論調査,ホンシャヨロンチョウサ
俺たち,オレタチ
事前分布,ジゼンブンプ
一般化,イッパンカ
１・,イチ・
９条,キュウジョウ
重力波検出,ジュウリョクハケンシュツ
緊張感,キンチョウカン
９日,キュウニチ
接眼部,セツガンブ
予防法,ヨボウホウ
最新技術,サイシンギジュツ
保守地盤,ホシュジバン
数百,スウヒャク
空間統計,クウカントウケイ
社余,シャヨ
二巻,ニカン
レンズ設計,レンズセッケイ
回シリーズ,カイシリーズ
黒木原稿,クロキゲンコウ
本日開催,ホンジツカイサイ
現実データ,ゲンジツデータ
増補新版,ゾウホシンパン
池袋ジュンク堂,イケブクロジュンクドウ
５５,ゴゴ
何日,ナンニチ
実用的,ジツヨウテキ
担当委員,タントウイイン
一発,イチハツ
マンガン鉱物,マンガンコウブツ
緑鉛,ミドリナマリ
新刊予定,シンカンヨテイ
０人,ゼロニン
忘れ物センター,ワスレモノセンター
０万,ゼロマン
２，,ニ，
紫外,ムラサキガイ
予定通り,ヨテイドオリ
時系列解析,ジケイレツカイセキ
３％,サンパーセント
百年,ヒャクネン
分子計算,ブンシケイサン
年目,ネンメ
整形外科,セイケイゲカ
独立時間,ドクリツジカン
・９,・キュウ
共同通信47NEWS,キョウドウツウシンヨンナナニュース
viaWikimedia,ビアウィキメディア
無料公開,ムリョウコウカイ
構造方程式,コウゾウホウテイシキ
理科室,リカシツ
０分,ゼロフン
冗談細胞,ジョウダンサイボウ
２２,ニニ
進くん,ススムクン
理工書,リコウショ
０億,ゼロオク
クラゲサイエンス,クラゲサイエンス
野党共闘側,ヤトウキョウトウガワ
乾燥洗濯機,カンソウセンタクキ
実業家トランプ,ジツギョウカトランプ
数独魔方陣,スウドクマホウジン
燐灰,リンハイ
ポイントリード,ポイントリード
野党側,ヤトウガワ
springer祭り,シュプリンガーマツリ
時間刻み,ジカンキザミ
次元小説,ジゲンショウセツ
尾根道,オネドウ
年賀状案,ネンガジョウアン
６・,ロク・
理論的,リロンテキ
共和党員,キョウワトウイン
空間情報,クウカンジョウホウ
なのだそう,ナノダソウ
財政規律,ザイセイキリツ
人同時,ジンドウジ
６年,ロクネン
日発売,ビハツバイ
都構想,トコウソウ
さげ,サゲ
一昔前,ヒトムカシマエ
一次,イチジ
分の１,ブンノイチ
菌曜日,キンヨウビ
絶対ゼータ関数,ゼッタイゼータカンスウ
グランデさん,グランデサン
透明感,トウメイカン
hog,フッカーグラム
研究費,ケンキュウヒ
出版予定,シュッパンヨテイ
京都3区,キョウトサンク
NY市長,ニューヨークシチョウ
．８,．ハチ
平滑化,ヘイカツカ
撮影法,サツエイホウ
同時上映,ドウジジョウエイ
晶洞,アキラホラ
探知犬,タンチケン
今月号,コンゲツゴウ
％以上,パーセントイジョウ
空間データ,クウカンデータ
林道散策,リンドウサンサク
京都市長選,キョウトシチョウセン
螺旋人,ラセンジン
民間船,ミンカンセン
データ融合,データユウゴウ
数か月,スウカゲツ
関連法,カンレンホウ
年後,ネンゴ
致命的,チメイテキ
一個,イチコ
イエナさん,イエナサン
DS３,ディーエスサン
橋さん,キョウサン
店員さん,テンインサン
人食い,ヒトグイ
予定者,ヨテイシャ
最終日,サイシュウビ
創生,ソウセイ
DS2イベント,ディエスツーイベント
軍艦雑記帳,グンカンザッキチョウ
受付中,ウケツケチュウ
３つ以上,ミッツイジョウ
20歳以上,ニジュッサイイジョウ
一巻,イチカン
４２,ヨンニ
危険性,キケンセイ
紹介パート,ショウカイパート
５６,ゴロク
子供たち,コドモタチ
印象的,インショウテキ
９０,キュウゼロ
ファー氏,ファーシ
％開票,パーセントカイヒョウ
物理学書,ブツリガクショ
与党側,ヨトウガワ
ことはじめ,コトハジメ
渡辺さん,ワタナベサン
展示中,テンジチュウ
不支持率,フシジリツ
人人人人,ヒトビトヒトビト
基本的,キホンテキ
分現在,フンゲンザイ
設計物語,セッケイモノガタリ
ファンタジー世界,ファンタジーセカイ
衆院予算,シュウインヨサン
巻刊行,カンカンコウ
特集担当,トクシュウタントウ
さんみたい,サンミタイ
細胞死,サイボウシ
北島君,キタジマクン
長妻議員,ナガツマギイン
バックドア基準,バックドアキジュン
ポイント上昇,ポイントジョウショウ
ピタゴラシュタイン,ピタゴラシュタイン
救助メカ,キュウジョメカ
ユーシンロッジ,ユーシンロッジ
上流側,ジョウリュウガワ
周辺尤,シュウヘンユウ
ウマノスズクサ科,ウマノスズクサカ
ge2,グラムイーツー
委員会編,イインカイヘン
家畜化,カチクカ
田んぼ道,タンボドウ
ウラン鉱,ウランコウ
地方選,チホウセン
展望レストラン,テンボウレストラン
レビ小体,レビコテイ
情報活動,ジョウホウカツドウ
早出残業,ソウシュツザンギョウ
因果ダイアグラム,インガダイアグラム
数ヶ月,スウカゲツ
物性研究,ブッセイケンキュウ
階総務会長,カイソウムカイチョウ
０倍,ゼロバイ
トランプ指名,トランプシメイ
学術論文,ガクジュツロンブン
８歳,ハチサイ
発光現象,ハッコウゲンショウ
花粉光,カフンコウ
がん探知,ガンタンチ
推定値,スイテイチ
販売中,ハンバイチュウ
実践パート,ジッセンパート
研究成果,ケンキュウセイカ
柱状結晶,チュウジョウケッショウ
予約注文,ヨヤクチュウモン
WikimediaCommons,ウィキメディアコモンズ
亜鉛鉱,アエンコウ
７日,ナナニチ
日経新聞世論調査,ニッケイシンブンヨロンチョウサ
民主党サンダース,ミンシュトウサンダース
月給制,ゲッキュウセイ
八面体,ハチメンテイ
一休さま,イッキュウサマ
億年,オクネン
七茸,ナナタケ
憲法改正案,ケンポウカイセイアン
森西さん,モリニシサン
２ページ,ニページ
脳科学者,ノウカガクシャ
飛躍的,ヒヤクテキ
１回,イチカイ
４日,ヨンニチ
んじゃなくて,ンジャナクテ
反対側,ハンタイガワ
議員たち,ギインタチ
リンク先,リンクサキ
誤り訂正符号,アヤマリテイセイフゴウ
大阪系,オオサカケイ
研オープンハウス,ケンオープンハウス
二匹,ニヒキ
さン,サン
日以降,ニチイコウ
割台,ワリダイ
推論こと,スイロンコト
氏勝利,シショウリ
深海祭り,シンカイマツリ
完成度,カンセイド
数週間,スウシュウカン
紀伊国屋ウェブ,キノクニヤウェブ
年分,ネンブン
マルコフ場,マルコフジョウ
鉛鉱,ナマリコウ
４％,ヨンパーセント
独自理論,ドクジリロン
研究メモ,ケンキュウメモ
任天堂DS,ニンテンドウディーエス
写真撮影,シャシンサツエイ
６８,ロクハチ
野党候補,ヤトウコウホ
山手線,ヤマテセン
研究集会,ケンキュウシュウカイ
重過程,ジュウカテイ
増補版,ゾウホバン
３．,サン．
ヶ月お待ち,カゲツオマチ
産卵巣,サンランス
１時間,イチジカン
４０,ヨンゼロ
前回調査,ゼンカイチョウサ
ゼータ関数論,ゼータカンスウロン
ハイキングコース,ハイキングコース
貫山散策,ヌキサンサンサク
渡辺喜美氏,ワタナベヨシミシ
２８,ニハチ
，３,，サン
３千,サンセン
志賀ハイキング,シガハイキング
５％,ゴパーセント
特化,トクカ
三巻,サンカン
基礎的,キソテキ
内部運動,ナイブウンドウ
4月下旬,シガツゲジュン
今週末,コンシュウマツ
外惑星探査,ガイワクセイタンサ
池田まき,イケダマキ
屋さん,ヤサン
経済時系列,ケイザイジケイレツ
地球上,チキュウジョウ
傑作選,ケッサクセン
舛添氏,マスゾエシ
有用性,ユウヨウセイ
onthe,オンザ
３・,サン・
万画素,マンガソ
２倍,ニバイ
クリントン候補,クリントンコウホ
外発散,ガイハッサン
高捷少女,ジャックカオショウジョ
維新党,イシントウ
機械式,キカイシキ
連続値,レンゾクチ
９割,キュウワリ
人工知能研究,ジンコウチノウケンキュウ
３州,サンシュウ
統計データ分析,トウケイデータブンセキ
開花予想,カイカヨソウ
データサイエンス１,データサイエンスイチ
橋先生,キョウセンセイ
消化管,ショウカカン
１章,イチショウ
目撃情報,モクゲキジョウホウ
５１,ゴイチ
ケーシック候補,ケーシックコウホ
衝撃的,ショウゲキテキ
予算委,ヨサンイ
展示室,テンジシツ
７・,ナナ・
人ら,ヒトラ
民主党大統領候補,ミンシュトウダイトウリョウコウホ
進捗状況,シンチョクジョウキョウ
子さん,コサン
参院比例,サンインヒレイ
研究紹介,ケンキュウショウカイ
1つ1つ,ヒトツヒトツ
公開中,コウカイチュウ
灰ウラン,ハイウラン
スピン２,スピンニ
一般相対論,イッパンソウタイロン
ホーファー,ホーファー
ツリガネタケ,ツリガネタケ
閣外改憲,カクガイカイケン
０社,ゼロシャ
効果的,コウカテキ
４９,ヨンキュウ
それ自体,ソレジタイ
明示的,メイジテキ
あと一,アトイチ
周期的,シュウキテキ
５２,ゴニ
１行,イチコウ
ライアン下院,ライアンカイン
さん死去,サンシキョ
立森,タツモリ
科学的,カガクテキ
コース散策,コースサンサク
雨乞い林道,アマゴイリンドウ
マイクロ秒,マイクロビョウ
午前中,ゴゼンチュウ
FD-1,エフディーワン
原理主義者,ゲンリシュギシャ
データ分析,データブンセキ
チキンチャップ,チキンチャップ
水素風呂,スイソフロ
憲法記念日,ケンポウキネンビ
二〇,ニレイ
自然言語処理特集,シゼンゲンゴショリトクシュウ
技術レビュー,ギジュツレビュー
式EVF,シキイーブイエフ
技術ブログ,ギジュツブログ
記入例,キニュウレイ
菫泥,スミレドロ
泥石,ドロセキ
ゲートウォーク,ゲートウォーク
改憲論者,カイケンロンシャ
書籍紹介,ショセキショウカイ
待たせし,マッタセシ
奇跡的,キセキテキ
過激発言,カゲキハツゲン
歳頃,サイゴロ
ようす,ヨウス
市議さん,シギサン
マンガン鉱床,マンガンコウショウ
基本定理,キホンテイリ
建物跡,タテモノアト
先未定,サキミテイ
４１,ヨンイチ
教育ねずみ,キョウイクネズミ
ポスター発表,ポスターハッピョウ
志さん,ココロザシサン
チュウゴクノウサギ,チュウゴクノウサギ
予約可能,ヨヤクカノウ
ソ連製,ソレンセイ
戦術的,センジュツテキ
大小さまざま,ダイショウサマザマ
スタンダップダンサー,スタンダップダンサー
自民党支持者,ジミントウシジシャ
多様性生物学,タヨウセイセイブツガク
企画中,キカクチュウ
解説講義,カイセツコウギ
間瀬ベイズ,マセベイズ
型ロボット,ガタロボット
座間宮,ザマミヤ
裁縫針,サイホウハリ
茸狩り,タケカリ
生物学オープン,セイブツガクオープン
決戦投票,ケッセントウヒョウ
意図的,イトテキ
巨大望遠鏡,キョダイボウエンキョウ
うどんかるた,ウドンカルタ
ロンドン市長選,ロンドンシチョウセン
無向グラフ,ムコウグラフ
生物地理,セイブツチリ
数学本,スウガクホン
１２月２,ジュウニガツニ
奮闘ぶり,フントウブリ
放散虫,ホウサンチュウ
患者負担,カンジャフタン
枝野幹事長,エダノカンジチョウ
意識不明,イシキフメイ
生菌根菌,セイキンコンキン
dinne,ディンエヌイー
候補勝利,コウホショウリ
N39.,エヌスリーキュウ
水晶発見,スイショウハッケン
アラゴ先生,アラゴセンセイ
円高,エンダカ
サンダース議員,サンダースギイン
二値,ニチ
十分,ジュウフン
キノフォーム,キノフォーム
賀沢さん,カザワサン
６０,ロクゼロ
マウント面,マウントメン
カオス系,カオスケイ
江先生,コウセンセイ
男たち,オトコタチ
長期的,チョウキテキ
女子図鑑,ジョシズカン
さんたち,サンタチ
andthe,アンドザ
プロフェッショナルシリーズ,プロフェッショナルシリーズ
ワンプレート,ワンプレート
2016年4月23日,ニセンジュウロクネンシガツニジュウサンニチ
近代科学,キンダイカガク
大正半ば,タイショウナカバ
数学カフェ,スウガクカフェ
地下街ゲート,チカガイゲート
TOKYOWeb,トウキョウWeb
者たち,シャタチ
刊行トーク,カンコウトーク
実用化,ジツヨウカ
砲兵戦,ホウヘイセン
蓮實重彦氏,ハスミシゲヒコシ
時空間,トキクウカン
後口動物,アトクチドウブツ
人食中毒,ニンショクチュウドク
共著者,キョウチョシャ
男女差,ダンジョサ
都知事候補,トチジコウホ
それ以上,ソレイジョウ
奥修,オクオサム
十個,ジュウコ
事後分布,ジゴブンプ
夜廻り,ヨルマワリ
著者本人,チョシャホンニン
人超,ニンチョウ
章伊庭,ショウイバ
花柳界,カリュウカイ
数学クラスタ,スウガククラスタ
世界最大,セカイサイダイ
遠の月,トオノツキ
安倍総理大臣,アベソウリダイジン
くさびら,クサビラ
予測器,ヨソクキ
一件,イチケン
アクセスbest,アクセスベスト
山元町深山,ヤマモトチョウミヤマ
CERN博物館,セルンハクブツカン
減反目標,ゲンタンモクヒョウ
特性関数,トクセイカンスウ
高級機材,コウキュウキザイ
福島さん,フクシマサン
執筆陣,シッピツジン
進化多様性,シンカタヨウセイ
ポイント以上,ポイントイジョウ
数理系,スウリケイ
万パーセント,マンパーセント
白水さん,シロウズサン
2月10日発売,ニガツトオカハツバイ
原論文,ハラロンブン
系支援,ケイシエン
ナショナルジオグラフィック日本版,ナショナルジオグラフィックニホンバン
祭り開催,マツリカイサイ
誰一,ダレイチ
者向け,シャムケ
１ｍ,イチメートル
ミスフォールディング,ミスフォールディング
割以上,ワリイジョウ
ウィーン旅行,ウィーンリョコウ
inthe,インザ
上位３,ジョウイサン
本部ビル,ホンブビル
都知事選出馬,トチジセンシュツバ
冬胞子,フユホウシ
万枚,マンマイ
全体的,ゼンタイテキ
八千草薫さん,ヤチグサカオルサン
京都大学,キョウトダイガク
締切ギリギリ,シメキリギリギリ
雌器,メスキ
数パーセント,スウパーセント
判断材料,ハンダンザイリョウ
緊急世論調査,キンキュウヨロンチョウサ
倍テレコン,バイテレコン
自然科学書,シゼンカガクショ
３位,サンイ
小体無罪,コテイムザイ
得点確率,トクテンカクリツ
発火パターン,ハッカパターン
１，,イチ，
異類嫁,イルイヨメ
2016年1月7日,ニセンジュウロクネンイチガツナノカ
京都維新,キョウトイシン
ner・2,エヌイーアールツー
蜜酒,ミツシュ
回トレンド,カイトレンド
ブラウザ上,ブラウザジョウ
撤退表明,テッタイヒョウメイ
安倍内閣支持率,アベナイカクシジリツ
日目,ニチメ
加藤陽子書店,カトウヨウコショテン
菱岩,ヒシイワ
異常事象,イジョウジショウ
AIシステム,アイシステム
回答率,カイトウリツ
天然鮎,テンネンアユ
予約開始,ヨヤクカイシ
１点,イチテン
河原散策,カワハラサンサク
可能世界,カノウセカイ
絶望的,ゼツボウテキ
最小化,サイショウカ
F2付き,エフツーツキ
東北の山,トウホクノヤマ
制式採用,セイシキサイヨウ
本日入荷,ホンジツニュウカ
一億,イチオク
日本人的,ニッポンジンテキ
１か月,イチカゲツ
mmレンズ,ミリメートルレンズ
ライブ中継,ライブチュウケイ
太陽スペクトル,タイヨウスペクトル
２乗,ニジョウ
東京大学工学,トウキョウダイガクコウガク
名古屋大学博物館特別展,ナゴヤダイガクハクブツカントクベツテン
ザハ案,ザハアン
これ何,コレナニ
衛生教育,エイセイキョウイク
日本最古,ニッポンサイコ
一品,イチヒン
大手書店,オオテショテン
と民進,トミンシン
ファインマン経路積分,ファインマンケイロセキブン
開催初回,カイサイショカイ
アマゾンサイト,アマゾンサイト
年間ベスト,ネンカンベスト
医療プレミア,イリョウプレミア
硬質菌,コウシツキン
ローレンツ不変,ローレンツフヘン
面体蛍石,メンテイホタルイシ
賃貸物件,チンタイブッケン
現実的,ゲンジツテキ
橋下市長,ハシシタシチョウ
銀河中心,ギンガチュウシン
一位,イチイ
石仏事典,イシボトケジテン
平均場,ヘイキンジョウ
９，,キュウ，
執筆中,シッピツチュウ
費無料,ヒムリョウ
独自候補,ドクジコウホ
担当編集,タントウヘンシュウ
ひさしぶり,ヒサシブリ
回折光学,カイセツコウガク
割超,ワリチョウ
十三,ジュウサン
構成的,コウセイテキ
r・2種,アールツーシュ
永久スピン,エイキュウスピン
魅力的,ミリョクテキ
全国的,ゼンコクテキ
小保方さん,オボカタサン
クルーズ上院議員,クルーズジョウインギイン
穴虫,アナチュウ
四重,ヨンジュウ
６３,ロクサン
冊ほか,サツホカ
輿石氏,コシイシシ
上さん,ジョウサン
消火剤,ショウカザイ
フジフイルムさん,フジフイルムサン
自民３,ジミンサン
特徴的,トクチョウテキ
一票,イチヒョウ
３分の,サンブンノ
式時計,シキトケイ
６割,ロクワリ
回調査,カイチョウサ
柘榴石シリーズ,ザクロイシシリーズ
擁立決定,ヨウリツケッテイ
接近時,セッキンジ
日米,ニチベイ
同僚議員,ドウリョウギイン
再現不可能,サイゲンフカノウ
創造力,ソウゾウリョク
チシオタケちゃん,チシオタケチャン
雄器,ユウキ
三日,サンニチ
実施中,ジッシチュウ
江候補,コウコウホ
十億,ジュウオク
きんぴら,キンピラ
因果グラフ,インガグラフ
物理モデル,ブツリモデル
ロッジ前,ロッジマエ
％程度,パーセントテイド
菱マンガン,ヒシマンガン
写真みると,シャシンミルト
無料化,ムリョウカ
党首会談,トウシュカイダン
３９,サンキュウ
オペ室,オペシツ
人以上,ニンイジョウ
地方組織,チホウソシキ
父島電,チチジマデン
３８,サンハチ
中心的,チュウシンテキ
平川先生,ヒラカワセンセイ
有田正規,アリタマサキ
街全体,マチゼンタイ
天日干し,テンヒボシ
自民党支持率,ジミントウシジリツ
２度,ニド
4月23日撮影,シガツニジュウサンニチサツエイ
維新票,イシンヒョウ
ポンド爆弾,ポンドバクダン
太平湖,オウヒラコ
これ一,コレイチ
選最初,センサイショ
社民党大会,シャミントウタイカイ
日本全国,ニッポンゼンコク
黄金沢,キカナザワ
擁立取り下げ,ヨウリツトリサゲ
一万,イチマン
共産取り下げ,キョウサントリサゲ
銀河群,ギンガグン
稼働日数,カドウニッスウ
年近く,ネンチカク
綿毛標本,ワタゲヒョウホン
民主党予備,ミンシュトウヨビ
年間１,ネンカンイチ
申氏,サルシ
２月１,ニガツイチ
高そう,ダカソウ
相補的,ソウホテキ
被膜状,ヒマクジョウ
一点,イチテン
歴史研究,レキシケンキュウ
共生細菌,キョウセイサイキン
干渉色,カンショウショク
7月号,シチガツゴウ
理論上,リロンジョウ
９５,キュウゴ
間瀬さん,マセサン
共和党主流,キョウワトウシュリュウ
５・,ゴ・
氏死去,シシキョ
著者陣,チョシャジン
４・,ヨン・
外生,ソトセイ
名誉棄損,メイヨキソン
定義値,テイギチ
大分県原尻の滝,オオイタケンハラジリノタキ
データ生成,データセイセイ
サンダース支持層,サンダースシジソウ
毎月24日,マイツキニジュウヨンニチ
耳兎,ミミウサギ
放送メディア研究,ホウソウメディアケンキュウ
次号予告,ジゴウヨコク
哲学的論理学,テツガクテキロンリガク
９３,キュウサン
詐欺疑惑,サギギワク
ルームウェア,ルームウェア
あと２,アトニ
向きリプレイ,ムキリプレイ
応募要項,オウボヨウコウ
解禁日,カイキンビ
一名,イチメイ
０ページ,ゼロページ
ネジバナリレー,ネジバナリレー
今日一,キョウイチ
携帯URL,ケイタイユーアールエル
スピンらせん,スピンラセン
4月9日撮影,シガツココノカサツエイ
有力者,ユウリョクシャ
大統領予備,ダイトウリョウヨビ
個別的,コベツテキ
改憲草案,カイケンソウアン
配置換え,ハイチカエ
増分,ゾウブン
一番,イチバン
合成経路,ゴウセイケイロ
ヒラリー・クリントン支持,ヒラリークリントンシジ
生きものたち,イキモノタチ
戦国期,センゴクキ
書コーナー,ショコーナー
黒木学,クロキマナブ
ホワイトデー女子,ホワイトデージョシ
モデル化,モデルカ
人死亡,ニンシボウ
日本版サイト,ニホンバンサイト
タラワ島,タラワトウ
解析者,カイセキシャ
研究グループ,ケンキュウグループ
一定規模,イッテイキボ
新党名,シントウメイ
神戸新聞NEXT,コウベシンブンネクスト
うな丸,ウナマル
学生たち,ガクセイタチ
X線用,エックスセンヨウ
あんた平気,アンタヘイキ
生成過程,セイセイカテイ
民主党支持層,ミンシュトウシジソウ
版みたい,バンミタイ
自動設計,ジドウセッケイ
３月２,サンガツニ
探究２,タンキュウニ
はいつごろ,ハイツゴロ
１回分,イチカイブン
万ｋｍ,マンキロメートル
何倍,ナンバイ
以上前,イジョウマエ
道徳的,ドウトクテキ
中盛り,チュウザカリ
ヒラリー以上,ヒラリーイジョウ
電話作戦,デンワサクセン
月ごと,ツキゴト
２番目,ニバンメ
教育委員辞任,キョウイクイインジニン
生産中止,セイサンチュウシ
衆院補選,シュウインホセン
人口衛星,ジンコウエイセイ
トランプ勝利,トランプショウリ
合流後,ゴウリュウゴ
電気刺激,デンキシゲキ
中華料理屋,チュウカリョウリヤ
２%,ニパーセント
２割,ニワリ
メタゲノム,メタゲノム
０冊,ゼロサツ
活発化,カッパツカ
２５,ニゴ
変態レンズ,ヘンタイレンズ
議席予測,ギセキヨソク
変量シフト,ヘンリョウシフト
庵主さん,アンシュサン
出口調査結果,デグチチョウサケッカ
人工知能等,ジンコウチノウトウ
なにこれ,ナニコレ
博士課程,ハカセカテイ
米アイオワ州,ベイアイオワシュウ
物理数学シリーズ,ブツリスウガクシリーズ
charaction,チャーアクション
幾何函数,キカカンスウ
，４,，ヨン
焼石岳,ヤケイシダケ
無罪説,ムザイセツ
先日開催,センジツカイサイ
雑誌数,ザッシスウ
ジャンケン大会,ジャンケンタイカイ
年操典,ネンソウテン
日常会話,ニチジョウカイワ
予想外,ヨソウガイ
別化,ベツカ
直視分光器,チョクシブンコウキ
福島研,フクシマケン
１名,イチメイ
支持率,シジリツ
日朝,ニチアサ
アストロアーツ天文,アストロアーツテンモン
３，,サン，
ランクイン,ランクイン
２万,ニマン
福島先生,フクシマセンセイ
離散化,リサンカ
海馬以外,カイバイガイ
オークション,オークション
拘束条件,コウソクジョウケン
ポテンシャル近似,ポテンシャルキンジ
エネルギー粒子,エネルギーリュウシ
運転中,ウンテンチュウ
定値行列,テイチギョウレツ
測定器,ソクテイキ
むね肉,ムネニク
地球教室,チキュウキョウシツ
洋紅石,ヨウコウセキ
条改憲,ジョウカイケン
総合研究,ソウゴウケンキュウ
年頃,ネンコロ
議員さん,ギインサン
争点化,ソウテンカ
立ち入り制限区域,タチイリセイゲンクイキ
交渉方針,コウショウホウシン
ドイツ語,ドイツゴ
吉永小百合さん,ヨシナガサユリサン
ニュートリノ質量,ニュートリノシツリョウ
閲覧室,エツランシツ
何本,ナンホン
鉄鍋,テツナベ
説明文,セツメイブン
分野以外,ブンヤイガイ
候補予定,コウホヨテイ
桃洞,モモホラ
野生鳥獣,ヤセイチョウジュウ
心原,ココロハラ
味方ですよ,ミカタデスヨ
代女性,ダイジョセイ
免疫抑制,メンエキヨクセイ
一意性,イチイセイ
準備完了,ジュンビカンリョウ
総合的,ソウゴウテキ
GPSトラッカー,ジーピーエストラッカー
１万,イチマン
目的関数,モクテキカンスウ
体積保存,タイセキホゾン
８倍,ハチバイ
の無理,ノムリ
ラボメン,ラボメン
時現在,ジゲンザイ
ガウス場,ガウスジョウ
志位さん,シイサン
農村地帯,ノウソンチタイ
安保関連,アンポカンレン
高次相関,コウジソウカン
鳥獣センター,チョウジュウセンター
蓮舫代表代行,レンホウダイヒョウダイコウ
予測分布,ヨソクブンプ
ポアソン斑点,ポアソンハンテン
若冲展,ジャクチュウテン
推定各種,スイテイカクシュ
直接効果,チョクセツコウカ
ニッコール５,ニッコールゴ
３月中,サンガツチュウ
ヒラリー氏,ヒラリーシ
三十,サンジュウ
豪華著者,ゴウカチョシャ
一字,イチジ
清兵衛,キヨシヒョウエ
フォトギャラリー,フォトギャラリー
これはちょう,コレハチョウ
左眼,ヒダリメ
トランプ大統領,トランプダイトウリョウ
肉厚,ニクアツ
巨大ウイルス,キョダイウイルス
もち米,モチマイ
指差し,ユビサシ
性脳梗塞,セイノウコウソク
離散構造,リサンコウゾウ
８議席,ハチギセキ
独立性,ドクリツセイ
朝日新聞世論調査,アサヒシンブンヨロンチョウサ
織田家,オダカ
常識外,ジョウシキガイ
万ドル,マンドル
万件,マンケン
野党リード,ヤトウリード
CBS世論調査,シービーエスヨロンチョウサ
回転展望,カイテンテンボウ
ホウボウさん,ホウボウサン
再生カーネル,サイセイカーネル
実践的,ジッセンテキ
茶会運動,チャカイウンドウ
原子重力波,ゲンシジュウリョクハ
有限個,ユウゲンコ
内湖,ナイミズウミ
，８,，ハチ
市民連合,シミンレンゴウ
長岡亮介先生,ナガオカリョウスケセンセイ
優先的,ユウセンテキ
パー前後,パーゼンゴ
雪面,ユキメン
はてブ新着,ハテブシンチャク
トピックモデル,トピックモデル
氏撤退,シテッタイ
本棚フェア,ホンダナフェア
流体シミュレーション,リュウタイシミュレーション
固有モード,コユウモード
国立天文台,コクリツテンモンダイ
19世紀後半,ジュウキュウセイキコウハン
光学シリーズ,コウガクシリーズ
JNN世論調査,ジェイエヌエヌヨロンチョウサ
産業用,サンギョウヨウ
選挙分析,センキョブンセキ
氏当選確実,シトウセンカクジツ
シバタケ,シバタケ
共和党大統領候補,キョウワトウダイトウリョウコウホ
トランプ支持率,トランプシジリツ
野党５,ヤトウゴ
科学書,カガクショ
里芋セレベス,サトイモセレベス
既刊本,キカンホン
DSトーク,ディーエストーク
予防衛生,ヨボウエイセイ
娘たち,ムスメタチ
14日実施,ジュウヨンニチジッシ
調査方法,チョウサホウホウ
層別,ソウベツ
，アマゾン,，アマゾン
サドル間,サドルカン
睡眠時間,スイミンジカン
物理シミュレーション,ブツリシミュレーション
脳研究,ノウケンキュウ
分野外,ブンヤガイ
システムノイズ,システムノイズ
依頼メール,イライメール
取次搬入,トリツギハンニュウ
二度,ニド
会員登録,カイイントウロク
巨石,キョウセキ
数列サイト,スウレツサイト
・２,・ニ
リーマン前,リーマンマエ
第一次大戦中,ダイイチジタイセンチュウ
紀伊国屋ネット,キノクニヤネット
着想力,チャクソウリョク
囲碁ソフト,イゴソフト
一箇所,イチカショ
社会主義的,シャカイシュギテキ
組み合わせ爆発,クミアワセバクハツ
技術的,ギジュツテキ
鉱物コレクション,コウブツコレクション
記憶違い,キオクチガイ
カーソン氏,カーソンシ
AM菌,エーエムキン
初学者,ショガクシャ
引用文献,インヨウブンケン
高速移動,コウソクイドウ
マクロ撮影,マクロサツエイ
娘将校,ムスメショウコウ
３つ星,ミッツボシ
２１,ニイチ
周期性,シュウキセイ
円城さん,エンジョウサン
眼鏡娘,メガネムスメ
時計職人,トケイショクニン
全国世論調査,ゼンコクヨロンチョウサ
ナンプレ関係,ナンプレカンケイ
１割,イチワリ
４回,ヨンカイ
名古屋駅地下街,ナゴヤエキチカガイ
歳選挙権,サイセンキョケン
ブラックホール合体,ブラックホールガッタイ
ショウロ属,ショウロゾク
ケーシック氏,ケーシックシ
コレクションケース,コレクションケース
プラハ旅行,プラハリョコウ
昭和レトロ,ショウワレトロ
防研,ボウケン
ねずみ唱歌,ネズミショウカ
隕鉄,インテツ
２号,ニゴウ
別府北浜,ベフキタハマ
視覚的,シカクテキ
人工知能作品,ジンコウチノウサクヒン
，６,，ロク
的枠組み,テキワクグミ
６月９日発売,ロクガツココノカハツバイ
人工的,ジンコウテキ
タンパク質分子,タンパクシツブンシ
機械学習プロフェッショナル,キカイガクシュウプロフェッショナル
栽培品,サイバイヒン
東京工業大学,トウキョウコウギョウダイガク
テレビ朝日系,テレビアサヒケイ
二次元,ニジゲン
ギブス分布,ギブスブンプ
探索的,タンサクテキ
ジュンク堂書店池袋,ジュンクドウショテンイケブクロ
差法,サホウ
爆弾倉,バクダンクラ
写真ギャラリー,シャシンギャラリー
雌株,メスカブ
共和党指名,キョウワトウシメイ
小社HP,ショウシャエイチピー
数１,スウイチ
縦軸,タテジク
右下,ミギカ
鶏めし,ニワトリメシ
トランプリスク,トランプリスク
７８,ナナハチ
最長ミミズ,サイチョウミミズ
深海生物,フカウミセイブツ
ベイズ的,ベイズテキ
十数,ジュウスウ
具材,グザイ
著者近影,チョシャキンエイ
ツボカビ,ツボカビ
４８,ヨンハチ
警戒心,ケイカイシン
３cm,サンセンチメートル
枝野幸男幹事長,エダノユキオカンジチョウ
昆布生姜,コンブショウガ
自主回収,ジシュカイシュウ
４件,ヨンケン
猫八,ネコハチ
国会前,コッカイマエ
日本最長,ニッポンサイチョウ
二解説,ニカイセツ
2014年1月30日,ニセンジュウヨネンイチガツサンジュウニチ
民共,ミンドモ
遍歴現象,ヘンレキゲンショウ
人参オレンジ,ニンジンオレンジ
do演算子,ドーエンザンシ
理論物理,リロンブツリ
密集隊形,ミッシュウタイケイ
所要時間,ショヨウジカン
投票場,トウヒョウジョウ
開発中,カイハツチュウ
商業出版,ショウギョウシュッパン
室サービス,シツサービス
白トリュフ,シロトリュフ
５冊,ゴサツ
料理当番,リョウリトウバン
同形配偶子,ドウケイハイグウシ
接眼鏡,セツガンキョウ
京人参,キョウニンジン
何枚,ナンマイ
右眼,ミギメ
一般的,イッパンテキ
将来的,ショウライテキ
５．,ゴ．
絶滅危惧,ゼツメツキグ
先端研究,センタンケンキュウ
カーネル回帰,カーネルカイキ
獲得阻止,カクトクソシ
日本古来,ニッポンコライ
電話がけ,デンワガケ
驚異的,キョウイテキ
テキストーク,テキストーク
セレベス芋,セレベスイモ
人がここ,ジンガココ
万年,マンネン
〇年,レイネン
変数側,ヘンスウガワ
松谷みよ子さん,マツタニミヨコサン
ニューハンプシャー,ニューハンプシャー
虫出し,ムシダシ
制御資源,セイギョシゲン
２日間,ニニチカン
政治的,セイジテキ
石フリマ,イシフリマ
戦訓,センクン
ウォーク内壁,ウォークナイヘキ
性的器官,セイテキキカン
北島さん,キタジマサン
県政与党,ケンセイヨトウ
３週,サンシュウ
ラドン変換,ラドンヘンカン
協力金,キョウリョクキン
二期,ニキ
特権的,トッケンテキ
的意味,テキイミ
社民党首,シャミントウシュ
年以内,ネンイナイ
伊庭内,イバナイ
長妻氏,ナガツマシ
断片的,ダンペンテキ
乙武氏,オトタケシ
応用上,オウヨウジョウ
１階,イチカイ
短期記憶障害,タンキキオクショウガイ
魅力ゼロ,ミリョクゼロ
国会図書館,コッカイトショカン
三中,サンチュウ
時台,ジダイ
日常的,ニチジョウテキ
中身越前,ナカミエツゼン
水道料金,スイドウリョウキン
岩波講座物理,イワナミコウザブツリ
先生方,センセイカタ
倍増,バイゾウ
特集テーマ,トクシュウテーマ
ベイズ法,ベイズホウ
舛添知事,マスゾエチジ
心２,ココロニ
巻き卵,マキタマゴ
比例擁立,ヒレイヨウリツ
組み合わせ数,クミアワセスウ
二回,ニカイ
予報官,ヨホウカン
発売HMD,ハツバイヘッドマウンティッドディスプレイ
５万,ゴマン
５月３,ゴガツサン
８５,ハチゴ
直径１,チョッケイイチ
ウラヌス号,ウラヌスゴウ
・８,・ハチ
チキンボール,チキンボール
鶏スペアリブ,ニワトリスペアリブ
歴史的,レキシテキ
押し付け,オシヅケ
思弁的,シベンテキ
天文施設,テンモンシセツ
環境年表,カンキョウネンピョウ
%時点,パーセントジテン
ハル氏,ハルシ
５円,ゴエン
日前,ニチマエ
５月１,ゴガツイチ
化復刊,カフッカン
洞中,ホラチュウ
犬種,イヌシュ
キンドル化,キンドルカ
氏擁立,シヨウリツ
保守票,ホシュヒョウ
倍近く,バイチカク
深山散策,ミヤマサンサク
％前後,パーセントゼンゴ
多次元尺度,タジゲンシャクド
１億,イチオク
３２,サンニ
アマゾン以外,アマゾンイガイ
縮小版,シュクショウバン
書籍部,ショセキブ
９９,キュウキュウ
倍前後,バイゼンゴ
研究チーム,ケンキュウチーム
ナチス政権,ナチスセイケン
蓮舫氏,レンホウシ
芥川賞作家,アクタガワショウサッカ
進公認,シンコウニン
深層学習,シンソウガクシュウ
春色電,シュンショクデン
発動機,ハツドウキ
ワシントンポスト紙,ワシントンポストシ
十万,ジュウマン
らせん状態,ラセンジョウタイ
鶏むね,ニワトリムネ
紅鮭昆布,ベニザケコンブ
半ばごろ,ナカバゴロ
ハイランダーズ連隊,ハイランダーズレンタイ
外科ガール,ゲカガール
蕪塩,カブラシオ
月面X,ゲツメンエックス
放送映像,ホウソウエイゾウ
データサイエンストーク,データサイエンストーク
魔方陣みたい,マホウジンミタイ
１羽,イチワ
想像以上,ソウゾウイジョウ
革命的,カクメイテキ
自己最高,ジコサイコウ
憲法改正草案,ケンポウカイセイソウアン
登山中,トザンチュウ
人が何,ジンガナン
連ツイ,レンツイ
桜切り,サクラギリ
議席配分,ギセキハイブン
生存時間,セイゾンジカン
2016年4月9日,ニセンジュウロクネンシガツココノカ
地表面,チヒョウメン
キノコ切手,キノコキッテ
期日前,キジツマエ
スーパーチューズデー情勢,スーパーチューズデージョウセイ
ウェブほか,ウェブホカ
選断念,センダンネン
きらら舎,キララシャ
背着生,セチャクセイ
雑音パターン,ザツオンパターン
森林総合研究所,シンリンソウゴウケンキュウジョ
食事中,ショクジチュウ
工学教程,コウガクキョウテイ
火星観望,カセイカンボウ
接合型,セツゴウガタ
軌道上,キドウジョウ
重極,ジュウキョク
リー被告,リーヒコク
自衛官身分,ジエイカンミブン
珪藻美術館,ケイソウビジュツカン
レンズ祭,レンズサイ
４月２,シガツニ
大統領選共和党,ダイトウリョウセンキョウワトウ
米世論調査,ベイヨロンチョウサ
舷外,フナバタガイ
四葉のクローバー型,ヨツバノクローバーガタ
ラーメン分解,ラーメンブンカイ
差分型,サブンガタ
発売記念,ハツバイキネン
就任時,シュウニンジ
７位,ナナイ
１ワット,イチワット
直接観察,チョクセツカンサツ
介護者,カイゴシャ
多数発生,タスウハッセイ
MIT技術,ミットギジュツ
近日発売,キンジツハツバイ
双曲,ソウキョク
週間予報,シュウカンヨホウ
米国防総省,ベイコクボウソウショウ
ナンプレ早,ナンプレハヤ
土谷隆,ツチタニタカシ
塩紅鮭,シオベニザケ
発展段階,ハッテンダンカイ
時間分析,ジカンブンセキ
自己制御,ジコセイギョ
人向け,ヒトムケ
先自民,サキジミン
事象調査報告書,ジショウチョウサホウコクショ
５３,ゴサン
大局的,タイキョクテキ
範囲内,ハンイナイ
目的地,モクテキチ
小林氏,コバヤシシ
原性,ハラセイ
マイケルさん,マイケルサン
尺度法,シャクドホウ
９７,キュウナナ
，人,，ニン
波の話,ナミノバナシ
米共和党,ベイキョウワトウ
数理セミナー,スウリセミナー
今年度中,コンネンドチュウ
mmF4,ミリメートルエフフォー
研究大学院大学,ケンキュウダイガクインダイガク
民主党支持,ミンシュトウシジ
ナノ秒,ナノビョウ
スギ花粉,スギカフン
大統領候補者,ダイトウリョウコウホシャ
HMD三銃士,ヘッドマウンティッドディスプレイサンジュウシ
豊田先生,トヨダセンセイ
dsイベント,ディーイービーユージーエスユーエスピーイーエヌディーイベント
白菜蕪,ハクサイカブラ
１次元,イチジゲン
リター上,リタージョウ
特別多数,トクベツタスウ
受け付け中,ウケツケチュウ
増税先送り,ゾウゼイサキオクリ
中先生,チュウセンセイ
選出口調査,センデグチチョウサ
鮒ずし,フナズシ
過去最高,カコサイコウ
線形モデル,センケイモデル
今年最初,コトシサイショ
捕食者,ホショクシャ
重要そう,ジュウヨウソウ
党名変更,トウメイヘンコウ
数千,スウセン
衆院北海道,シュウインホッカイドウ
人間以外,ニンゲンイガイ
誤差法則,ゴサホウソク
坊主バンド,ボウズバンド
採用判定,サイヨウハンテイ
仮想的,カソウテキ
フジX,フジエックス
多重性,タジュウセイ
２冊,ニサツ
甘利先生,アマリセンセイ
効率化,コウリツカ
結晶長,ケッショウチョウ
Amazon等,アマゾントウ
最新世論調査,サイシンヨロンチョウサ
次元空間,ジゲンクウカン
統計解析,トウケイカイセキ
１週間,イチシュウカン
RNA合成,アールエヌエーゴウセイ
３種,サンシュ
民主党指名,ミンシュトウシメイ
７歳,ナナサイ
プラネタリウム稼働,プラネタリウムカドウ
坊主バー,ボウズバー
統計的学習,トウケイテキガクシュウ
水層,ミズソウ
便利さ,ベンリサ
保護的,ホゴテキ
クロム透輝石,クロムトウキセキ
空間疫学,クウカンエキガク
新党効果,シントウコウカ
脳活動,ノウカツドウ
さんスパコン,サンスパコン
繁殖戦略,ハンショクセンリャク
爺さ,ジイサ
狐舞,キツネマイ
天文衛星,テンモンエイセイ
自民党憲法改正,ジミントウケンポウカイセイ
確率分布,カクリツブンプ
越前里芋,エツゼンサトイモ
ポイント差,ポイントサ
アマゾンさん,アマゾンサン
合理的,ゴウリテキ
みどり本,ミドリホン
来月発売,ライゲツハツバイ
離党届,リトウトドケ
率５,リツゴ
数倍,スウバイ
EXCEEDED,エクシードイーディー
食いグマ,グイグマ
人工蛍石,ジンコウホタルイシ
オレンジ白菜,オレンジハクサイ
５野党,ゴヤトウ
議員ら,ギインラ
重力波防護,ジュウリョクハボウゴ
植物学者,ショクブツガクシャ
特設車両,トクセツシャリョウ
赤外,アカガイ
ソ連時代,ソレンジダイ
閉鎖花,ヘイサハナ
バックドア規準,バックドアキジュン
年連続,ネンレンゾク
統計手法,トウケイシュホウ
次審査,ジシンサ
３本,サンホン
包含関係,ホウガンカンケイ
薩摩紅梅,サツマコウバイ
特別講演,トクベツコウエン
牧山ひろえ,マキヤマヒロエ
保証付き,ホショウツキ
タケノコ採り,タケノコトリ
偏光板,ヘンコウイタ
忍耐力,ニンタイリョク
，年,，ネン
ツリーコード,ツリーコード
高速回転,コウソクカイテン
ここ最近,ココサイキン
後続樹,コウゾクジュ
先端的,センタンテキ
安倍政権批判,アベセイケンヒハン
ds本や,ディーイービーユージーエスユーエスピーイーエヌディーホンヤ
データサイエンスシリーズ,データサイエンスシリーズ
氷１,コオリイチ
同盟国,ドウメイコク
一通り,イチトオリ
レベル以上,レベルイジョウ
類似度,ルイジド
極右ホー,キョクウホー
定型文,テイケイブン
回顧録,カイコロク
ぶん回し,ブンマワシ
名犬ミン,メイケンミン
改憲ライン,カイケンライン
７年,ナナネン
一杯,イチハイ
２６,ニロク
代表的,ダイヒョウテキ
共和党州,キョウワトウシュウ
電子書籍版,デンシショセキバン
新着学問,シンチャクガクモン
摩擦熱,マサツネツ
根源的,コンゲンテキ
素晴,モトハレ
健康的,ケンコウテキ
０面体,ゼロメンテイ
全身鎧,ゼンシンヨロイ
地理情報,チリジョウホウ
現有議席数,ゲニュウギセキスウ
何人,ナンニン
それっきり,ソレッキリ
火星接近,カセイセッキン
ランダムネス,ランダムネス
事務屋,ジムヤ
４５,ヨンゴ
半数以上,ハンスウイジョウ
金沢鉱山,カナザワコウザン
不規則系,フキソクケイ
なになに,ナニナニ
大学数学,ダイガクスウガク
県議選,ケンギセン
白パン,シロパン
２頭,ニトウ
調査開始,チョウサカイシ
鉱物趣味,コウブツシュミ
間宮さん,マミヤサン
１秒,イチビョウ
批評的,ヒヒョウテキ
週間前,シュウカンマエ
クワイ入り,クワイイリ
画素機,ガソキ
仮死状態,カシジョウタイ
ゲイクラブ,ゲイクラブ
廃止法案,ハイシホウアン
樹種,ジュシュ
４７,ヨンナナ
研究結果,ケンキュウケッカ
天文ニュース,テンモンニュース
坂田綾香,サカタアヤカ
八丁,ハチチョウ
外電路,ガイデンロ
瀞八,トロハチ
見え方,ミエカタ
菌春,キンハル
．９,．キュウ
腸類,チョウルイ
応募作品,オウボサクヒン
ひろえさん,ヒロエサン
ジャガイモズッキーニ,ジャガイモズッキーニ
数人,スウニン
開票時点,カイヒョウジテン
批判的,ヒハンテキ
フォールディング対策,フォールディングタイサク
俺ら,オレラ
男二,オトコニ
ＡＩ勝負手,アイショウブテ
出版記念会,シュッパンキネンカイ
伊庭君,イバクン
問題関心,モンダイカンシン
婦人方,フジンカタ
トレンド調査,トレンドチョウサ
アカン,アカン
観測データ,カンソクデータ
ベイズモデリング,ベイズモデリング
６月７,ロクガツナナ
両性花,リョウセイハナ
異類婿,イルイムコ
一品料理,イッピンリョウリ
２度目,ニドメ
１．,イチ．
ジュンク堂池袋,ジュンクドウイケブクロ
４次元,ヨンジゲン
画像検索,ガゾウケンサク
芋京,イモキョウ
古典的,コテンテキ
研究指導,ケンキュウシドウ
忠誠度,チュウセイド
数理統計学,スウリトウケイガク
本や久保本,ホンヤクボホン
LiveModel,ライブモデル
森吉山野生,モリヨシヤマヤセイ
７月１,シチガツイチ
参加予定,サンカヨテイ
特別顧問,トクベツコモン
無限次元,ムゲンジゲン
数値実験,スウチジッケン
