SlideShare,スライドシェア
Shareさん,シェアサン
深層学習,シンソウガクシュウ
具体的,グタイテキ
研究者,ケンキュウシャ
機械学習関連,キカイガクシュウカンレン
マルチモーダル,マルチモーダル
邦楽ニュース,ホウガクニュース
byon,ビーワイオン
数年,スウネン
万円,マンエン
JSフレームワーク,ジェイエスフレームワーク
ノーマネー,ノーマネー
下座リン,ゲザリン
対話システム,タイワシステム
AI技術,アイギジュツ
ITエンジニア,アイティーエンジニア
ITmediaニュース,アイティーメディアニュース
JavaScriptフレームワーク,ジャバスクリプトフレームワーク
WIRED.jp,ワイアードドットジェイピー
少年ジャンプ,ショウネンジャンプ
人以上,ニンイジョウ
おすすめプログラミング言語,オススメプログラミングゲンゴ
大手中小,オオテチュウショウ
政治家,セイジカ
自動生成,ジドウセイセイ
汎用的,ハンヨウテキ
リンピック,リンピック
TensorFlowv,テンソーフローボルト
関連ニュース,カンレンニュース
応答生成,オウトウセイセイ
IoTやれ,アイオーティーヤレ
電子版,デンシバン
馬場氏,ババシ
場合サーバー,バアイサーバー
月29日,ツキニジュウクニチ
今日一,キョウイチ
ビッグデータ活用,ビッグデータカツヨウ
めっさ並列,メッサヘイレツ
Python版,パイソンバン
jpさん,ジェーピーサン
音楽生成,オンガクセイセイ
闘争開幕,トウソウカイマク
リリースROBOT,リリースロボット
業務系,ギョウムケイ
変化検知,ヘンカケンチ
ona,オンアール
半ぶり,ハンブリ
ニューラルネット翻訳,ニューラルネットホンヤク
危機的,キキテキ
情報利得,ジョウホウリトク
社内システム,シャナイシステム
資料公開,シリョウコウカイ
UI気,ユーアイキ
学習コスト,ガクシュウコスト
絵面,エメン
campfirejp,キャンプファイアジェーピー
人工知能学会全国大会,ジンコウチノウガッカイゼンコクタイカイ
脆弱性検知,ゼイジャクセイケンチ
解析器,カイセキキ
分解ツール,ブンカイツール
メディアラボ,メディアラボ
歳男性,サイダンセイ
人工知能並み,ジンコウチノウナミ
連続性,レンゾクセイ
最適化アルゴリズム,サイテキカアルゴリズム
TVon,テレビオン
forENGINE,フォーエンジン
実用化,ジツヨウカ
学習部分,ガクシュウブブン
JapaneseTV,ジャパニーズテレビ
言語情報,ゲンゴジョウホウ
係り受け解析,カカリウケカイセキ
人が参加,ジンガサンカ
Nowth,ノウティーエッチ
倫理的,リンリテキ
子トップ,コトップ
情報漏えい,ジョウホウロウエイ
何人,ナンニン
newsさん,ニュースサン
ヨッピーさん,ヨッピーサン
分下限,ブンカゲン
toAI,トゥアイ
クラウド転換,クラウドテンカン
もうあたま,モウアタマ
2016年7月6日,ニセンジュウロクネンシチガツムイカ
意味理解,イミリカイ
これハック,コレハック
詳細決定,ショウサイケッテイ
大竹さん,オオタケサン
言語処理,ゲンゴショリ
2016年おすすめ,ニセンジュウロクネンオススメ
輪読会,リンドクカイ
techcrunchさん,テッククランチサン
長時間録画,チョウジカンロクガ
JavaAndroid,ジャバアンドロイド
テーマ設定,テーマセッテイ
活用入門,カツヨウニュウモン
こと下座,コトゲザ
フィード的,フィードテキ
参加枠,サンカワク
IoT被害者の会,アイオーティーヒガイシャノカイ
outto,アウトトゥ
ある意味すで,アルイミスデ
AmazonML,アマゾンエムエル
二人,ニニン
参加者が壇,サンカシャガダン
F#is,エフシャープイズ
ビジネス化,ビジネスカ
比較はなしか,ヒカクハナシカ
issomet,アイエスソメ
ローカル女子,ローカルジョシ
回帰分析,カイキブンセキ
コンポーネント指向,コンポーネントシコウ
年前,ネンマエ
東海支部,トウカイシブ
水を差すよう,ミズヲサスヨウ
YouTubeさん,ユーチューブサン
観測回数,カンソクカイスウ
発的,ハツテキ
クラウドファンディングCAMPFIRE,クラウドファンディングキャンプファイア
トピックモデル,トピックモデル
先日友人,センジツユウジン
にも金,ニモキン
lineさん,ラインサン
カジュアル賞,カジュアルショウ
ENGINEER,エンジンイーアール
F#rocks,エフシャープロックス
語彙２,ゴイニ
強化学習記事,キョウカガクシュウキジ
onTV,オンテレビ
法廷闘争,ホウテイトウソウ
学習関連,ガクシュウカンレン
inTOKYO,イントウキョウ
階で水,カイデミズ
分野外,ブンヤガイ
サンプルコード,サンプルコード
クレカ登録,クレカトウロク
珊瑚さん,サンゴサン
近いうちにAI,チカイウチニアイ
ブラッドサーキュレーター,ブラッドサーキュレーター
８語,ハチゴ
東京湾,トウキョウワン
ターンエンド,ターンエンド
変分,ヘンブン
画像系,ガゾウケイ
データ活用,データカツヨウ
犯罪事件,ハンザイジケン
１周年,イチシュウネン
支部主催,シブシュサイ
強化学習ブーム,キョウカガクシュウブーム
オープンソースMA,オープンソースエムエー
justfor,ジャストフォー
フレームワーク化,フレームワークカ
一番,イチバン
連続状態空間,レンゾクジョウタイクウカン
国家戦略,コッカセンリャク
お客さん,オキャクサン
日次点検,ニチジテンケン
Enterキー,エンターキー
何気に注目,ナニゲニチュウモク
探索法,タンサクホウ
作成者Microsoft,サクセイシャマイクロソフト
ライブラリ界隈,ライブラリカイワイ
脆弱性スキャナ,ゼイジャクセイスキャナ
今後多様,コンゴタヨウ
at 1,アールティープラスワン
学習用,ガクシュウヨウ
書類審査,ショルイシンサ
rocksin,ロックスイン
一週間ぶっ続け,イッシュウカンブッツヅケ
十層,ジュウソウ
米国労務,ベイコクロウム
若干滑稽,ジャッカンコッケイ
特設サイト,トクセツサイト
論文消化,ロンブンショウカ
全員モデル駆動開発,ゼンインモデルクドウカイハツ
それ相当,ソレソウトウ
sometimes,ソメアイエムイーエス
機械学習やれ,キカイガクシュウヤレ
モーダル対話,モーダルタイワ
Dockerコンテナ,ドッカーコンテナ
勉強メモ,ベンキョウメモ
比率網羅,ヒリツモウラ
機械学習ライブラリ,キカイガクシュウライブラリ
Dartbooster,ダートブースター
tha,ティーエッチアール
１階,イチカイ
日本語自動,ニホンゴジドウ
主催講演会,シュサイコウエンカイ
ビジネス応用,ビジネスオウヨウ
ちょうキモイ,チョウキモイ
メール現象,メールゲンショウ
高速動作,コウソクドウサ
サーバーサイド,サーバーサイド
電脳キャバクラ,デンノウキャバクラ
年半,ネンハン
桜庭統さん,サクラバモトイサン
オフィス見学,オフィスケンガク
アルバム発売,アルバムハツバイ
学習by,ガクシュウビーワイ
isjust,イズジャスト
今日Qiita,キョウキータ
幼児語彙,ヨウジゴイ
２６,ニロク
たくない人,タクナイジン
実践的,ジッセンテキ
活性値,カッセイチ
深夜目,シンヤメ
サイト公開,サイトコウカイ
人間中心,ニンゲンチュウシン
虎たち,トラタチ
センサー情報,センサージョウホウ
６８,ロクハチ
ことトウキョウ,コトトウキョウ
管理by,カンリビーワイ
下図参照,シタズサンショウ
子供の遊び場,コドモノアソビジョウ
なにこれ,ナニコレ
国産FW,コクサンフォワード
画像生成,ガゾウセイセイ
的動機づけ,テキドウキヅケ
大変そう,タイヘンソウ
羽織的,ハオリテキ
ランキング発表,ランキングハッピョウ
テスト進捗,テストシンチョク
点検ツール,テンケンツール
富豪コンピューティング,フゴウコンピューティング
データデータベース,データデータベース
フレームワークby,フレームワークビーワイ
Materials,マテリアエルエス
世界で初めてGoogle,セカイデハジメテグーグル
業務知識,ギョウムチシキ
派生研究,ハセイケンキュウ
チーム管理,チームカンリ
dengekion,デンゲキオン
秘蔵ネーム,ヒゾウネーム
擬似観測,ギジカンソク
分のプレゼン,ブンノプレゼン
大学ニュース,ダイガクニュース
ビンゴ大会,ビンゴタイカイ
初の対談,ハツノタイダン
論文解説,ロンブンカイセツ
C言語ライク,シーゲンゴライク
大阪城ホールライヴ,オオサカジョウホールライヴ
主題歌担当,シュダイカタントウ
TVis,テレビアイエス
自動品詞,ジドウヒンシ
半面業務,ハンメンギョウム
収録内容,シュウロクナイヨウ
普通スポーツ,フツウスポーツ
昨日ディスカッション,キノウディスカッション
文自動,ブンジドウ
ワンマン満員御礼,ワンマンマンインオンレイ
online,オンライン
脆弱性情報,ゼイジャクセイジョウホウ
ＤＢ化,ディービーカ
中心設計,チュウシンセッケイ
自然言語処理シリーズ,シゼンゲンゴショリシリーズ
SFUSora,エスエフユーソラ
ソースコード自動,ソースコードジドウ
重め,ジュウメ
さわり可,サワリカ
エーキューライセンス,エーキューライセンス
inall,インアルバニアレク
さん不在,サンフザイ
大量ストック,タイリョウストック
クロノ等,クロノトウ
世界ランク,セカイランク
８８,ハチハチ
TechCrunchJapan,テッククランチジャパン
効率的,コウリツテキ
問題名,モンダイメイ
発表資料,ハッピョウシリョウ
空間認識,クウカンニンシキ
会社経営,カイシャケイエイ
最大化,サイダイカ
ラボ渋谷,ラボシブヤ
サイズm,サイズメートル
NLP若手,エヌエルピーワカテ
以前勉強会,イゼンベンキョウカイ
七人,ナナニン
forfinance,フォーファイナンス
フロントエンドジャンキー,フロントエンドジャンキー
週末学習,シュウマツガクシュウ
機械学習被害者の会,キカイガクシュウヒガイシャノカイ
資金投資,シキントウシ
コンテナ内,コンテナナイ
アプリケーションエンジニア,アプリケーションエンジニア
ブロックチェーンハンズオン,ブロックチェーンハンズオン
at野音,エーティーヤオン
汎化,ヒロシカ
可視化ツール,カシカツール
公開資料,コウカイシリョウ
危険視,キケンシ
方問題,カタモンダイ
辺考察,アタリコウサツ
実用性,ジツヨウセイ
学習過程,ガクシュウカテイ
検知ツール,ケンチツール
品詞分解,ヒンシブンカイ
無理矢理感,ムリヤリカン
forthe,フォーザ
thアルバム,ティーエッチアルバム
年おすすめ,ネンオススメ
数十,スウジュウ
数個,スウコ
一般的,イッパンテキ
アンケート結果,アンケートケッカ
リーマン以降,リーマンイコウ
定期的,テイキテキ
マネジメントシステム,マネジメントシステム
AI系,アイケイ
自動振り込め詐欺,ジドウフリコメサギ
thenext,ザネクスト
以前電脳,イゼンデンノウ
人工知能セミナー,ジンコウチノウセミナー
docker.s,ドッカードッツ
Liveat,ライブエーティー
長期学習,チョウキガクシュウ
発表枠,ハッピョウワク
論文管理,ロンブンカンリ
結局ビッグデータ,ケッキョクビッグデータ
長文日記,チョウブンニッキ
つけ方,ツケカタ
大体どれ,ダイタイドレ
プロセスお客,プロセスオキャク
解析寄り,カイセキヨリ
現場エンジニア,ゲンバエンジニア
本物メール,ホンモノメール
消化時間,ショウカジカン
低価格讃岐うどん,テイカカクサヌキウドン
情報処理学会東海,ジョウホウショリガッカイトウカイ
Microsoftfor,マイクロソフトフォー
行動探索,コウドウタンサク
イケてる脆弱性,イケテルゼイジャクセイ
搭載量,トウサイリョウ
参加お待ち,サンカオマチ
公開１,コウカイイチ
の歴史背景,ニホンコウクウノレキシハイケイ
優秀作,ユウシュウサク
統計モデリング,トウケイモデリング
九段,キュウダン
改善プロセス,カイゼンプロセス
形式仕様記述言語,ケイシキシヨウキジュツゲンゴ
位Java,イジャバ
トップ会議,トップカイギ
関連発表,カンレンハッピョウ
志願者,シガンシャ
MV解禁,エムブイカイキン
一弾,イチダン
人羽織,ニンハオリ
社食ランチ,シャショクランチ
ケバブ屋,ケバブヤ
十数,ジュウスウ
注目ポイント,チュウモクポイント
わからん状態,ワカランジョウタイ
器Google,キグーグル
neutralnetwork,ニュートラルネットワーク
ニュースフィード,ニュースフィード
内発,ウチハツ
画像解析,ガゾウカイセキ
最終的,サイシュウテキ
日刊工業新聞電子,ニッカンコウギョウシンブンデンシ
ポストドクター,ポストドクター
おなじみ中村佑介,オナジミナカムラユウスケ
学習的,ガクシュウテキ
労務法,ロウムホウ
LT大会,エルティタイカイ
初期化,ショキカ
戦略ランダム,センリャクランダム
所大量,トコロタイリョウ
DMLさん,ディーエムエルサン
延長線上,エンチョウセンジョウ
さん先,サンサキ
会話データ,カイワデータ
メンター最高,メンターサイコウ
自然言語処理技術,シゼンゲンゴショリギジュツ
jptechcrunch,ジェイピーテッククランチ
neologdみたい,ネオログディーミタイ
設定方法,セッテイホウホウ
定量化,テイリョウカ
獲得比率,カクトクヒリツ
認識技術,ニンシキギジュツ
バンドアレンジ,バンドアレンジ
一流音楽家,イチリュウオンガクカ
TensorFlowバックエンド,テンソーフローバックエンド
チーム名,チームメイ
予測機能,ヨソクキノウ
土下座選手権,ドゲザセンシュケン
開催決定,カイサイケッテイ
ドクター研究,ドクターケンキュウ
会話文,カイワブン
medicineis,メデイシンイズ
ぐるなびAPI,グルナビエーピーアイ
映画化,エイガカ
aiさん,アイサン
オープンソース化,オープンソースカ
最近論文,サイキンロンブン
SAP馬場,エスエイピーババ
選手権こと,センシュケンコト
指数,ユビスウ
一日,イチニチ
朝日新聞メディア,アサヒシンブンメディア
ときAmazon,トキアマゾン
ランクトップ,ランクトップ
Introto,イントロトゥ
勢力図,セイリョクズ
お前ら,オマエラ
ルーティン作業,ルーティンサギョウ
ともかつて,トモカツテ
メモリ搭載,メモリトウサイ
