国際会議,コクサイカイギ
授業資料,ジュギョウシリョウ
姉姫,アネヒメ
出産前,シュッサンマエ
性格分析,セイカクブンセキ
人工知能論,ジンコウチノウロン
姫出産,ヒメシュッサン
関連難関,カンレンナンカン
中村研,ナカムラケン
世話焼きおばさん,セワヤキオバサン
日本酒,ニッポンシュ
授業中,ジュギョウチュウ
先端人工知能,センタンジンコウチノウ
外部進学,ガイブシンガク
妹姫,イモウトヒメ
SNS性格,エスエヌエスセイカク
失業中,シツギョウチュウ
研究者,ケンキュウシャ
予想外,ヨソウガイ
深層学習,シンソウガクシュウ
歳娘,サイムスメ
難関国際,ナンカンコクサイ
進学生,シンガクセイ
資料作り,シリョウヅクリ
０歳,ゼロサイ
研究成果,ケンキュウセイカ
円上限,エンジョウゲン
人が准教授,ジンガジュンキョウジュ
理解度,リカイド
世間一般,セケンイッパン
オープンアクセス費,オープンアクセスヒ
抱っこ抱っこ,ダッコダッコ
部下氏,ブカシ
改善点,カイゼンテン
研究室見学,ケンキュウシツケンガク
上位３つ,ジョウイミッツ
不満そう,フマンソウ
人がいない,ジンガイナイ
現場エンジニア,ゲンバエンジニア
Newstate,ニューステート
IT業界,アイティーギョウカイ
二子,ニシ
月火,ツキヒ
modelfor,モデルフォー
朝私,アサワタシ
パワー的,パワーテキ
万円,マンエン
Twitter広告,ツイッターコウコク
シミレーション,シミレーション
主要国際,シュヨウコクサイ
父親目線,チチオヤメセン
専門外,センモンガイ
方今度,カタコンド
年分か,ネンブンカ
業界人手不足,ギョウカイヒトデブソク
ワードクラウド,ワードクラウド
マルチコア環境,マルチコアカンキョウ
弊研究室,ヘイケンキュウシツ
冬４,フユヨン
性格タイプ,セイカクタイプ
今日ギネス,キョウギネス
視覚障碍,シカクショウガイ
１年,イチネン
分析サービス,ブンセキサービス
ガッツリ寝落ち,ガッツリネオチ
一世,イチセイ
最新技術,サイシンギジュツ
家庭内不和,カテイナイフワ
Chim↑Pom渋谷センター街,チンポムシブヤセンターガイ
toget,トゥゲット
歳息子,サイムスコ
データ解析,データカイセキ
夏前,ナツマエ
ゴルフボール,ゴルフボール
技術ディープラーニング,ギジュツディープラーニング
者数,シャスウ
生研マン,セイケンマン
相席カフェ,アイセキカフェ
二週間,ニシュウカン
毎週進捗,マイシュウシンチョク
今日このごろ,キョウコノゴロ
大変そう,タイヘンソウ
席確保,セキカクホ
進捗報告,シンチョクホウコク
発表者,ハッピョウシャ
時間程度,ジカンテイド
弊研究,ヘイケンキュウ
アルゴリズム上,アルゴリズムジョウ
全身ブツブツ,ゼンシンブツブツ
資料自体,シリョウジタイ
結婚前,ケッコンマエ
realizesomeone,リアライズサムワン
とゆ話,トユバナシ
回目,カイメ
投稿先,トウコウサキ
弊社サービス,ヘイシャサービス
SleepBox,スリープボックス
わくんスタンプ,ワクンスタンプ
分授業,フンジュギョウ
裏アカウント,ウラアカウント
短期記憶,タンキキオク
CL系,シーエルケイ
来週月,ライシュウツキ
最近両手,サイキンリョウテ
順序変更,ジュンジョヘンコウ
話ですよ。,ハナシデスヨ
わくんさん,ワクンサン
８日,ハチニチ
２週間,ニシュウカン
おばさんモデル,オバサンモデル
何年,ナンネン
昨日ビール,キノウビール
教授職,キョウジュショク
情報理,ジョウホウリ
査読者,サドクシャ
一カ月,イチカゲツ
人あたり,ニンアタリ
成果以外,セイカイガイ
名誉修士号,メイヨシュウシゴウ
興味分野,キョウミブンヤ
トップ会議,トップカイギ
ブラインド査読,ブラインドサドク
資料アップ,シリョウアップ
カステラ本,カステラモト
家事分担,カジブンタン
リスタップ,リスタップ
上位3つ,ジョウイミッツ
思春期,シシュンキ
夫婦感,フウフカン
年間８,ネンカンハチ
４回,ヨンカイ
毎日朝,マイニチアサ
四時,ヨンジ
oneon,ワンオン
ideayou,イデアユウ
無駄話して,ムダハナシテ
3Dペン,スリーディーペン
仕事化,シゴトカ
入学前,ニュウガクマエ
娘元気,ムスメゲンキ
結婚大変,ケッコンタイヘン
anidea,アンイデア
目線感,メセンカン
研究室,ケンキュウシツ
持ち込みOK,モチコミオーケイ
就職前,シュウショクマエ
理情,リジョウ
娘さん,ムスメサン
物性物理,ブッセイブツリ
日休日返上,ニチキュウジツヘンジョウ
Wonderif,ワンダーイフ
率上,リツジョウ
フロッピー的,フロッピーテキ
出願期間,シュツガンキカン
地元パワー,ジモトパワー
腕枕,ウデマクラ
今週保育園,コンシュウホイクエン
NLPチュートリアル,エヌエルピーチュートリアル
作りました💛,ツクリマシタハート
離乳食持ち込み,リニュウショクモチコミ
内部進学,ナイブシンガク
andrealize,アンドリアライズ
一番びっくり,イチバンビックリ
theart,ザエーアールティー
大学研究室,ダイガクケンキュウシツ
ギネス一瞬,ギネスイッシュン
forthe,フォーザ
IT人材,アイティージンザイ
受け入れ態勢,ウケイレタイセイ
IT系技術,アイティーケイギジュツ
並列化,ヘイレツカ
wantedto,ウォンテッドトゥ
今後幼児,コンゴヨウジ
子トップ,コトップ
マドレーヌうまい,マドレーヌウマイ
getin,ゲットイン
神AI,カミアイ
今日なんとか,キョウナントカ
一番ベスト,イチバンベスト
totry,トゥトルコリラ
結婚情報サービス会社,ケッコンジョウホウサービスカイシャ
理工学系研究科,リコウガクケイケンキュウカ
万人,マンニン
onan,オンアン
相互作用し,ソウゴサヨウシ
複数回名前,フクスウカイナマエ
囲碁AI,イゴアイ
背高,セダカ
ですよ。弊社,デスヨヘイシャ
話して結局,ハナシテケッキョク
パンツみたい,パンツミタイ
元気いっぱい,ゲンキイッパイ
成約率,セイヤクリツ
ここ最近,ココサイキン
妹姫だけ,イモウトヒメダケ
全身蕁麻疹,ゼンシンジンマシン
一緒に夕,イッショニユウ
仕事だし,シゴトダシ
人全員,ヒトゼンイン
給与面,キュウヨメン
結局時間,ケッキョクジカン
ランチどこ,ランチドコ
夏冬,ナツフユ
最近毎日,サイキンマイニチ
bidon,ビヂオン
Networksfor,ネットワークスフォー
問題毎,モンダイゴト
エゴグラム分析,エゴグラムブンセキ
羽つきハーネス,ハツキハーネス
先生方,センセイカタ
修士１,シュウシイチ
youbid,ユウビヂ
高そう,ダカソウ
今うち,イマウチ
仕事復帰,シゴトフッキ
昨日部下,キノウブカ
クマさん,クマサン
youwanted,ユウウォンテッド
幼児向け,ヨウジムケ
naturalimage,ナチュラルイマージュ
人以上,ニンイジョウ
期娘,キムスメ
AI的,アイテキ
眼科待合室,ガンカマチアイシツ
人工知能学会大会,ジンコウチノウガッカイタイカイ
体験者,タイケンシャ
学問分野,ガクモンブンヤ
themain,ザメイン
火二つ,ヒフタツ
入学後,ニュウガクゴ
娘ちゃん,ムスメチャン
授業準備,ジュギョウジュンビ
西安空港,シーアンクウコウ
isover,イズオーバー
基本予想,キホンヨソウ
一つ理解,ヒトツリカイ
猫グッズ,ネコグッズ
ピカチュウ作りました,ピカチュウツクリマシタ
週間目薬,シュウカンメグスリ
演出力,エンシュツリョク
あと体,アトタイ
コードC++,コードシープラスプラス
サーベイ論文,サーベイロンブン
本ノック,ホンノック
