１日,イチニチ
一日,イチニチ
ヨッシーさん,ヨッシーサン
ジャスミンさん,ジャスミンサン
ヨシュアさん,ヨシュアサン
鎌田さん,カマタサン
太田川,オオタガワ
華金,ハナキン
お互い体調,オタガイタイチョウ
キャサリンさん,キャサリンサン
お互い風邪,オタガイカゼ
花金,ハナキン
沙羅さん,サラサン
お互い気,オタガイキ
川崎さん,カワサキサン
Hiroshima,ヒロシエムエー
こんにちは。おはあり,コンニチハオハアリ
理彦さん,ミチヒコサン
日中,ニチチュウ
オーラさん,オーラサン
スモールプラネット,スモールプラネット
寒暖差,カンダンサ
amiさん,アミサン
amiami,アミアミ
うめさん,ウメサン
自宅付近,ジタクフキン
一年,イチネン
広島県北部,ヒロシマケンホクブ
inHiroshi,インヒロシ
お互い熱中症,オタガイネッチュウショウ
いねちゃん,イネチャン
二児,ニジ
太田川沿い,オオタガワゾイ
水分補給,スイブンホキュウ
今夜あたり,コンヤアタリ
先ほど撮影,サキホドサツエイ
広島市内,ヒロシマシナイ
みやさん,ミヤサン
白雪姫さん,シラユキヒメサン
今週末,コンシュウマツ
さそう,サソウ
百穂さん,ヒャクスイサン
最終日,サイシュウビ
桜並木,サクラナミキ
みかん狩り,ミカンカリ
昨日撮影,キノウサツエイ
もんたさん,モンタサン
Riverin,リバーイン
１週間,イチシュウカン
通勤途中,ツウキントチュウ
白島稲荷神社,シラシマイナリジンジャ
羽生さん,ハブサン
雪マーク,ユキマーク
県北部,ケンホクブ
本格的,ホンカクテキ
羅漢スノー,ラカンスノー
午前中,ゴゼンチュウ
スノーパーク,スノーパーク
中央公園,チュウオウコウエン
二段,ニダン
度映像,ドエイゾウ
ゆみこさん,ユミコサン
日中は,ニチチュウハ
一度,イチド
早目,ハヤメ
小川さん,オガワサン
段滝,ダンタキ
きりんさん,キリンサン
Itis,イットイズ
東京出張,トウキョウシュッチョウ
nicoleさん,ニコルサン
広島市北部,ヒロシマシホクブ
広島中央,ヒロシマチュウオウ
職場付近,ショクバフキン
まいまいさん,マイマイサン
同僚たち,ドウリョウタチ
isa,アイエスアール
ろーさん,ローサン
出勤中,シュッキンチュウ
渋滞中,ジュウタイチュウ
物干し竿,モノホシサオ
艦長さん,カンチョウサン
ようお互い,ヨウオタガイ
昨晩撮影,サクバンサツエイ
分咲き,フンサキ
ダブル流星群,ダブルリュウセイグン
スプリングさん,スプリングサン
気温差,キオンサ
菜の花畑,ナノハナハタケ
こんにちは。こちら,コンニチハコチラ
自宅前,ジタクマエ
除菌治療,ジョキンチリョウ
ビジネスフェア,ビジネスフェア
こんにちは。そう,コンニチハソウ
子供達,コドモタチ
自宅近く,ジタクチカク
もざきさん,モザキサン
ミラクルムーン,ミラクルムーン
inthe,インザ
時過ぎ,ジスギ
年度末,ネンドマツ
レモンさん,レモンサン
こんにちは。今日,コンニチハキョウ
大雪警報,オオユキケイホウ
平和公園,ヘイワコウエン
皇帝ダリア,コウテイダリア
isthe,イズザ
先日撮影,センジツサツエイ
のち雨,ノチアメ
何度,ナンド
梅雨明け,ツユアケ
広島城付近,ヒロシマジョウフキン
腹部エコー,フクブエコー
近くの川,チカクノガワ
琉球朝顔,リュウキュウアサガオ
通常出勤,ツウジョウシュッキン
山菜狩り,サンサイカリ
会社付近,カイシャフキン
動画撮影,ドウガサツエイ
百合,ヒャクゴウ
付箋紙,フセンシ
大雨洪水,オオアメコウズイ
ちさん,チサン
YouTubeさん,ユーチューブサン
広島市安佐北区安佐町,ヒロシマシアサキタクアサチョウ
県北の山,ケンポクノヤマ
暴風波浪,ボウフウハロウ
赤石さん,アカシサン
檀浦さん,ダンウラサン
一日中雨,イチニチジュウウ
今晩あたり,コンバンアタリ
先ほど残業,サキホドザンギョウ
洪水暴風,コウズイボウフウ
波浪警報,ハロウケイホウ
風邪気味,カゼギミ
花たち,ハナタチ
玄関先,ゲンカンサキ
エコー検査,エコーケンサ
inthe river,インザリバー
floweris,フラワーアイエス
りの天気,リノテンキ
岩国城ロープウェイ,イワクニジョウロープウェイ
雨ごと,アメゴト
正月休み,ショウガツヤスミ
幻想的,ゲンソウテキ
同僚達,ドウリョウタチ
２月最終,ニガツサイシュウ
バス停そば,バステイソバ
川沿い,カワゾイ
手ぶらバーベキュー,テブラバーベキュー
千染,センソメ
発令中,ハツレイチュウ
明日あたり,アシタアタリ
ですよ。写真,デスヨシャシン
緑褐色,ミドリカッショク
スローモーション撮影,スローモーションサツエイ
鮮紅色,センコウショク
局地的,キョクチテキ
花コスモス,ハナコスモス
カレンダー通り,カレンダードオリ
２日,ニニチ
木曜日あたり,モクヨウビアタリ
underwater,アンダーウォーター
こたろうさん,コタロウサン
８月最終,ハチガツサイシュウ
度画像,ドガゾウ
つばっちさん,ツバッチサン
ノブさん,ノブサン
薬師公園,クスシコウエン
１分,イチフン
よしながさん,ヨシナガサン
梅雨空,ツユソラ
みかん園,ミカンエン
末あたり,マツアタリ
バタバタ,バタバタ
lemonさん,レモンサン
開店休業状態,カイテンキュウギョウジョウタイ
琉球アサガオ,リュウキュウアサガオ
移動中,イドウチュウ
息子くん,ムスコクン
色の,イロノ
いちごさん,イチゴサン
連休明け,レンキュウアケ
海鮮料理店,カイセンリョウリテン
探索中,タンサクチュウ
あたり雪,アタリユキ
theHiroshi,ザヒロシ
ぱぱさん,パパサン
三次,サンジ
10月最終,ジュウガツサイシュウ
黄花,キハナ
熱中症対策,ネッチュウショウタイサク
娘さん,ムスメサン
広島市唯一,ヒロシマシユイイツ
かまくら祭り,カマクラマツリ
天球写真,テンキュウシャシン
雨のち,アメノチ
秋の訪れ,アキノオトズレ
こんにちは。素敵,コンニチハステキ
横川駅前,ヨコカワエキマエ
弟たち,オトウトタチ
猿飛渡,サルトンド
５分,ゴフン
山形さん,ヤマガタサン
こんにちは。綺麗,コンニチハキレイ
時の,トキノ
幕の内トンネル,マクノウチトンネル
エンドレス動画,エンドレスドウガ
大野石油,オオノセキユ
万円,マンエン
にゃーさん,ニャーサン
℃近く,シーチカク
tothe,トゥザ
度動画,ドドウガ
satoさん,サトウサン
数匹,スウヒキ
先週土曜日,センシュウドヨウビ
高所作業,コウショサギョウ
秋本番,アキホンバン
お花見日和,オハナミヒヨリ
昼前あたり,ヒルマエアタリ
中雨,チュウウ
我が家周辺,ワガヤシュウヘン
週末あたり,シュウマツアタリ
十年,ジュウネン
お祝いメッセージ,オイワイメッセージ
２回,ニカイ
お盆休み,オボンヤスミ
streamer,ストリームイーアール
魚眼風,ギョガンフウ
スノーラフティング,スノーラフティング
黒峠,クロトウゲ
長い間,ナガイカン
春大根,ハルダイコン
一部凍結,イチブトウケツ
裏三段峡,ウラサンダンキョウ
ところ寒暖,トコロカンダン
大雪注意報,オオユキチュウイホウ
洗濯物,センタクブツ
waterfireworks,ウォーターファイアワークス
お願いしま,オネガイシマ
同じく雨,ドウジクウ
開業記念,カイギョウキネン
年ぶり,ネンブリ
らいむさん,ライムサン
バス停付近,バステイフキン
昨年被害,サクネンヒガイ
長男くん,チョウナンクン
ところ毎日,トコロマイニチ
神楽人形,カグラニンギョウ
wasa,ワイドエリアサーチアール
碇神社,イカリジンジャ
ギリギリ遅刻,ギリギリチコク
一回,イチカイ
そばの川,ソバノガワ
歩道脇,ホドウワキ
夕焼け雲,ユウヤケクモ
equipmentis,エキプモンアイエス
洪水警報,コウズイケイホウ
記念入場券,キネンニュウジョウケン
まみまみさん,マミマミサン
…。素敵,サイレンスステキ
国道191号線,コクドウヒャクキュウジュウイチゴウセン
休み明け,ヤスミアケ
屋外広場,オクガイヒロバ
作業終了,サギョウシュウリョウ
街並み,マチナミ
hiroshim,ヒロシメートル
北部の山,ホクブノヤマ
問題ナッシング,モンダイナッシング
国道261号線,コクドウニヒャクロクジュウイチゴウセン
権兵衛さん,ゴンベエサン
はなさん,ハナサン
一面,イチメン
積雪量,セキセツリョウ
アフリカンデージー,アフリカンデージー
9月最終,クガツサイシュウ
theroad,ザロード
ですよ。今日,デスヨキョウ
虫たち,ムシタチ
inJapan,インジャパン
日目,ニチメ
Vineby,バインビーワイ
通勤中,ツウキンチュウ
ジャムモフ,ジャムモフ
公共交通,コウキョウコウツウ
こんにちは。広島市,コンニチハヒロシマシ
週中,シュウチュウ
三女,サンジョ
５月２,ゴガツニ
jquery.jp,ジェイクエリードットジェイピー
お互い夏バテ,オタガイナツバテ
３月下旬,サンガツゲジュン
cocoちゃん,ココチャン
感動的,カンドウテキ
近くの山,チカクノヤマ
一枚,イチマイ
riverin,リバーイン
コート無し,コートナシ
通常モード,ツウジョウモード
一緒に厳島神社,イッショニイツクシマジンジャ
snowwas,スノウワイドエリアサーチ
ふみさん,フミサン
飛渡船,トンドセン
桜の樹の下で撮影,サクラノキノシタデサツエイ
一往復,イチオウフク
運行見合わせ,ウンコウミアワセ
始業時間,シギョウジカン
子馬,コバ
時前,ジマエ
歩いた方,アユミイタカタ
モフさん,モフサン
実用性,ジツヨウセイ
広島県最高峰,ヒロシマケンサイコウホウ
星景,ホシケイ
春に突入,ハルニトツニュウ
６日,ロクニチ
由佳子さん,ユカコサン
警報発令,ケイホウハツレイ
修理中,シュウリチュウ
ん十,ンジュウ
新白島駅開業,シンハクシマエキカイギョウ
広島市中区白島,ヒロシマシナカクハクシマ
時頃,ジゴロ
最新版,サイシンバン
新幹線口,シンカンセングチ
降雪機,コウセツキ
昨夕撮影,サクユウサツエイ
盆休み,ボンヤスミ
ここ数,ココスウ
片側通行,カタガワツウコウ
雨みたい,アメミタイ
以前撮影,イゼンサツエイ
活動開始,カツドウカイシ
景写真,ケイシャシン
仕事モード,シゴトモード
isvery,アイエスベリイ
ｍキッカー,メートルキッカー
うろこ雲,ウロコクモ
二公園,ニコウエン
近所の川,キンジョノガワ
来週末,ライシュウマツ
冬らしくない,フユラシクナイ
ホワイトBB,ホワイトビービー
避難準備指示,ヒナンジュンビシジ
木さん,キサン
かぼちゃ畑,カボチャハタケ
大雨警報発令,オオアメケイホウハツレイ
森城団地,モリジョウダンチ
無事終了,ブジシュウリョウ
我が家付近,ワガヤフキン
下旬並,ゲジュンナミ
江戸時代末期,エドジダイマッキ
andcherry,アンドチェリー
街路樹,ガイロジュ
こんにちは。広島,コンニチハヒロシマ
お互い足元,オタガイアシモト
南米原産,ナンベイゲンサン
こんにちは。今朝,コンニチハケサ
雪のち,ユキノチ
花径,ハナケイ
お互い台風,オタガイタイフウ
宮島花火大会,ミヤジマハナビタイカイ
Vine映像,バインエイゾウ
youtubeアプリ,ユーチューブアプリ
ですよ。素敵,デスヨステキ
ライムさん,ライムサン
バスさん,バスサン
必要みたい,ヒツヨウミタイ
年前,ネンマエ
また頼みたい,マタダノミミタイ
isin,イズイン
荒れの天気,アレノテンキ
桜まつり,サクラマツリ
Paperflower,ペーパーフラワー
アストラムライン城北駅,アストラムラインジョウホクエキ
ライトダウンジャケット,ライトダウンジャケット
ピンク色,ピンクショク
冬布団,フユフトン
今年最後,コトシサイゴ
員さん,インサン
使い心地,ツカイゴコチ
トンネル付近,トンネルフキン
浦さん,ウラサン
白い彼岸花,ハクイヒガンバナ
ことありません,コトアリマセン
春スキー,ハルスキー
氷止め,コオリトメ
ココロさん,ココロサン
１年,イチネン
１時間,イチジカン
beautyberry,ビューティーベリー
Rivercherry,リバーチェリー
cabbagebutterfly,キャベッジバタフライ
分開園,フンカイエン
普段どおり,フダンドオリ
タロウさん,タロウサン
isnear,イズニア
秋一,アキイチ
広島県信用金庫,ヒロシマケンシンヨウキンコ
自動ホバリング,ジドウホバリング
ためツイート,タメツイート
魚眼画像,ギョガンガゾウ
ota-c,オーティエーシー
国道54号線,コクドウゴジュウヨンゴウセン
ときの,トキノ
可部町内,カベチョウナイ
いつか広島,イツカヒロシマ
魚介類,ギョカイルイ
ですよ。今週,デスヨコンシュウ
Red spiderlily,レツドスパイダーリリィ
ススキ野原,ススキノハラ
liketo,ライクトゥ
数日,スウニチ
ともこさん,トモコサン
みいさん,ミイサン
こんにちは。写真,コンニチハシャシン
riveris,リバーイズ
桃太郎さん,モモタロウサン
こんにちは。それ,コンニチハソレ
ミニ葉牡丹,ミニハボタン
広島駅新幹線,ヒロシマエキシンカンセン
バーチャルお花見,バーチャルオハナミ
２連休,ニレンキュウ
周年記念,シュウネンキネン
エンゼルトランペット,エンゼルトランペット
りんごさん,リンゴサン
通行止め中,ツウコウドメチュウ
可部方面,カベホウメン
YouTubeアプリ,ユーチューブアプリ
弟切草科,オトギリソウカ
伏見稲荷さん,フシミイナリサン
出発待ち,シュッパツマチ
ゆかりんご,ユカリンゴ
村祭り,ムラマツリ
あと一,アトイチ
木立ダリア,キダチダリア
金字党,コンジトウ
人工降雪,ジンコウコウセツ
atthe,アットザ
撮影角度,サツエイカクド
先月末,センゲツマツ
匹程度,ヒキテイド
晴れのち,ハレノチ
定年後,テイネンゴ
北広島町の川,キタヒロシマチョウノガワ
杉印,スギシルシ
２時間,ニジカン
ペッパーくん,ペッパークン
the fall,ジエフエーエルエル
雪みたい,ユキミタイ
Akiot,アキオーティ
年中無休,ネンジュウムキュウ
一つ前,ヒトツマエ
だいずく,ダイズク
foryou.,フォーユードット
２０,ニゼロ
納党,オサメトウ
時間半,ジカンハン
度撮影,ドサツエイ
itis,イットイズ
こんにちは。レス,コンニチハレス
Japanesebeauty,ジャパニーズビューティー
遅刻確定,チコクカクテイ
イオンモール祇園,イオンモールギオン
the riverbank,ザリバーバンク
咲さん,サキサン
博多間,ハカタカン
記念式典,キネンシキテン
発表会,ハッピョウカイ
開園時間,カイエンジカン
三男くん,ミツオクン
inmy,インマイ
ガリガリ,ガリガリ
広角動画,コウカクドウガ
Thelotus,ザロータス
庭作業,ニワサギョウ
最終週,サイシュウシュウ
夕焼け空,ユウヤケソラ
takenby,テイクンビーワイ
中央公園付近,チュウオウコウエンフキン
エイプリルフールネタ,エイプリルフールネタ
高校生以下,コウコウセイイカ
合同ビジネス,ゴウドウビジネス
印以外,シルシイガイ
水戸の梅まつり,ミトノウメマツリ
ところ大丈夫,トコロダイジョウブ
終了後,シュウリョウゴ
店員さん,テンインサン
交通ナビ,コウツウナビ
通行中,ツウコウチュウ
映像作成,エイゾウサクセイ
新快速サフィー,シンカイソクサフィー
メロンパンアイス,メロンパンアイス
たくさん被害,タクサンヒガイ
…。写真,サイレンスシャシン
羅漢スノーボード,ラカンスノーボード
スノーボード映像,スノーボードエイゾウ
専用アプリ,センヨウアプリ
記念パーティー,キネンパーティー
繰り返し映像,クリカエシエイゾウ
モアイ像,モアイゾウ
運送料,ウンソウリョウ
手持ち動画,テモチドウガ
こんにちは。雨,コンニチハウ
andthe,アンドザ
自宅そば,ジタクソバ
フグ太郎さん,フグタロウサン
本通り店,ホンドオリテン
左脳派,サノウハ
mygarden,マイガーデン
一雨ごと,ヒトアメゴト
バス停前,バステイマエ
テスト中,テストチュウ
サフィーさん,サフィーサン
あさとさん,アサトサン
三連休あたり,サンレンキュウアタリ
脳内シナプス,ノウナイシナプス
分遅れ,フンオクレ
ハゲタロウ,ハゲタロウ
壇浦,ダンウラ
macity,エムエーシティ
穴場スポット,アナバスポット
救助活動,キュウジョカツドウ
広瀬さん,ヒロセサン
googlecod,グーグルコールオブデューティ
観葉植物,カンヨウショクブツ
すずさん,スズサン
信用金庫合同,シンヨウキンコゴウドウ
よしさん,ヨシサン
０歳,ゼロサイ
thename,ザネーム
…。今日,サイレンスキョウ
tobloom,トゥブルーム
毎日バタ,マイニチバタ
代最後,ダイサイゴ
ガリくん,ガリクン
予想最高気温,ヨソウサイコウキオン
スーツ姿,スーツスガタ
吉田さん,ヨシダサン
養生テープ,ヨウジョウテープ
桜祭り,サクラマツリ
たくさん花,タクサンハナ
arein,アレイン
たんたんさん,タンタンサン
回限り,カイカギリ
土曜出勤,ドヨウシュッキン
１０,イチゼロ
三分,サンフン
先週末,センシュウマツ
３日,サンニチ
あたり雪が降る,アタリユキガフル
集会所,シュウカイショ
一部地域,イチブチイキ
a-cho,エーシーフッカー
格安SIM,カクヤスエスアイエム
猛暑日ですよ,モウショビデスヨ
こちら広島市,コチラヒロシマシ
面金色,メンキンイロ
inAki,インアキ
白百,シロヒャク
日一,ニチイチ
航空映像,コウクウエイゾウ
映画館,エイガカン
ひろみさん,ヒロミサン
ina,インアール
一番,イチバン
ウルトラライト,ウルトラライト
朝か夕方,チョウカユウガタ
番15号,バンジュウゴゴウ
世界みたい,セカイミタイ
mais,エムエーアイエス
ボケ味,ボケミ
満開の,マンカイノ
ウインターシーズン,ウインターシーズン
スクリューマウント,スクリューマウント
被曝電車,ヒバクデンシャ
あと１,アトイチ
休業中,キュウギョウチュウ
事故渋滞,ジコジュウタイ
広島市安佐北区小河内,ヒロシマシアサキタクオガワチ
何回,ナンカイ
Asaminami,アサミナミ
抗生剤三つ,コウセイザイミッツ
歩きっぱなし,アルキッパナシ
度写真,ドシャシン
…。こちら,サイレンスコチラ
鈴木さん,スズキサン
あとひと月,アトヒトツキ
たくさん撮影,タクサンサツエイ
最高気温17℃,サイコウキオンジュウナナドシー
宿根アサガオ,シュクコンアサガオ
水野さん,ミズノサン
城北駅下車,ジョウホクエキゲシャ
みかん農園,ミカンノウエン
魅力的,ミリョクテキ
今日も一日中,キョウモイチニチチュウ
ひろしま公共,ヒロシマコウキョウ
グッドタイミング,グッドタイミング
toa,トゥアール
snowboarding,スノーボードアイエヌジー
内蔵ハードディスク,ナイゾウハードディスク
広島市西区横川,ヒロシマシニシクヨコガワ
繋ぎ目,ツナギメ
thebeloved,ザビラビド
code.c,コールオブデューティイーシー
どおり通勤,ドオリツウキン
出勤途中,シュッキントチュウ
aclear,アールクリア
ジップラインアドベンチャー,ジップラインアドベンチャー
綺麗さ,キレイサ
mm1,メートルエムイチ
何人,ナンニン
連休前,レンキュウマエ
７月最終,シチガツサイシュウ
JR可部線,ジェイアールカベセン
river今日,リバーキョウ
通常運行,ツウジョウウンコウ
ハロウィンイベント,ハロウィンイベント
thanksto,サンクストゥ
団地入口,ダンチイリグチ
