定時定時,テイジテイジ
定時出社,テイジシュッシャ
お前ら,オマエラ
出社出社,シュッシャシュッシャ
3つ発表,ミッツハッピョウ
毎日毎日,マイニチマイニチ
豚キムチ,ブタキムチ
wwwwww,スリーダブリュースリーダブリュー
万円,マンエン
出社定時,シュッシャテイジ
中央線,チュウオウセン
ハンパないレム睡眠,ハンパナイレムスイミン
ノンレム睡眠,ノンレムスイミン
就寝ガチ勢,シュウシンガチゼイ
おしごと,オシゴト
漏れそう,モレソウ
ストロングゼロダブル,ストロングゼロダブル
ウンコ漏れ,ウンコモレ
面白すぎ,オモシロスギ
チン毛,チンケ
一人,イチニン
キツい,キツイ
出社音,シュッシャオン
午前中,ゴゼンチュウ
総武線,ソウブセン
プレモルおじさん,プレモルオジサン
キモすぎ,キモスギ
ハムt,ハムトン
すぎワロタ,スギワロタ
出社面白,シュッシャオモシロ
年以上,ネンイジョウ
俺ら,オレラ
一日,イチニチ
ダブルレモン,ダブルレモン
マン毛,マンケ
１１,イチイチ
定時社会,テイジシャカイ
麺屋,メンヤ
美味すぎ,ビミスギ
パチンコ屋,パチンコヤ
数年,スウネン
何回,ナンカイ
回転ケイク,カイテンケイク
壊死ニキ,エシニキ
んじゃなくて,ンジャナクテ
屋彩香,ヤアヤカ
年ぶり,ネンブリ
さそう,サソウ
女子便所,ジョシベンジョ
取材取材,シュザイシュザイ
俺たち,オレタチ
何度,ナンド
連勤,レンツトム
コークハイ,コークハイ
明日仕事,アシタシゴト
終売,オワリウリ
ハイボールうめ,ハイボールウメ
白ぶどう,シロブドウ
絶望的,ゼツボウテキ
年前,ネンマエ
一度,イチド
アラサー村,アラサームラ
レア武器,レアブキ
シンサウザー,シンサウザー
一番好き,イチバンスキ
明日休み,アシタヤスミ
連ガチャ,レンガチャ
セクシ,セクシ
若年層,ジャクネンソウ
ダブルパイナップル,ダブルパイナップル
何歳,ナンサイ
フレッシュグッディ,フレッシュグッディ
時間後,ジカンゴ
うますぎ,ウマスギ
初号ハイニッカ,ショゴウハイニッカ
脱却成功,ダッキャクセイコウ
木寸,キスン
盆明け,ボンアケ
今日休み,キョウヤスミ
ウンコ我慢,ウンコガマン
高すぎ,ダカスギ
らーめん文蔵,ラーメンブゾウ
仕事中,シゴトチュウ
取材原稿,シュザイゲンコウ
出社大成功,シュッシャダイセイコウ
今日電車,キョウデンシャ
回目,カイメ
出社社会,シュッシャシャカイ
水道橋,スイドウキョウ
なんだけど…,ナンダケド
さすぎ,サスギ
時過ぎ,ジスギ
これ以上,コレイジョウ
出社甘えるな,シュッシャアマエルナ
数日,スウニチ
眠すぎ,ネムリスギ
寸シ,スンシ
ニューアルバム,ニューアルバム
大滝さん,オオタキサン
ケイクさん,ケイクサン
何日,ナンニチ
分以上,フンイジョウ
誤字女,ゴジオンナ
最近仕事,サイキンシゴト
キツすぎ,キツスギ
ブラックニッカ8年,ブラックニッカハチネン
野菜グラノーラ,ヤサイグラノーラ
作目,サクメ
ゲーム音痴,ゲームオンチ
おそ松アイコン,オソマツアイコン
何度も何,ナンドモナン
クズ度,クズド
虫取り,ムシトリ
つ折り財布,ツオリサイフ
萬寿,ヨロズヒサシ
ふゆゆ,フユユ
１日,イチニチ
復刻版,フッコクバン
ウイスキーロック,ウイスキーロック
乳首写メ,チクビシャメ
臭すぎ,ニオイスギ
無理過ぎ,ムリスギ
一回,イチカイ
一杯,イチハイ
ときウンコ,トキウンコ
ハイニッカ復刻,ハイニッカフッコク
１杯,イチハイ
社会社会,シャカイシャカイ
足臭,アシシュウ
ビラ子,ビラコ
盆休み,ボンヤスミ
お前天才,オマエテンサイ
風呂最高,フロサイコウ
朝一,アサイチ
なにそれ,ナニソレ
膣分泌液殺人事件,チツブンピツエキサツジンジケン
角瓶,カクビン
本格的,ホンカクテキ
ここ数,ココスウ
米青,マイアオ
チンコ出して,チンコダシテ
アラサーの村,アラサーノムラ
ハイボール美味,ハイボールビミ
二つ折り,ニツオリ
精神的,セイシンテキ
最近さ,サイキンサ
何年,ナンネン
大成功出社,ダイセイコウシュッシャ
宮城峡NA,ミヤギキョウエヌエー
それ以降,ソレイコウ
原稿取材,ゲンコウシュザイ
ガン切れ,ガンギレ
×3杯,トリプルハイ
分後,フンゴ
赤文字,アカモジ
こないだ電車,コナイダデンシャ
経験者,ケイケンシャ
アニメキャラ,アニメキャラ
ちょちょちょ,チョチョチョ
一番カッコ,イチバンカッコ
年後,ネンゴ
50円引き,ゴジュウエンビキ
大学卒業,ダイガクソツギョウ
リットルペット,リットルペット
キツ過ぎ,キツスギ
自殺者,ジサツシャ
画像大好き,ガゾウダイスキ
一口,イチクチ
食欠,ショクケツ
中段チェリー,チュウダンチェリー
ウルトラマン関連,ウルトラマンカンレン
あたし以外,アタシイガイ
ババア嫁,ババアヨメ
いま何,イマナニ
悪すぎ,アクスギ
３０,サンゼロ
人間的,ニンゲンテキ
むかし女,ムカシオンナ
停止ボタン,テイシボタン
いま酒,イマサケ
国会前,コッカイマエ
いま秋葉原,イマアキハバラ
神保町,ジンボウマチ
Twitterアラサー,ツイッターアラサー
人目,ニンメ
ボンボン坂,ボンボンザカ
玉醤油,ダマショウユ
女性声優,ジョセイセイユウ
こと好き,コトスキ
まいんちゃんクラスタ,マインチャンクラスタ
ウザすぎ,ウザスギ
ラノベ作者,ラノベサクシャ
早見表,ハヤミヒョウ
いま電車,イマデンシャ
仕事帰り,シゴトガエリ
万人,マンニン
天才的,テンサイテキ
マジでヤバい,マジデヤバイ
膣分,チツブン
〰膣,ナミダッシュチツ
サヤ師,サヤシ
独身アラサー,ドクシンアラサー
武蔵野市民,ムサシノシミン
日前,ニチマエ
起動時間,キドウジカン
赤座あかりちゃん,アカザアカリチャン
山手線,ヤマテセン
俺はいつ,オレハイツ
山形県民,ヤマガタケンミン
ブラックニッカ復刻,ブラックニッカフッコク
マジで何,マジデナニ
緊急停止,キンキュウテイシ
豚バラ,ブタバラ
何時,ナンジ
昨日さ,キノウサ
？？？？？？,ンンンンンン
ハイうめ,ハイウメ
むかしTwitter,ムカシツイッター
らAV女優,ラエーブイジョユウ
プッシュ力,プッシュリョク
金田い,カネダイ
オーセンティックバー,オーセンティックバー
いま普通,イマフツウ
テンション高,テンションダカ
武蔵野市在住,ムサシノシザイジュウ
全部ウイスキー,ゼンブウイスキー
アラサー以上,アラサーイジョウ
会社近く,カイシャチカク
ダブルグレープフルーツ,ダブルグレープフルーツ
わかばガール,ワカバガール
社畜行為,シャチクコウイ
今日仕事,キョウシゴト
今日何,キョウナン
ディープブレンド,ディープブレンド
時間半,ジカンハン
お客さん,オキャクサン
それ以外,ソレイガイ
新田恵海さん,ニッタエミサン
時出社,ジシュッシャ
ウイスキーうめ,ウイスキーウメ
コロンビアカバー,コロンビアカバー
KingCrimson,キングクリムゾン
マジで嫌,マジデイヤ
名古屋行,ナゴヤユキ
い膣,イチツ
小倉唯ちゃん,オグラユイチャン
事務作業,ジムサギョウ
年目,ネンメ
左足壊死,ヒダリアシエシ
otua,オーティアンダーアーマー
相手先,アイテサキ
大好きっ子,ダイスキッコ
三鷹車庫,ミタカシャコ
中の下,ナカノカ
酒うめ,サケウメ
プラチナはやかけん,プラチナハヤカケン
アラサー友の会,アラサートモノカイ
何カップ,ナニカップ
回以上,カイイジョウ
朝キツ,アサキツ
半そで半ズボン,ハンソデハンズボン
久保田萬,クボタヨロズ
円以上,エンイジョウ
いま新宿,イマシンジュク
℃1945年,シーセンキュウヒャクヨンジュウゴネン
日ぶり,ニチブリ
快適すぎ,カイテキスギ
二人,ニニン
初号ブラックニッカ,ショゴウブラックニッカ
ヶ月分,カゲツブン
結婚それ,ケッコンソレ
ブランド物,ブランドブツ
マッカランアンバー,マッカランアンバー
小型飛行機,コガタヒコウキ
場合顔,バアイガオ
婚活イベント,コンカツイベント
使用不可,シヨウフカ
具現化,グゲンカ
取材先,シュザイサキ
三鷹,サンタカ
シルフィン,シルフィン
膣少年,チツショウネン
モテまくり,モテマクリ
ウンコしながら,ウンコシナガラ
フレッシュグッデイ,フレッシュグッデイ
山形出身アラサー,ヤマガタシュッシンアラサー
マッカランルビー,マッカランルビー
アラサーOL,アラサーオーエル
心霊体験,シンレイタイケン
嫌すぎ,イヤスギ
個人的,コジンテキ
３作,サンサク
転職先,テンショクサキ
写メお願い,シャメオネガイ
鬼すぎ,オニスギ
光ぼく,ヒカリボク
人生楽,ジンセイラク
25時過ぎ,ニジュウゴジスギ
最近ウンコ,サイキンウンコ
回フラ,カイフラ
シースー屋,シースーヤ
正月休み,ショウガツヤスミ
億円,オクエン
既婚者,キコンシャ
何人,ナンニン
分どん兵衛,フンドンベイ
とき俺,トキオレ
ブラックニッカリッチ,ブラックニッカリッチ
今日ウンコ,キョウウンコ
マジ顔,マジガオ
１０,イチゼロ
チンゲン,チンゲン
新浪社長,シナシャチョウ
ウイスキー用,ウイスキーヨウ
移行期間,イコウキカン
馬鹿さ,バカサ
モーニンエブリワン,モーニンエブリワン
数秒,スウビョウ
難しすぎ,ナンシスギ
アルファツイッタラー,アルファツイッタラー
１時間,イチジカン
誠心誠意,セイシンセイイ
レコード屋,レコードヤ
マイホーム購入,マイホームコウニュウ
仕事マジで,シゴトマジデ
多羅尾伴内楽,タラオバンナイラク
坂高校,ザカコウコウ
新余市NA,シンヨシエヌエー
2日目,フツカメ
甘酢生姜,アマズショウガ
トップ記事,トップキジ
今度酒,コンドサケ
マジ大好き,マジダイスキ
オタク向けアニメ,オタクムケアニメ
リッチブレンド,リッチブレンド
延長上,エンチョウジョウ
マイタウン,マイタウン
万枚,マンマイ
仕事関係,シゴトカンケイ
二度,ニド
メンヘラ誤字,メンヘラゴジ
クジラックス先生,クジラックスセンセイ
ブラックニッカディープ,ブラックニッカディープ
格安ツアー,カクヤスツアー
一気,イチキ
楽團,ラクダン
由比ヶ浜結衣ちゃん,ユイガハマユイチャン
万字,マンジ
朝風呂最高,アサブロサイコウ
人人人人,ヒトビトヒトビト
東海相模,トウカイサガミ
牛すじ煮込み,ギュウスジニコミ
京浜東北線,ケイヒントウホクセン
車庫跨線橋,シャココセンキョウ
編集盤,ヘンシュウバン
自称ミュージシャン,ジショウミュージシャン
たち金,タチキン
谷間写メ,タニマシャメ
来店動機,ライテンドウキ
ユーザ名,ユーザメイ
得らーめん,トクラーメン
ラオウシン,ラオウシン
カバーバージョン,カバーバージョン
なに？？？,ナニンンン
オタク風,オタクフウ
らみたい,ラミタイ
岩井トラ,イワイトラ
うめえな,ウメエナ
定時甘えるな,テイジアマエルナ
初代北斗,ショダイホクト
精算前,セイサンマエ
人気コスプレイヤー,ニンキコスプレイヤー
ラーメンデータベース,ラーメンデータベース
ワイワイワイワイ,ワイワイワイワイ
写メうｐ,シャメウプ
唾液だらけ,ダエキダラケ
ちくしょう転職,チクショウテンショク
くら寿司きた,クラズシキタ
お前何,オマエナニ
３ヶ月,サンカゲツ
いまウンコ,イマウンコ
定時大成功,テイジダイセイコウ
卒業後,ソツギョウゴ
味玉,アジダマ
家で酒,イエデシュ
伯父さん,オジサン
お前暇,オマエヒマ
ないんだけど…,ナインダケド
二葉,ニヨウ
美味えな,ビミエナ
寒すぎ,カンスギ
ネット中継,ネットチュウケイ
