ブログ更新,ブログコウシン
SBR3,エスビーアールスリー
オススメ機能,オススメキノウ
CESレポート,セスレポート
曲ビルボード,キョクビルボード
万曲,マンキョク
TechCrunchJapan,テッククランチジャパン
日間無料,ニチカンムリョウ
トレンドレポート,トレンドレポート
万円,マンエン
コンテンツ戦略,コンテンツセンリャク
Netflix視聴,ネットフリックスシチョウ
経験者,ケイケンシャ
一弾,イチダン
ヶ月後,カゲツゴ
SXSW日本版,サウスバイサウスウェストニホンバン
ビットコインビジネス,ビットコインビジネス
円保証,エンホショウ
日本モノ,ニッポンモノ
オリジナルコンテンツ,オリジナルコンテンツ
中谷和世,ナカタニカズヨ
創業物語,ソウギョウモノガタリ
Oculus Rift体験,オキュラスリフトタイケン
Japanvia,ジャパンビア
１ヶ月,イチカゲツ
億円,オクエン
テクノロジートレンド,テクノロジートレンド
和世さん,カズヨサン
ツイッター創業,ツイッターソウギョウ
極秘レポート,ゴクヒレポート
日本版The,ニホンバンザ
良記事,リョウキジ
六本木ライブラリー,ロッポンギライブラリー
社外秘レポート,シャガイヒレポート
テザリング必須,テザリングヒッス
クラウドファンディングキャンペーン,クラウドファンディングキャンペーン
Railsセミナー,レイルズセミナー
半角スペース,ハンカクスペース
落ちこぼれ解消,オチコボレカイショウ
登場回数,トウジョウカイスウ
外見至上主義,ガイケンシジョウシュギ
家庭用,カテイヨウ
ライブ以上,ライブイジョウ
ビジネス関係者,ビジネスカンケイシャ
BlackBerryユーザー,ブラックベリーユーザー
asan,アズアン
周年記念,シュウネンキネン
米長さん,ヨネナガサン
firstplug,ファーストプラグ
ダウンロードGET,ダウンロードゲット
iPhone5s,アイフォンゴエス
感じの,カンジノ
financeguy,ファイナンスガイ
世界最大,セカイサイダイ
Ageand,アージュアンド
ソフトバンク限定,ソフトバンクゲンテイ
レコメンドエンジン,レコメンドエンジン
imageled,イマージュエルイーディー
最新動向,サイシンドウコウ
WIRED.jp,ワイアードドットジェイピー
日テレ以外,ニッテレイガイ
競争率高,キョウソウリツダカ
ラップトップPC,ラップトップピーシー
映像配信サービス,エイゾウハイシンサービス
スペシャルトーク,スペシャルトーク
onearth,オンアース
貸し切り状態,カシキリジョウタイ
ビジネスジャーナルvia,ビジネスジャーナルビア
カエル型,カエルガタ
参加者みんな,サンカシャミンナ
Google Play MusicJapan,グーグルプレイミュージックジャパン
さん著,サンチョ
販売競争,ハンバイキョウソウ
ガッツリRuby on Rails,ガッツリルビーオンレイルズ
Brightcove,ブライトコーヴ
サービス終了,サービスシュウリョウ
年前,ネンマエ
巨大広告,キョダイコウコク
スパルタコース,スパルタコース
Mountainte,マウンテンテ
アジャイルサムライ,アジャイルサムライ
今日も一日がんばりましょう,キョウモイチニチガンバリマショウ
巨大ビルボード,キョダイビルボード
００,ゼロゼロ
グノシー上場,グノシージョウジョウ
isstream,アイエスストリーム
ビデオ通話,ビデオツウワ
2日連続,フツカレンゾク
RT購買,アールティーコウバイ
アドテック東京,アドテックトウキョウ
電流通,デンリュウドオリ
宣伝広告,センデンコウコク
本格参入,ホンカクサンニュウ
小林雅一,コバヤシマサイチ
系ツール,ケイツール
雅一さん,マサイチサン
アメリカ新聞業界,アメリカシンブンギョウカイ
時代逆戻り,ジダイギャクモドリ
既存メディア,キソンメディア
oldApple,オールドアップル
先日参加,センジツサンカ
ニューヨークタイ,ニューヨークタイ
年後,ネンゴ
AI技術,アイギジュツ
3DFood,スリーディーフード
RTAT&T,アールティーエイティーアンドティー
記事中,キジチュウ
宿題こなし,シュクダイコナシ
Rubyトレーニング,ルビートレーニング
億ドル,オクドル
無料ダウンロード,ムリョウダウンロード
通話料月,ツウワリョウツキ
世帯普及率推移,セタイフキュウリツスイイ
株価操作,カブカソウサ
年ぶり,ネンブリ
これはいいキャンペーン,コレハイイキャンペーン
絶対音感テスト,ゼッタイオンカンテスト
スタートアップリスト,スタートアップリスト
デジタル時代,デジタルジダイ
プリズマティック,プリズマティック
I/O参加,アイオーサンカ
米家電,ベイカデン
超過速度,チョウカソクド
firstsaid,ファーストサイード
加藤さん,カトウサン
CEOサティア・ナデラ,シーイーオーサティアナデラ
米ラジオシャック,ベイラジオシャック
スライド一式,スライドイッシキ
サービス実現,サービスジツゲン
iPhone6発売,アイフォーンシックスハツバイ
指数関数的,シスウカンスウテキ
家電量販,カデンリョウハン
入手リポート,ニュウシュリポート
ディレクＴＶ買収,ディレクティーブイバイシュウ
開催レポート,カイサイレポート
RTApple Music,アールティーアップルミュージック
ハイテク理解,ハイテクリカイ
人工知能テクノロジー,ジンコウチノウテクノロジー
便利そう,ベンリソウ
月々サポート,ツキヅキサポート
o’swho,オズフー
withGoogle Play,ウィズグーグルプレイ
年がかり,ネンガカリ
トレーニング３,トレーニングサン
軽量化,ケイリョウカ
Twitter系,ツイッターケイ
ヘリコプタードローン,ヘリコプタードローン
音楽ビジネス,オンガクビジネス
マガジン機能,マガジンキノウ
TVタイアップ,テレビタイアップ
ドライクリーニング機,ドライクリーニングキ
刺激的,シゲキテキ
ソーシャルブック,ソーシャルブック
新規加入,シンキカニュウ
デジタルシフト,デジタルシフト
AIロボット,アイロボット
SXSW出展,サウスバイサウスウェストシュッテン
ヘッドフォンジャック,ヘッドフォンジャック
Applecomputer,アップルコンピューター
isabout,イズアバウト
Ruby on Railsスパルタ,ルビーオンレイルズスパルタ
SXSWレポート,サウスバイサウスウェストレポート
alife,アールライフ
Tech勉強会,テックベンキョウカイ
アドタイ,アドタイ
魅力的,ミリョクテキ
普遍サービス,フヘンサービス
あやぶろ,アヤブロ
広告売上,コウコクウリアゲ
グループビデオ,グループビデオ
3日間,ミッカカン
さ具合,サグアイ
RT月商,アールティーゲッショウ
新規受付,シンキウケツケ
関係者注目,カンケイシャチュウモク
米ＡＴ＆Ｔ,ベイエイティーアンドティー
誰か先,ダレカサキ
発売時,ハツバイジ
８年,ハチネン
者達,シャタチ
HardwareParty,ハードウェアパーティー
毎週末,マイシュウマツ
血液検査チップ,ケツエキケンサチップ
用ACアダプター,ヨウエーシーアダプター
SlowCarousel,スロウカルーセル
日本上陸,ニッポンジョウリク
時代到来,ジダイトウライ
1950年以下,センキュウヒャクゴジュウネンイカ
ベンチャー関係者,ベンチャーカンケイシャ
SXSWHardware,サウスバイサウスウェストハードウェア
最先端テクノロジー,サイセンタンテクノロジー
専用プラットフォーム,センヨウプラットフォーム
高そう,ダカソウ
ドローン訓練,ドローンクンレン
3Dプリンター制作,スリーディープリンターセイサク
グノシーCM,グノシーシーエム
いくら寄付,イクラキフ
買収検討,バイシュウケントウ
本目,ホンメ
RT人間,アールティーニンゲン
メガヒットアプリ,メガヒットアプリ
RT人工知能,アールティージンコウチノウ
一番興奮,イチバンコウフン
海外ニュース,カイガイニュース
研究者,ケンキュウシャ
コラボ中,コラボチュウ
R3これ,アールスリーコレ
動画カンファレンス,ドウガカンファレンス
AI開発,アイカイハツ
浸透率,シントウリツ
2015年テック,ニセンジュウゴネンテック
今日発表,キョウハッピョウ
魅力半減,ミリョクハンゲン
登場ビルボード,トウジョウビルボード
twitter4b,ツイッターヨンビー
快適すぎ,カイテキスギ
アカウント名,アカウントメイ
tomore,トゥモア
IoT時代,アイオーティージダイ
日経アマゾン,ニッケイアマゾン
量販チェーン,リョウハンチェーン
受託開発,ジュタクカイハツ
thegolden,ザゴールデン
千万,センマン
洋モノ,ヨウモノ
用ドライクリーニング,ヨウドライクリーニング
testing,テスティング
AwesomeTwitter,オウサムツイッター
量増加,リョウゾウカ
米最大,ベイサイダイ
オフィスNomad,オフィスノマド
byTeam B,ビーワイチームビー
んじゃー,ンジャー
daysパス,デイズパス
stingis,スティングイズ
購買行動,コウバイコウドウ
レポート2014年,レポートニセンジュウヨネン
Thecaravan,ザキャラバン
thanksfor,サンクスフォー
西麻布コワーキング,ニシアザブコワーキング
Netflixwill,ネットフリックスウィル
ネット接続,ネットセツゾク
今年秋,コトシアキ
旅行中,リョコウチュウ
%以上,パーセントイジョウ
千ジャック,センジャック
guyin,ガイイン
bloodto,ブラッドトゥ
aninterface,アンインターフェイス
2014年3月,ニセンジュウヨネンサンガツ
ブックリーディング,ブックリーディング
ストリーミングスピード,ストリーミングスピード
需要供給,ジュヨウキョウキュウ
theSlow,ザスロウ
CFOhas,シーエフオーハス
こなし中,コナシチュウ
公式応援,コウシキオウエン
2014年版,ニセンジュウヨネンバン
年明け出勤,トシアケシュッキン
トレンドまとめ,トレンドマトメ
コメントー,コメントー
toavoid,トゥアヴォイド
受付停止,ウケツケテイシ
RTFacebookアカウント,アールティーフェイスブックアカウント
ラジオ体操放送,ラジオタイソウホウソウ
3Dプリンター４つ,スリーディープリンターヨッツ
週末明け,シュウマツアケ
主幹事証券会社,シュカンジショウケンガイシャ
ブログ書き初め,ブログカキゾメ
ハッピーエイプリルフール,ハッピーエイプリルフール
メール購読,メールコウドク
競合サービス,キョウゴウサービス
whyon,ホワイオン
Ruby on Rails漬け,ルビーオンレイルズヅケ
毎年恒例,マイトシコウレイ
米家電流,ヨネヤデンリュウ
Google Play Music巨大,グーグルプレイミュージックキョダイ
バランス的,バランステキ
GoogleDoodle,グーグルドゥードゥル
上陸決定,ジョウリクケッテイ
レコメン機能,レコメンキノウ
時アンケート,ジアンケート
分析手法,ブンセキシュホウ
撮影用,サツエイヨウ
人工知能系,ジンコウチノウケイ
用フィラメント,ヨウフィラメント
連続更新,レンゾクコウシン
まま出力,ママシュツリョク
トークセッション,トークセッション
山梨県警導入,ヤマナシケンケイドウニュウ
FBグループ,エフビーグループ
将棋コンピュータ,ショウギコンピュータ
昨日発売,キノウハツバイ
勉強会Little,ベンキョウカイリトル
wwwラジオ体操,スリーダブリューラジオタイソウ
ケーブルテレビ大手,ケーブルテレビオオテ
コワーキングオフィス,コワーキングオフィス
Appleコンピューター,アップルコンピューター
加入者,カニュウシャ
訓練中,クンレンチュウ
買収案件,バイシュウアンケン
incharge,インチャージ
3Dプリンター用,スリーディープリンターヨウ
あやとりブログ,アヤトリブログ
衝撃的,ショウゲキテキ
ブラックベリーサービス,ブラックベリーサービス
サイトリニューアル,サイトリニューアル
デジタルマーケティングシンポジウム,デジタルマーケティングシンポジウム
グロースハック,グロースハック
時間前,ジカンマエ
２位,ニイ
Twitter社,ツイッターシャ
ledto,エルイーディートゥ
０８,ゼロハチ
動画ビジネス,ドウガビジネス
輸血ドナー,ユケツドナー
渋谷スペイン坂,シブヤスペインザカ
サバイブ中,サバイブチュウ
出てきは,ダシテキハ
０７,ゼロナナ
カルフォルニア本社,カルフォルニアホンシャ
CM大量,シーエムタイリョウ
境さん,サカイサン
andAI,アンドアイ
万人,マンニン
RT野村証券,アールティーノムラショウケン
最強Twitter,サイキョウツイッター
NTTドコモvia,エヌティティドコモビア
Spotlightwith,スポットライトウィズ
３日,サンニチ
オリバーストーン監督,オリバーストーンカントク
小室哲哉さん,コムロテツヤサン
コンプＵＳＡ,コンプユーエスエー
ビルボード登場,ビルボードトウジョウ
関係筋,カンケイスジ
バケーション後,バケーションゴ
動向レポート,ドウコウレポート
arehalf,アレハーフ
sbr3,エスビーアールスリー
SXSWバケーション,サウスバイサウスウェストバケーション
以上急騰,イジョウキュウトウ
倫理感,リンリカン
供給バランス,キョウキュウバランス
ラジオシャック店舗,ラジオシャックテンポ
RTホリエモン,アールティーホリエモン
データ量,データリョウ
ゲーム分析,ゲームブンセキ
MNPキャッシュバック,エムエヌピーキャッシュバック
事前宿題,ジゼンシュクダイ
ata,エーティーアール
thefinance,ザファイナンス
２０,ニゼロ
ホントそう,ホントソウ
億かー,オクカー
速度的,ソクドテキ
Twitter4B,ツイッターヨンビー
自社ストリーミング,ジシャストリーミング
系スタートアップ,ケイスタートアップ
Musicライフ,ミュージックライフ
designyou,デザインユウ
日目,ニチメ
Gizmode,ギズモディーイー
加入時,カニュウジ
本質的,ホンシツテキ
参加よろしくお願いします,サンカヨロシクオネガイシマス
体制固め,タイセイガタメ
重要性,ジュウヨウセイ
.jpvia,ドットジェイピービア
クラウドソーシング採用,クラウドソーシングサイヨウ
1つ1つ,ヒトツヒトツ
通２,ドオリニ
事業成長,ジギョウセイチョウ
名刺アプリ,メイシアプリ
事業撤退ニュース,ジギョウテッタイニュース
ワンコ撮影,ワンコサツエイ
Twitterイベント,ツイッターイベント
RTドコモ,アールティードコモ
落ちこぼれ気味,オチコボレギミ
すぎるぅ,スギルゥ
テレビ関係者,テレビカンケイシャ
冷蔵庫以外,レイゾウコイガイ
ソフバンユーザー,ソフバンユーザー
女王Mary,ジョオウメアリ
出勤初日,シュッキンショニチ
streaming,ストリームアイエヌジー
PC用,ピーシーヨウ
毎回気持ち,マイカイキモチ
店舗網,テンポモウ
前かー,マエカー
自分流,ジブンリュウ
人工AI,ジンコウアイ
genderis,ジェンダーイズ
Netflixcrea,ネットフリックスクレア
R3将棋,アールスリーショウギ
MVNOみおふぉん,エムブイエヌオーミオフォン
屋外広告作りました,オクガイコウコクツクリマシタ
一歩,イチホ
2005年以降,ニセンゴネンイコウ
７年,ナナネン
Adobeデジタルマーケティング,アドビデジタルマーケティング
created,クレアテド
8日間,ヨウカカン
主要耐久消費財,シュヨウタイキュウショウヒザイ
AIas,アイアズ
理解度,リカイド
末ガッツリ,マツガッツリ
１階,イチカイ
andgender,アンドジェンダー
