人会,ジンカイ
政策学校,セイサクガッコウ
日本政策,ニッポンセイサク
NHKニュース,エヌエイチケイニュース
ブログ更新,ブログコウシン
一人,イチニン
themayor,ザメーヤー
一日,イチニチ
ししさん,シシサン
asthe,アズザ
一時間,イチジカン
atニューピア竹芝ノースタワー,エーティーニューピアタケシバノースタワー
浦安市中央,ウラヤスシチュウオウ
itout,アイティーアウト
中央武道館,チュウオウブドウカン
at高田馬場駅,エーティータカダノババエキ
kmrun,キロメートルラン
香川県人,カガワケンジン
ヘアメイク,ヘアメイク
at浦安市,エーティーウラヤスシ
@youtube,アットユウチューブ
さそう,サソウ
シャンパンコール,シャンパンコール
at歌舞伎町,エーティーカブキチョウ
政治家,セイジカ
お客さん,オキャクサン
１１,イチイチ
愛ゆえ,アイユエ
ゆりちゃん,ユリチャン
外苑前駅,ガイエンマエエキ
控訴断念,コウソダンネン
あははw,アハハワット
RT大平さん,アールティーオオヒラサン
いいね！RT,イイネアールティー
締日,シメビ
自宅花火,ジタクハナビ
RTあれ,アールティーアレ
at六本木駅,エーティーロッポンギエキ
島根県人,シマネケンジン
高田馬場店,タカダノババテン
二人,ニニン
浜松町,ハママツマチ
相談会,ソウダンカイ
atアルタ前,エーティーアルタマエ
via@you,ビアアットユウ
タービュランス空気清浄機,タービュランスクウキセイジョウキ
断念要請,ダンネンヨウセイ
at渋谷駅,エーティーシブヤエキ
tubeさん,チューブサン
runwith,ランウィズ
れいちゃん,レイチャン
裁判勝訴,サイバンショウソ
協力依頼,キョウリョクイライ
at新宿駅,エーティーシンジュクエキ
RT日本,アールティーニッポン
２日,ニニチ
勝訴判決,ショウソハンケツ
プレシャスOrient,プレシャスオリエント
kmbike,キロメートルバイク
生活保護裁判,セイカツホゴサイバン
ホームレス生活保護,ホームレスセイカツホゴ
最終日,サイシュウビ
万円,マンエン
ちゃんおは,チャンオハ
新宿区ホームレス,シンジュククホームレス
Oriental,オリエントアル
メイクさん,メイクサン
RT今日,アールティーキョウ
七夕訴訟,タナバタソショウ
atJR,アットジェイアール
白兵衛,ハクヒョウエ
なにそれ,ナニソレ
午前中,ゴゼンチュウ
新宿七夕,シンジュクタナバタ
ちょww,チョワット
alPrecious,アルプレシャス
時台,ジダイ
有楽町店,ユウラクチョウテン
RT俺,アールティーオレ
at浦安駅,エーティーウラヤスエキ
ディズニー携帯,ディズニーケイタイ
at品川駅,エーティーシナガワエキ
グラビア撮影,グラビアサツエイ
atオリエンタル,エーティーオリエンタル
さん,サン
浦安店,ウラヤステン
山手線,ヤマテセン
がんばれー,ガンバレー
三重県人,ミエケンジン
２７,ニナナ
時間半,ジカンハン
８時,ハチジ
RTRT,アールティーアールティー
まろんちゃん,マロンチャン
総合相談,ソウゴウソウダン
at新宿ゴールデン街,エーティーシンジュクゴールデンガイ
at東京メトロ,エーティートウキョウメトロ
明日朝,アシタアサ
一回,イチカイ
朝ラン,アサラン
東京香川県,トウキョウカガワケン
店w/,テンダブリュースラッシュ
ぴよさま,ピヨサマ
犬みたい,イヌミタイ
at歌舞伎町一番街,エーティーカブキチョウイチバンガイ
レイちゃん,レイチャン
二日,ニニチ
配信中,ハイシンチュウ
時頃,ジゴロ
どもども,ドモドモ
時以降,ジイコウ
線外苑前,センガイエンマエ
at有楽町電気ビルヂング,エーティーユウラクチョウデンキビルヂング
一個,イチコ
１９,イチキュウ
社会保障制度,シャカイホショウセイド
氏講義,シコウギ
二時間,ニジカン
鳥取県人,トットリケンジン
コマ劇場,コマゲキジョウ
ホストちゃん,ホストチャン
ワタクシ,ワタクシ
銀座線,ギンザセン
企業人,キギョウジン
私服デー,シフクデー
年下女性,トシシタジョセイ
あざまーす,アザマース
セット料金,セットリョウキン
at青山,エーティーアオヤマ
食ササミ,ショクササミ
ライブ配信,ライブハイシン
美人上司,ビジンジョウシ
南相馬市長,ミナミソウマシチョウ
ナンバーホスト,ナンバーホスト
９人,キュウニン
atナチュラルローソン,エーティーナチュラルローソン
福島県人,フクシマケンジン
東京鯖江,トウキョウサバエ
at外苑前,エーティーガイエンマエ
RT私,アールティーワタシ
東京メトロ銀座,トウキョウメトロギンザ
２２,ニニ
at日本大通り駅,エーティーニホンオオドオリエキ
RTブログ,アールティーブログ
東京島根県,トウキョウシマネケン
RocketNews,ロケットニュース
分飲み放題,フンノミホウダイ
今度一緒,コンドイッショ
２０,ニゼロ
７５,ナナゴ
マイナビ転職,マイナビテンショク
うどん県人,ウドンケンジン
プロフ写真,プロフシャシン
ヒトカラオール,ヒトカラオール
一本,イチホン
野中広務氏,ノナカヒロムシ
RTイカ,アールティーイカ
RTお兄ちゃん,アールティーオニイチャン
橋下,ハシカ
電車遅延,デンシャチエン
at恵比寿駅,エーティーエビスエキ
大平さん,オオヒラサン
ビジネス交流,ビジネスコウリュウ
一年,イチネン
金正日総書記,キムジョンイルソウショキ
シルバースーツ,シルバースーツ
日目,ニチメ
企業半数,キギョウハンスウ
９時,キュウジ
何日,ナンニチ
一ヶ月,イチカゲツ
日本酒,ニッポンシュ
黒シャツ,クロシャツ
条件達成,ジョウケンタッセイ
妹たち,イモウトタチ
まま会社,ママカイシャ
衝撃的,ショウゲキテキ
三人,サンニン
来店お待ち,ライテンオマチ
二週間,ニシュウカン
at麻布警察署,エーティーアザブケイサツショ
イカソーメン,イカソーメン
ムリムリ,ムリムリ
RT何,アールティーナニ
RTそれ,アールティーソレ
明日明後日,アシタミョウゴニチ
ちかちゃん,チカチャン
弁護士さん,ベンゴシサン
茅場町,カヤバマチ
初回料金,ショカイリョウキン
半数以下,ハンスウイカ
ホス日記,ホスニッキ
浦安市運動公園,ウラヤスシウンドウコウエン
RT本日,アールティーホンジツ
もえかちゃん,モエカチャン
１０,イチゼロ
歌舞伎町就活,カブキチョウシュウカツ
つかれさまー,ツカレサマー
人気者,ニンキシャ
歌舞伎町on,カブキチョウオン
就活日記,シュウカツニッキ
ドラクエ展,ドラクエテン
atポケモンセンター,エーティーポケモンセンター
五分,ゴフン
咳止め,セキトメ
１２,イチニ
海岸1-2-3,カイガンワンツースリー
at東京駅,エーティートウキョウエキ
女性美人,ジョセイビジン
だいじょうび,ダイジョウビ
私自身,ワタシジシン
年齢層,ネンレイソウ
鯖江会,サバエカイ
石破さん,イシバサン
朝二,アサニ
西友浦安,セイユウウラヤス
分頃,フンゴロ
兵衛on,ヒョウエオン
シティ店,シティテン
東京三重県,トウキョウミエケン
at銀座,エーティーギンザ
at浜松町駅,エーティーハママツチョウエキ
５０,ゴゼロ
小沢氏,オザワシ
所有物,ショユウブツ
wRT,ワットアールティー
二回,ニカイ
５歳,ゴサイ
学校曜日,ガッコウヨウビ
新宿三丁目,シンジュクサンチョウメ
主導権,シュドウケン
青山一丁目,アオヤマイッチョウメ
at永田町駅,エーティーナガタチョウエキ
at餃子,エーティーギョウザ
店本館,テンホンカン
北青山,キタアオヤマ
カフェ田町,カフェタマチ
本返し,ホンガエシ
携帯購入,ケイタイコウニュウ
戦争体験,センソウタイケン
自主ゼミ,ジシュゼミ
三食,サンショク
橋本大二郎氏,ハシモトダイジロウシ
笑RT,エミアールティー
月始,ツキハジメ
５６,ゴロク
myfoursquare,マイフォースクエア
閲覧注意,エツランチュウイ
走行禁止,ソウコウキンシ
一気,イチキ
チャリティーコンサート,チャリティーコンサート
子供天国,コドモテンゴク
アリマス,アリマス
トゥギャッターまとめ,トゥギャッターマトメ
３時間,サンジカン
花粉用,カフンヨウ
２倍,ニバイ
髪染め,カミゾメ
仕事中,シゴトチュウ
カラオケの鉄人高田馬場,カラオケノテツジンタカダノババ
月末月,ゲツマツツキ
市長桜井勝延,シチョウサクライカツノブ
atIKEA,エーティーイケア
二審,ニシン
河村たかし名古屋市長,カワムラタカシナゴヤシチョウ
％減,パーセントゲン
youfor,ユウフォー
それw,ソレワット
新宿東口店,シンジュクヒガシグチテン
そっちかー,ソッチカー
iPhone３,アイフォンサン
高すぎ,ダカスギ
本屋さん,ホンヤサン
おしのびくん,オシノビクン
今度覗き,コンドノゾキ
浦安かま,ウラヤスカマ
出勤時間,シュッキンジカン
タフ友,タフトモ
outmy,アウトマイ
気付き,キツキ
最大震度,サイダイシンド
１人,イチニン
今日おいで,キョウオイデ
．３,．サン
昭和世代,ショウワセダイ
基本的,キホンテキ
女性脳,ジョセイノウ
ラーメン大盛り,ラーメンオオモリ
iOS５,アイオーエスゴ
日本気象,ニッポンキショウ
今日一,キョウイチ
何時,ナンジ
at舞浜駅,エーティーマイハマエキ
後頭部出血,コウトウブシュッケツ
安全対策,アンゼンタイサク
利用分析,リヨウブンセキ
ラーメン六,ラーメンロク
東京長崎県,トウキョウナガサキケン
ファファファ,ファファファ
ホスト編,ホストヘン
んだい,ンダイ
ライバル視,ライバルシ
ITmediaニュース,アイティーメディアニュース
東京鳥取県,トウキョウトットリケン
長野県人,ナガノケンジン
龍馬ヘアー,リョウマヘアー
相方さん,アイカタサン
群馬県人,グンマケンジン
王子様,オウジサマ
チャムい,チャムイ
at弁護士会,アットベンゴシカイ
風来居,フウクリイ
％増,パーセントゾウ
at新大久保駅,エーティーシンオオクボエキ
携帯番号,ケイタイバンゴウ
面白すぎ,オモシロスギ
Cafeaya,カフェアヤ
宇都宮先生,ウツノミヤセンセイ
右上,ミギジョウ
風邪悪化,カゼアッカ
atドコモショップ,エーティードコモショップ
風うどん,フウウドン
一丁目駅,イッチョウメエキ
japanさん,ジャパンサン
販売開始,ハンバイカイシ
ワールドシティ,ワールドシティ
回講義,カイコウギ
at浦安警察署,エーティーウラヤスケイサツショ
下氏,カシ
涙RT,ナミダアールティー
３０,サンゼロ
顔出そうかな,カオダシソウカナ
話w,ハナシワット
参加お願い,サンカオネガイ
samorin,サモールイン
開成経営者,カイセイケイエイシャ
RTゆえ,アールティーユエ
１．,イチ．
三倍,サンバイ
RTゆり,アールティーユリ
昼職,ヒルショク
IKEA船橋,イケアフナバシ
京葉線,ケイヨウセン
妹分,イモウトブン
ほうれん草カレー,ホウレンソウカレー
受賞候補,ジュショウコウホ
techcrunchさん,テッククランチサン
綾シリーズ,アヤシリーズ
つけめん三,ツケメンサン
ししどん,シシドン
ビックカメラ有楽町,ビックカメラユウラクチョウ
卒論プロジェクト,ソツロンプロジェクト
運動公園屋内プール,ウンドウコウエンオクナイプール
学校講義,ガッコウコウギ
腹筋強化,フッキンキョウカ
ハーフ鏡月,ハーフキョウゲツ
それ以上,ソレイジョウ
RT右,アールティーミギ
ヒルズクラブ,ヒルズクラブ
すぎw,スギワット
エクセルシオールカフェ,エクセルシオールカフェ
今度一緒に,コンドイッショニ
餃子王国,ギョウザオウコク
RT自信,アールティージシン
ディズニー好き,ディズニースキ
おばしゃん,オバシャン
今日は頭,キョウハトウ
対策策定,タイサクサクテイ
二名,ニメイ
ハラヘタ,ハラヘタ
桜井勝延氏,サクライカツノブシ
房総半島一周,ボウソウハントウイッシュウ
東京商工会議所,トウキョウショウコウカイギショ
atカラオケの鉄人,エーティーカラオケノテツジン
謙虚さ,ケンキョサ
うたさん,ウタサン
芝支店,シバシテン
元旦の,ガンタンノ
チャングンソクさん,チャングンソクサン
岐阜県人,ギフケンジン
出て仕事,ダシテシゴト
最近チェック,サイキンチェック
そかー,ソカー
ハンドクリーム会社,ハンドクリームカイシャ
予約制,ヨヤクセイ
atCafe,エーティーカフェ
田町東口,タマチヒガシグチ
あるあるw,アルアルワット
朝日新聞さん,アサヒシンブンサン
交流会,コウリュウカイ
セット美容室,セットビヨウシツ
鈴木さん,スズキサン
方ホスト,カタホスト
一週間違い,イッシュウカンチガイ
３３,サンサン
たこパー,タコパー
歩道走行,ホドウソウコウ
三時半,サンジハン
０．,ゼロ．
透明感,トウメイカン
RT一,アールティーイチ
ありあとー,アリアトー
エネルギー政策研究所,エネルギーセイサクケンキュウジョ
人以上,ニンイジョウ
三代目,サンダイメ
みずほ銀行芝,ミズホギンコウシバ
RT控訴,アールティーコウソ
ベーシックインカム実現,ベーシックインカムジツゲン
やかんジェントル,ヤカンジェントル
お仕事がん,オシゴトガン
弁当作成,ベントウサクセイ
そうw,ソウワット
平積み中,ヒラヅミチュウ
青山二丁目,アオヤマニチョウメ
新大久保イケメン,シンオオクボイケメン
jptechcrunch,ジェイピーテッククランチ
ディズニー花火,ディズニーハナビ
億ドル,オクドル
天王洲店,テンノウズテン
イケメンパラダイス,イケメンパラダイス
院内集会,インナイシュウカイ
くらげせん,クラゲセン
弁護士会館,ベンゴシカイカン
１日,イチニチ
数年,スウネン
権利者,ケンリシャ
一時,イチジ
RT新宿,アールティーシンジュク
at北千住駅,エーティーキタセンジュエキ
クリスマスシーズン,クリスマスシーズン
協力感謝,キョウリョクカンシャ
サンシャインシティアルパ,サンシャインシティアルパ
４年,ヨンネン
０１,ゼロイチ
愛する人たち,アイスルヒトタチ
１５,イチゴ
閉店時,ヘイテンジ
日生まれ,ニチウマレ
今週末,コンシュウマツ
注意呼びかけ,チュウイヨビカケ
花火鑑賞,ハナビカンショウ
金正恩氏,キムジョンウンシ
本目,ホンメ
最低料金,サイテイリョウキン
ポスターだらけ,ポスターダラケ
恒城,ツネジョウ
公開収録,コウカイシュウロク
学ラン,ガクラン
７時,ナナジ
発売日,ハツバイビ
強化動画,キョウカドウガ
クシw,クシワット
at日本経済大学,エーティーニホンケイザイダイガク
ほんとうにこの国,ホントウニコノクニ
８％,ハチパーセント
三丁目駅,サンチョウメエキ
柔道起業家,ジュウドウキギョウカ
鯖江出身,サバエシュッシン
あと二,アトニ
ひろたん,ヒロタン
作成完了,サクセイカンリョウ
オレンジ系,オレンジケイ
環境エネルギー政策,カンキョウエネルギーセイサク
三時間,サンジカン
二時半,ニジハン
ナンバー９,ナンバーキュウ
ですよ。RT,デスヨアールティー
２回,ニカイ
歳女性,サイジョセイ
んじゃなくて,ンジャナクテ
代目白,ダイメハク
そっかー,ソッカー
二丁目店,ニチョウメテン
億円,オクエン
完全予約,カンゼンヨヤク
お仕事お仕事,オシゴトオシゴト
八時,ハチジ
五時間,ゴジカン
RTこんばんは,アールティーコンバンハ
中性的,チュウセイテキ
兆円,チョウエン
はたのぼるさん,ハタノボルサン
サンデル教授,サンデルキョウジュ
ソーシャルメディア利用,ソーシャルメディアリヨウ
１７,イチナナ
．８,．ハチ
万人,マンニン
赤外線通信,セキガイセンツウシン
ナンバー上位,ナンバージョウイ
こちゃん,コチャン
チラシまき,チラシマキ
港南ワールド,コウナンワールド
今日明日,キョウアシタ
ストレス解消,ストレスカイショウ
救急車,キュウキュウシャ
熊本県人,クマモトケンジン
RT新鮮,アールティーシンセン
at吉祥寺駅,エーティーキチジョウジエキ
年ぶり,ネンブリ
電話０,デンワゼロ
１８,イチハチ
目標設定,モクヒョウセッテイ
好きすぎ,スキスギ
日本大通,ニッポンダイツウ
鳩山由紀夫元総理,ハトヤマユキオモトソウリ
at横浜ランドマークタワー,エーティーヨコハマランドマークタワー
誕生日一緒,タンジョウビイッショ
３％,サンパーセント
３GS,サンジーエス
atさいたまスーパーアリーナ,エーティーサイタマスーパーアリーナ
蕎麦風,ソバフウ
経験者,ケイケンシャ
ワンピース展,ワンピーステン
atみずほ銀行,アットミズホギンコウ
雨嫌,アメイヤ
女子力上,ジョシリョクジョウ
at西友,アットセイユウ
ヤバいわ！,ヤバイワ
交渉事,コウショウゴト
RT年下,アールティートシシタ
厳格運用,ゲンカクウンヨウ
千円,センエン
日連続,ニチレンゾク
爆笑w,バクショウワット
目的地,モクテキチ
F喫煙所,エフキツエンジョ
ラジオ波,ラジオハ
名様,メイサマ
長崎県人,ナガサキケンジン
人間的,ニンゲンテキ
幼女さん,ヨウジョサン
香袋,コウブクロ
RTこれ,アールティーコレ
示談書,ジダンショ
わからんw,ワカランワット
戦略目標,センリャクモクヒョウ
招待枠,ショウタイワク
東口店,ヒガシグチテン
人目,ニンメ
過去最多,カコサイタ
英語力,エイゴリョク
津崎さん,ツザキサン
木下さん,キノシタサン
六玉,ロクタマ
田中康夫議員,タナカヤスオギイン
at表参道駅,エーティーオモテサンドウエキ
at藤沢駅,エーティーフジサワエキ
ここ数,ココスウ
気象協会,キショウキョウカイ
引越祝い,ヒッコシイワイ
カツ丼カレー,カツドンカレー
マルエツ港南,マルエツコウナン
採用経緯,サイヨウケイイ
さくら水産天王洲,サクラスイサンテンノウズ
at報知新聞社,アットホウチシンブンシャ
在住者,ザイジュウシャ
RT冬のボーナス,アールティーフユノボーナス
おなかいっぱい,オナカイッパイ
まとめまとめ,マトメマトメ
一枚,イチマイ
iniPod,インアイポッド
年前,ネンマエ
週間ぶり,シュウカンブリ
二百,ニヒャク
２５,ニゴ
三時,サンジ
Xmasギフト,クリスマスギフト
百円,ヒャクエン
７０,ナナゼロ
射手座仲間,イテザナカマ
アルバイト募集中,アルバイトボシュウチュウ
ろろ,ロロ
農協巡り,ノウキョウメグリ
BARthe,ビーエイアールザ
メディア掲載,メディアケイサイ
銀座ブロッサム,ギンザブロッサム
胸筋,ムネスジ
らーめん白,ラーメンハク
ゆりさん,ユリサン
トマト麺,トマトメン
一例,イチレイ
銀座店,ギンザテン
気付きって,キツケキッテ
ナチュラルローソン北,ナチュラルローソンキタ
忠犬,チュウイヌ
