まゆまゆ,マユマユ
現在およそ,ゲンザイオヨソ
M106SH,エヌジーシーヨンセンニヒャクゴジュウハチエスエイチ
SBM106,エスビーエヌジーシーヨンセンニヒャクゴジュウハチ
wwwwww,スリーダブリュースリーダブリュー
愛してる愛してる,アイシテルアイシテル
mr1,メートルアールワン
マジ天使,マジテンシ
恋愛運,レンアイウン
健康運,ケンコウウン
金運,キムハコブ
ななちゃんマジ,ナナチャンマジ
仕事運,シゴトウン
統計ツイート,トウケイツイート
ポスト数,ポストスウ
うちRT,ウチアールティー
コカインマン,コカインマン
ちよたん,チヨタン
激怒激怒,ゲキドゲキド
人人人人,ヒトビトヒトビト
一日,イチニチ
お前ら,オマエラ
りむくん,リムクン
みらいみらい,ミライミライ
ブロック共有,ブロックキョウユウ
垢共有,アカキョウユウ
げきおこ,ゲキオコ
めろ,メロ
二桁,ニケタ
めめ,メメ
もいもいもいもい,モイモイモイモイ
FF外,エフエフガイ
二二,ニニ
サブ垢,サブアカ
リセマラ,リセマラ
残量,ザンリョウ
なでなでなでなで,ナデナデナデナデ
ptランキング,パーティシペーションランキング
文字ID,モジアイディー
上西由紀,カミニシユキ
バッテリー残,バッテリーザン
リリスたん,リリスタン
女ツイッタラー,オンナツイッタラー
WWWWWW,スリーダブリュースリーダブリュー
リム祭り,リムマツリ
男みらい,オトコミライ
たんリリス,タンリリス
女みらい,オンナミライ
四文字,ヨンモジ
つぶやきポイント,ツブヤキポイント
%ポイント,パーセントポイント
悪魔幼女,アクマヨウジョ
鍵垢,カギアカ
みらいさん,ミライサン
私以外,ワタシイガイ
エゴRT,エゴアールティー
リム通知,リムツウチ
一回,イチカイ
フォロー数,フォロースウ
p2a,ピーツーアール
人人人,ヒトビトジン
南無阿弥陀仏南無阿弥陀仏,ナムアミダブツナムアミダブツ
回目,カイメ
RTみらい,アールティーミライ
フォロー二,フォローニ
todayvia,トゥデイビア
isout,アイエスアウト
人全員,ヒトゼンイン
ネット恋愛誰,ネットレンアイダレ
相互厨,ソウゴクリヤ
あいりちゃ,アイリチャ
ぱすてるさん,パステルサン
ちんぽっぽ,チンポッポ
ツイート数,ツイートスウ
全員フォロー,ゼンインフォロー
ぽっぽちん,ポッポチン
充電状態,ジュウデンジョウタイ
中at,チュウエーティー
r1kさん,アールワンケイサン
リムら,リムラ
くらさい,クラサイ
touc,トゥアンコモン
フリー素材,フリーソザイ
モバツイto,モバツイトゥ
iTunesCard,アイチューンズカード
爆撃垢,バクゲキアカ
フォロバくら,フォロバクラ
ブロック解除,ブロックカイジョ
uch1,アンコモンエイチワン
ホウホホ,ホウホホ
アルファ気取り,アルファキドリ
キモすぎ,キモスギ
フレンド申請,フレンドシンセイ
フォローお願い,フォローオネガイ
フォロワー数,フォロワースウ
他者紹介,タシャショウカイ
これ以上,コレイジョウ
配信中,ハイシンチュウ
ココパコ,ココパコ
１１,イチイチ
垢消し,アカケシ
IntelTweet,インテルトゥィート
人RT,ヒトアールティー
るぅ隊長,ルゥタイチョウ
まつ屋,マツヤ
フォロワーさん,フォロワーサン
バイト先,バイトサキ
一人,イチニン
まゆさん,マユサン
こいつ誰,コイツダレ
影響力,エイキョウリョク
俺前,オレマエ
さそう,サソウ
二人,ニニン
こと好き,コトスキ
%充電,パーセントジュウデン
ブスツイッタラー,ブスツイッタラー
経血,ケイチ
さんお茶,サンオチャ
警察警察,ケイサツケイサツ
無理無理,ムリムリ
batterylevel,バッテリーレベル
ハーブさん,ハーブサン
震え声,フルエゴエ
夜狐,ヨルキツネ
放電中,ホウデンチュウ
フォロー整理,フォローセイリ
お前誰,オマエダレ
三文字,サンモジ
ペア画,ペアガ
何回,ナンカイ
女子力高い,ジョシリョクコウイ
どこすみ,ドコスミ
フォロー厳選,フォローゲンセン
垢相互,アカソウゴ
００,ゼロゼロ
何人,ナンニン
ファミチキうめ,ファミチキウメ
百合,ヒャクゴウ
由紀上西,ユキカミニシ
通話乞食,ツウワコジキ
ネット恋愛相手,ネットレンアイアイテ
それ俺,ソレオレ
セイレーンちゃん,セイレーンチャン
位ブス,イブス
足足,アシアシ
土曜日りむ,ドヨウビリム
まじすか,マジスカ
アイコン本人,アイコンホンニン
休憩中,キュウケイチュウ
なるぽんたさん,ナルポンタサン
さん(),サンカッコ
人リム,ヒトリム
オフパコ土曜日,オフパコドヨウビ
めうめ,メウメ
foriPhone,フォーアイフォン
nowplaying茅原実里,ナウプレインチハラミノリ
四桁,ヨンケタ
えっちえっち,エッチエッチ
顔晒し,カオサラシ
魔自発,マジハツ
柚歌,ユズカ
disる奴,ディスルヤツ
俺みたい,オレミタイ
充電中,ジュウデンチュウ
TheWorld,ザワールド
さきちゃん,サキチャン
規制垢,キセイアカ
垢フォロー,アカフォロー
何歳,ナンサイ
オフパコしょ,オフパコショ
一位,イチイ
相互希望,ソウゴキボウ
１０,イチゼロ
一番好き,イチバンスキ
フレンド登録,フレンドトウロク
ツイッタラー一覧,ツイッタラーイチラン
凍結解除,トウケツカイジョ
ブロ解除,ブロカイジョ
好き好き好き好き好き好き,スキスキスキスキスキスキ
フォロリム,フォロリム
botmaker,ビーオーティーメイカー
EssenceLite,エッセンスライト
二台,ニダイ
三桁,サンケタ
Twitterfor,ツイッターフォー
三文字ID,サンモンジアイディー
年前,ネンマエ
顔ID,カオアイディー
男ツイッタラー,オトコツイッタラー
僕女,ボクオンナ
こと嫌い,コトキライ
個通,コドオリ
愛液,アイエキ
片思われ,カタオモイワレ
フォロバ乞食,フォロバコジキ
一緒にmaimai,イッショニマイマイ
万ツイート,マンツイート
魔理沙ちゃん,マリサチャン
高すぎ,ダカスギ
相互フォロ,ソウゴフォロ
盛り盛り,ザカリザカリ
SmileEssence,スマイルエッセンス
うますぎ,ウマスギ
あずきもち,アズキモチ
女子力高,ジョシリョクダカ
万円,マンエン
ちんぽさん,チンポサン
何度,ナンド
９時,キュウジ
nowplayingELISA,ナウプレインイライザ
こいつら,コイツラ
ウザい,ウザイ
なんそれ,ナンソレ
ハゲろ,ハゲロ
２０,ニゼロ
ここここ,ココココ
nowplaying堀江由衣,ナウプレインホリエユイ
好きすぎ,スキスギ
ことdis,コトディーアイエス
ひろたん,ヒロタン
携帯料金,ケイタイリョウキン
wwww,スリーダブリューワット
わいすぎ,ワイスギ
なにそれ,ナニソレ
Android勢,アンドロイドゼイ
チャラい人,チャライジン
nowplaying栗林みな実,ナウプレインクリバヤシミナミ
梨汁,ナシジル
二度目,ニドメ
disツイッタラー,ディーアイエスツイッタラー
iTunesカード,アイチューンズカード
人フォロー,ニンフォロー
アルファツイッタラー,アルファツイッタラー
関係あん,カンケイアン
あいつ嫌い,アイツキライ
花氷さん,ハナゴオリサン
一度,イチド
フォロー三,フォローサン
あわたん,アワタン
Google Playミュージック,グーグルプレイミュージック
俺の,オレノ
リムる時,リムルジ
きゃわたんあわ,キャワタンアワ
奴全員,ヤッコゼンイン
これ誰,コレダレ
RTお願い,アールティーオネガイ
☆☆☆今日,ミツボシキョウ
らいん,ライン
声出して,コエダシテ
ゆゆ,ユユ
頭大丈夫,アタマダイジョウブ
()オフパコ,カッコオフパコ
一番上,イチバンジョウ
三人,サンニン
フォロバ基準,フォロバキジュン
まままま,ママママ
たん声,タンゴエ
課金勢,カキンゼイ
一切関係,イッサイカンケイ
１日,イチニチ
音声メッセージ,オンセイメッセージ
０万,ゼロマン
ビッチツイッタラー,ビッチツイッタラー
悪すぎ,アクスギ
闇パ,ヤミパ
ホーム画面,ホームガメン
雌豚,メスブタ
スパム報告,スパムホウコク
彼女いない,カノジョイナイ
パズドラID,パズドラアイディー
今日休み,キョウヤスミ
オフパコマン,オフパコマン
一本,イチホン
定期ぽすと,テイキポスト
FF内,エフエフナイ
意味不明,イミフメイ
サイバーハッカー,サイバーハッカー
リムろ,リムロ
関係ありません,カンケイアリマセン
ヴァンパイアロード,ヴァンパイアロード
followできないよ,フォローデキナイヨ
is俺,イズオレ
リムるの,リムルノ
コミュSHOW,コミュショウ
チン毛,チンケ
普通に好き,フツウニスキ
転生垢,テンセイアカ
顔写真,カオシャシン
そん時,ソンジ
円分,エンブン
二回,ニカイ
３日,サンニチ
フォロバお願い,フォロバオネガイ
舎利子,シャリシ
みらいめ,ミライメ
眠すぎ,ネムリスギ
臭すぎ,シュウスギ
絶対フォロー,ゼッタイフォロー
全て私,スベテワタシ
６歳,ロクサイ
大切さ,タイセツサ
７時,ナナジ
キュー子,キューコ
胸もはん,ムネモハン
全員リム,ゼンインリム
救いよう,スクイヨウ
奴マジ,ヤツマジ
ゴミカス,ゴミカス
ツイートRT,ツイートアールティー
アルファ(),アルファカッコ
もはんこ,モハンコ
童貞さん,ドウテイサン
辛すぎ,カラシスギ
nowplayingKalafina,ナウプレインカラフィナ
ツイッタラー全員,ツイッタラーゼンイン
四年,ヨンネン
アホみたい,アホミタイ
奴ブロック,ヤツブロック
ツイ禁,ツイキン
時間以上,ジカンイジョウ
ワロスbot,ワロスボット
べつあか,ベツアカ
犯罪予告マン,ハンザイヨコクマン
お前だめ,オマエダメ
病族,ヤマイゾク
JKなん,ジェイケーナン
ろハゲ,ロハゲ
爪長い,ツメナガイ
人誰,ヒトダレ
私服校,シフクコウ
リメイクWii,リメイクウィー
ケイクさん,ケイクサン
神ツイッタラー,カミツイッタラー
RTお前,アールティーオマエ
童貞卒業,ドウテイソツギョウ
ツイッター操作,ツイッターソウサ
完全勝利,カンゼンショウリ
男子生徒,ダンシセイト
りむさん,リムサン
６時,ロクジ
ちびちよ,チビチヨ
みらいフォロー,ミライフォロー
体体,タイタイ
ろなみ,ロナミ
俺まゆ,オレマユ
リア垢,リアアカ
nowplaying中島愛,ナウプレインナカジマアイ
うめうめ,ウメウメ
バイオハザードリメイク,バイオハザードリメイク
一桁,イチケタ
ネット恋愛ガチ勢,ネットレンアイガチゼイ
これ絶対,コレゼッタイ
枚RTA,マイアールティーエー
うさぎさん,ウサギサン
ワイセツ,ワイセツ
帝国閣下,テイコクカッカ
自慰自慰,ジイジイ
nowplayingalan,ナウプレインアラン
みほさん,ミホサン
歳以上,サイイジョウ
１６,イチロク
ゴミクズ,ゴミクズ
んだいしゅきホールド,ンダイシュキホールド
の大変,ノタイヘン
フォロー欄,フォローラン
やんちゃ娘,ヤンチャムスメ
viaweb,ビアウェブ
ないとめ,ナイトメ
人リプ,ヒトリプ
子さん,コサン
ツイート内容,ツイートナイヨウ
ぐろりえ,グロリエ
んじゃなくて,ンジャナクテ
明日休み,アシタヤスミ
RT基準,アールティーキジュン
ゴミツイート,ゴミツイート
まゆ団,マユダン
盛りマン,ザカリマン
奴リムる,ヤツリムル
オフパコガチ勢,オフパコガチゼイ
うめめ,ウメメ
ゆきとかげ,ユキトカゲ
ホームボタン,ホームボタン
ささみの,ササミノ
じゃなくて普通に,ジャナクテフツウニ
淫夢厨,インムクリヤ
垢リム,アカリム
パズドラフレンド,パズドラフレンド
人気者,ニンキシャ
ひいろさん,ヒイロサン
ぱすてる恋愛,パステルレンアイ
一年生,イチネンセイ
貧乳勢,ヒンニュウゼイ
ゴミみたい,ゴミミタイ
二度,ニド
プレイ動画,プレイドウガ
ぱすてる部,パステルブ
Wii版,ウィーバン
最低最低,サイテイサイテイ
拡散力,カクサンリョク
自発お願い,ジハツオネガイ
精神的,セイシンテキ
()フォロバ,カッコフォロバ
💕💕,ハートハート
小学校一,ショウガッコウイチ
なにこれ,ナニコレ
定期的,テイキテキ
ゆら,ユラ
すぎワロタ,スギワロタ
一ヶ月,イチカゲツ
ハングアウト,ハングアウト
こと僕,コトボク
大変そう,タイヘンソウ
真子さん,シンコサン
nowplayingシェリル・ノーム,ナウプレインシェリルノーム
une2,アンイーツー
ツイッタラー名鑑,ツイッタラーメイカン
強すぎ,キョウスギ
こと後悔,コトコウカイ
ルーレット,ルーレット
時照見,トキテルミ
数二,スウニ
垢認証,アカニンショウ
はてら,ハテラ
自在菩薩,ジザイボサツ
めいおと,メイオト
みらい氏,ミライシ
普通に通話,フツウニツウワ
今何,イマナン
さんネット恋愛,サンネットレンアイ
顔ブサカワ,カオブサカワ
人はふ,ヒトハフ
２２,ニニ
涼紀弥,スズカキミ
授業中,ジュギョウチュウ
ファッキンホット,ファッキンホット
フォロバしません,フォロバシマセン
証拠画像,ショウコガゾウ
照見五蘊皆空,テルミゴウンカイクウ
らみたい,ラミタイ
占い結果,ウラナイケッカ
一個,イチコ
お前何,オマエナン
顔画像,カオガゾウ
キレそう,キレソウ
誕生日プレゼント,タンジョウビプレゼント
パクツイマン,パクツイマン
ブス女,ブスオンナ
中高生ツイッタラー,チュウコウセイツイッタラー
くらら,クララ
エッチ１,エッチイチ
空中dis,クウチュウディーアイエス
１２,イチニ
可愛いね,カワイイネ
クレカ付き,クレカツキ
Android使い,アンドロイドヅカイ
千葉,センヨウ
キモいって,キモイッテ
nowplaying霜月はるか,ナウプレインシモツキハルカ
レイマリ,レイマリ
２桁,ニケタ
公式クライアント,コウシキクライアント
菩薩行,ボサツクダリ
ぐるたん,グルタン
モテるん,モテルン
異色色即是空,イショクシキソクゼクウ
aaaaaa,トリプルエートリプルエー
気をつけろ,キヲツケロ
ファイルエクスプローラ,ファイルエクスプローラ
エロイプしません,エロイプシマセン
神すぎ,シンスギ
ネタクラ,ネタクラ
一ミリ,イチミリ
ブス同士,ブスドウシ
らリアル,ラリアル
がたちゃん,ガタチャン
SkypeID,スカイプアイディー
こと男,コトオトコ
歌い手さん,ウタイテサン
８０,ハチゼロ
本当好き,ホントウスキ
さっきRT,サッキアールティー
コープス好き,コープススキ
今日100人,キョウヒャクニン
Litebet,ライトビーイーティー
女の子ツイッタラー,オンナノコツイッタラー
ホモツイッタラー,ホモツイッタラー
東方アレンジ,トウホウアレンジ
何色,ナンショク
工藤涼,クドウスズカ
観自在,カンジザイ
さんフォロバ,サンフォロバ
ESファイル,イーエスファイル
イケメンis,イケメンイズ
曲好き,キョクスキ
１週間,イチシュウカン
丁前,チョウマエ
ヶ月後,カゲツゴ
ブスツイッター,ブスツイッター
２時,ニジ
iphonejp,アイフォンジェーピー
由紀さん,ユキサン
nowplaying志方あきこ,ナウプレインシカタアキコ
フォロー２,フォローニ
つりつり,ツリツリ
アカウントもと,アカウントモト
見え見え,ミエミエ
垢凍結,アカトウケツ
さんLINE,サンライン
ふぁぼるん,ファボルン
FAVO値,ファーボチ
人フォロバ,ヒトフォロバ
みらい恋愛,ミライレンアイ
相互フォロー支援,ソウゴフォローシエン
djTAKA,ディージェイタカ
ediedi,イーディーアイイーディーアイ
フォロー四,フォローヨン
さんふぁ,サンファ
miraiさん,ミライサン
厄舎,ワザワイシャ
回以上,カイイジョウ
👬👬,オトコドウシオトコドウシ
耐えらん,タエラン
ねくさすねくさす,ネクサスネクサス
ピーポーピーポー,ピーポーピーポー
垢ありません,アカアリマセン
具体的,グタイテキ
山本悠希,ヤマモトユウキ
RTミュート,アールティーミュート
○○,レイレイ
dis女,ディーアイエスオンナ
リムじゃなくて,リムジャナクテ
転生前,テンセイマエ
ネタクラスタ,ネタクラスタ
こと気,コトキ
姉貴,アネタカ
アスタロトちゃん,アスタロトチャン
乞食マン,コジキマン
４５,ヨンゴ
度一切,ドイッサイ
裏垢,ウラアカ
あずきおは,アズキオハ
１人,イチニン
菜緒さん,ナオサン
全体的,ゼンタイテキ
ダイナモ感覚,ダイナモカンカク
多すぎ,タスギ
iPhone5一,アイフォンファイブイチ
近藤舞,コンドウマイ
参考画像,サンコウガゾウ
ことネタ,コトネタ
閲覧注意,エツランチュウイ
バイトあん,バイトアン
るーたん,ルータン
空空,ソラソラ
歳未満,サイミマン
クライアント名,クライアントメイ
ウォッシュレット,ウォッシュレット
一冊,イチサツ
一丁,イチチョウ
ふぁぼき,ファボキ
君以外,キミイガイ
一切苦,イッサイク
二次,ニジ
ツイッタラー同士,ツイッタラードウシ
１回,イチカイ
専属ふぁ,センゾクファ
stellarum,ステララム
通派,ドオリハ
実質フォロワー,ジッシツフォロワー
ピーチミートパイ,ピーチミートパイ
通知欄,ツウチラン
黒佳奈,クロカナ
苦厄,クワザワイ
ぎんちゃん,ギンチャン
何倍,ナンバイ
男同士,オトコドウシ
これ私,コレワタシ
いくつなん,イクツナン
メスガキ,メスガキ
おっぱいID,オッパイアイディー
JK処女,ジェイケーショジョ
人最近,ヒトサイキン
最近リム,サイキンリム
これマジ,コレマジ
おめが凍結,オメガトウケツ
般若波羅蜜,ハンニャハラミツ
奴俺,ヤツオレ
真子ちゃん,シンコチャン
水パ,ミズパ
クロねこ,クロネコ
二冊,ニサツ
気取りツイッタラー,キドリツイッタラー
たん好き,タンスキ
どんだけ俺,ドンダケオレ
PT安定,パーティシペーションアンテイ
最近あんま,サイキンアンマ
男の子大好き,オトコノコダイスキ
モコちゃん,モコチャン
ツイッタラー紹介,ツイッタラーショウカイ
貧乳ツイッタラー,ヒンニュウツイッタラー
Twitterノウハウ,ツイッターノウハウ
爆撃盛り,バクゲキザカリ
全員ブス,ゼンインブス
アルファ（）,アルファカッコ
JK職人,ジェイケーショクニン
川川,カワガワ
の好き,ノスキ
画像欄,ガゾウラン
さん愛してる,サンアイシテル
ブロ祭り,ブロマツリ
時上がり,ジアガリ
ツイ減,ツイゲン
女性ツイッタラー,ジョセイツイッタラー
全員リムる,ゼンインリムル
お前男,オマエオトコ
beta1,ビーイーティーエーワン
LINE交換,ラインコウカン
焼肉オフ,ヤキニクオフ
五蘊皆空度,ゴウンカイクウド
毎回RT,マイカイアールティー
100%充電,ヒャクパーセントジュウデン
絵師さん,エシサン
本名バレ,ホンミョウバレ
今度通話,コンドツウワ
君みたい,キミミタイ
ねんねねんね,ネンネネンネ
煽り体制,アオリタイセイ
二次元,ニジゲン
粘着質,ネンチャクシツ
TRYUNITE!,トルコリラユナイト
童貞狩り,ドウテイカリ
ばいちころ,バイチコロ
顔芸,カオゲイ
明日学校,アシタガッコウ
二年,ニネン
出来立て,デキダテ
disツイ,ディーアイエスツイ
職人みらい,ショクニンミライ
盛りすぎ,ザカリスギ
桁維持,ケタイジ
日本語変,ニホンゴヘン
大抵人,タイテイジン
利子色,リシショク
一生愛してる,イッショウアイシテル
の嫌,ノイヤ
湯さん,ユサン
イケメン気取り,イケメンキドリ
disら,ディーアイエスラ
