研究者,ケンキュウシャ
国際会議,コクサイカイギ
NL研,エヌエルケン
年次大会,ネンジタイカイ
松本研,マツモトケン
言語処理,ゲンゴショリ
深層学習,シンソウガクシュウ
万円,マンエン
小町研,コマチケン
進捗報告,シンチョクホウコク
学部生,ガクブセイ
年目,ネンメ
共同研究,キョウドウケンキュウ
年前,ネンマエ
中村研,ナカムラケン
研究テーマ,ケンキュウテーマ
言語処理学会年次,ゲンゴショリガッカイネンジ
さそう,サソウ
論文紹介,ロンブンショウカイ
研究費,ケンキュウヒ
情報系,ジョウホウケイ
博士課程,ハカセカテイ
日野キャンパス,ヒノキャンパス
一人,イチニン
松本先生,マツモトセンセイ
指導教員,シドウキョウイン
午前中,ゴゼンチュウ
数年,スウネン
希望者,キボウシャ
年後,ネンゴ
懇親会,コンシンカイ
回目,カイメ
博士後期,ハカセコウキ
後期課程,コウキカテイ
トップカンファレンス,トップカンファレンス
何人,ナンニン
本ノック,ホンノック
人目,ニンメ
一度,イチド
論文誌,ロンブンシ
招待講演,ショウタイコウエン
基礎勉強会,キソベンキョウカイ
時間半,ジカンハン
liveat,ライブアット
大学院入試,ダイガクインニュウシ
とーちゃん,トーチャン
NAIST松本,ナイストマツモト
何回,ナンカイ
意味表現,イミヒョウゲン
NLP若手,エヌエルピーワカテ
受験希望,ジュケンキボウ
発表練習,ハッピョウレンシュウ
トップ会議,トップカイギ
イヤ期,イヤキ
小町先生,コマチセンセイ
自然言語処理研究会,シゼンゲンゴショリケンキュウカイ
業務連絡,ギョウムレンラク
英語力,エイゴリョク
何度,ナンド
研究室見学,ケンキュウシツケンガク
内部進学,ナイブシンガク
提案手法,テイアンシュホウ
イヤイヤ,イヤイヤ
単語分割,タンゴブンカツ
査読者,サドクシャ
分散表現,ブンサンヒョウゲン
ベースライン,ベースライン
読み会,ヨミカイ
重要性,ジュウヨウセイ
学生たち,ガクセイタチ
研究室内,ケンキュウシツナイ
研究室,ケンキュウシツ
弊研究室,ヘイケンキュウシツ
学生同士,ガクセイドウシ
学生室,ガクセイシツ
研究成果,ケンキュウセイカ
研究室配属,ケンキュウシツハイゾク
物理的,ブツリテキ
対話システム,タイワシステム
基礎知識,キソチシキ
情報処理学会自然言語処理,ジョウホウショリガッカイシゼンゲンゴショリ
参加報告,サンカホウコク
事務処理,ジムショリ
一本,イチホン
画像認識,ガゾウニンシキ
共著者,キョウチョシャ
自動生成,ジドウセイセイ
査読付き,サドクツキ
フルペーパー,フルペーパー
accepted,アクセプトイーディー
CS研,シーエスケン
申請書,シンセイショ
最適化,サイテキカ
人工知能研究,ジンコウチノウケンキュウ
採択率,サイタクリツ
南大沢キャンパス,ミナミオオサワキャンパス
曖昧性,アイマイセイ
それ以外,ソレイガイ
学習勉強会,ガクシュウベンキョウカイ
石橋さん,イシバシサン
具体的,グタイテキ
論文投稿,ロンブントウコウ
発表者,ハッピョウシャ
二人,ニニン
高間研,タカマケン
大変そう,タイヘンソウ
意味不明,イミフメイ
長期的,チョウキテキ
件目,ケンメ
時過ぎ,ジスギ
ニューラル翻訳,ニューラルホンヤク
人文系,ジンブンケイ
関連研究,カンレンケンキュウ
計算機係,ケイサンキガカリ
最近娘,サイキンムスメ
表現学習,ヒョウゲンガクシュウ
情報工学演習,ジョウホウコウガクエンシュウ
分類器,ブンルイキ
2日間,フツカカン
会シンポジウム,カイシンポジウム
大学院教務,ダイガクインキョウム
2日目,フツカメ
最終的,サイシュウテキ
首都大日野,シュトダイヒノ
サーバ室,サーバシツ
就職先,シュウショクサキ
藤沼さん,フジヌマサン
クリスマス会,クリスマスカイ
本目,ホンメ
英文校正,エイブンコウセイ
億円,オクエン
筆記試験免除,ヒッキシケンメンジョ
基礎勉強,キソベンキョウ
秘書さん,ヒショサン
年以上,ネンイジョウ
データ分析,データブンセキ
自分的,ジブンテキ
SlideShare,スライドシェア
ライブ変換,ライブヘンカン
中央線,チュウオウセン
時前,ジマエ
商用利用,ショウヨウリヨウ
ページ数,ページスウ
１年,イチネン
自然言語処理分野,シゼンゲンゴショリブンヤ
人分,ニンブン
英語論文,エイゴロンブン
発表会,ハッピョウカイ
受講生,ジュコウセイ
さんたち,サンタチ
語文,ゴブン
社会人博士,シャカイジンハカセ
何本,ナンホン
発表申し込み,ハッピョウモウシコミ
平均点,ヘイキンテン
先生方,センセイカタ
何年,ナンネン
東ロボ,ヒガシロボ
解決策,カイケツサク
抱っこ紐,ダッコヒモ
ウェブ検索,ウェブケンサク
入試説明会,ニュウシセツメイカイ
本論文,ホンロンブン
タグ付け,タグヅケ
形態素解析器,ケイタイソカイセキキ
学生数,ガクセイスウ
子たち,コタチ
会議論文,カイギロンブン
一回,イチカイ
修士学生,シュウシガクセイ
秋葉原キャンパス,アキハバラキャンパス
可視化,カシカ
合同研究会,ゴウドウケンキュウカイ
３年,サンネン
数ヶ月,スウカゲツ
専門科目,センモンカメ
前職,マエショク
進希望,シンキボウ
年度末,ネンドマツ
研究的,ケンキュウテキ
１人,イチニン
それ以降,ソレイコウ
NAIST中村,ナイストナカムラ
特任,トクニン
それ以上,ソレイジョウ
入学前,ニュウガクマエ
文生成,ブンセイセイ
数日,スウニチ
持橋,ジキョウ
的意味,テキイミ
弊学,ヘイガク
短期的,タンキテキ
投稿済み,トウコウズミ
山口研,ヤマグチケン
構造解析,コウゾウカイセキ
実験棟,ジッケントウ
コース会議,コースカイギ
統数,ミツルスウ
文系出身,ブンケイシュッシン
志望者,シボウシャ
研究賞,ケンキュウショウ
引用数,インヨウスウ
分以上,フンイジョウ
ウェブ参加,ウェブサンカ
日野キャン,ヒノキャン
一日,イチニチ
数研,スウケン
音声対話,オンセイタイワ
TOEICスコア,トーイックスコア
外部生,ガイブセイ
保育者さん,ホイクシャサン
入力メソッド,ニュウリョクメソッド
対外発表,タイガイハッピョウ
個人的,コジンテキ
後輩氏,コウハイシ
読解支援,ドッカイシエン
配信アドレス,ハイシンアドレス
定期的,テイキテキ
人中,ニンチュウ
支援勉強会,シエンベンキョウカイ
一通り,イチトオリ
連絡帳,レンラクチョウ
研究力,ケンキュウリョク
NLP東京,エヌエルピートウキョウ
回勉強会,カイベンキョウカイ
音声情報処理,オンセイジョウホウショリ
添削待ち,テンサクマチ
pfiseminar,ピーエフアイセミナー
専門分野,センモンブンヤ
あっちいって,アッチイッテ
報告会,ホウコクカイ
見学希望,ケンガクキボウ
自然言語処理技術,シゼンゲンゴショリギジュツ
博士号取得,ハクシゴウシュトク
目以降,メイコウ
週3日,シュウミッカ
研究室インターンシップ,ケンキュウシツインターンシップ
IT企業,アイティーキギョウ
研究発表,ケンキュウハッピョウ
倫理審査,リンリシンサ
一仕事,イチシゴト
今週中,コンシュウチュウ
数千,スウセン
本格的,ホンカクテキ
授業資料,ジュギョウシリョウ
システムデザイン学部,システムデザインガクブ
系研究室,ケイケンキュウシツ
提案法,テイアンホウ
国際学会,コクサイガッカイ
研究センター,ケンキュウセンター
横浜線,ヨコハマセン
数時間,スウジカン
研究室各位,ケンキュウシツカクイ
１０,イチゼロ
研究内容,ケンキュウナイヨウ
卒業後,ソツギョウゴ
補佐員,ホサイン
尤度,ユウド
研究インターン,ケンキュウインターン
人兄弟,ニンキョウダイ
配属希望,ハイゾクキボウ
ルマンドbot,ルマンドボット
大学入試,ダイガクニュウシ
万人,マンニン
週間前,シュウカンマエ
スプリングセミナー,スプリングセミナー
ページ目,ページメ
お隣さん,オトナリサン
論文リスト,ロンブンリスト
分散的,ブンサンテキ
３人,サンニン
授業期間,ジュギョウキカン
事務手続き,ジムテツヅキ
論文執筆,ロンブンシッピツ
年分,ネンブン
夏季入試,カキニュウシ
試行錯誤,シコウサクゴ
講義形式,コウギケイシキ
投稿数,トウコウスウ
経験者,ケイケンシャ
一志望,イチシボウ
男女比,ダンジョヒ
構成性,コウセイセイ
経験上,ケイケンジョウ
ウェブ業界,ウェブギョウカイ
基本的,キホンテキ
日程調整,ニッテイチョウセイ
分野外,ブンヤガイ
在学中,ザイガクチュウ
半額免除,ハンガクメンジョ
国語研,コクゴケン
自動評価,ジドウヒョウカ
全額免除,ゼンガクメンジョ
人工データ,ジンコウデータ
自動化,ジドウカ
固有表現,コユウヒョウゲン
毎日研究室,マイニチケンキュウシツ
教師データ,キョウシデータ
人弱,ニンジャク
技術的,ギジュツテキ
洗濯物,センタクブツ
二格,ニカク
数分,スウフン
paperon,ペーパーオン
４年,ヨンネン
研究時間,ケンキュウジカン
ばいばい,バイバイ
テクニカルライティング,テクニカルライティング
配属前,ハイゾクマエ
ここ数,ココスウ
中国語,チュウゴクゴ
一ヶ月,イチカゲツ
人以上,ニンイジョウ
回自然言語処理,カイシゼンゲンゴショリ
精神的,セイシンテキ
条件付き,ジョウケンツキ
年半,ネンハン
研究室公開,ケンキュウシツコウカイ
橋さん,キョウサン
音素モデル,オンソモデル
アカデミックライティング,アカデミックライティング
研究目的,ケンキュウモクテキ
時間以上,ジカンイジョウ
橋本さん,ハシモトサン
田さん,タサン
研究活動,ケンキュウカツドウ
授業日,ジュギョウビ
修論発表,シュウロンハッピョウ
学習ライブラリ,ガクシュウライブラリ
岡崎さん,オカザキサン
進学生,シンガクセイ
配信中,ハイシンチュウ
検索クエリ,ケンサククエリ
進学希望,シンガクキボウ
今日中,キョウチュウ
会議参加,カイギサンカ
分前,フンマエ
科研,カケン
誤り分析,アヤマリブンセキ
世界的,セカイテキ
論文数,ロンブンスウ
時台,ジダイ
通信系,ツウシンケイ
生成モデル,セイセイモデル
汎用的,ハンヨウテキ
００,ゼロゼロ
移動時間,イドウジカン
和文論文,ワブンロンブン
解析器,カイセキキ
十分,ジュウフン
NLPチュートリアル,エヌエルピーチュートリアル
分遅れ,フンオクレ
首都大生,シュトダイセイ
夕ご飯,ユウゴハン
推薦書,スイセンショ
付き論文,ツキロンブン
任助教,ニンジョキョウ
特別講演会,トクベツコウエンカイ
ジャーナル論文,ジャーナルロンブン
ショートペーパー,ショートペーパー
若手研究,ワカテケンキュウ
修士卒,シュウシソツ
フル充電,フルジュウデン
教務委員,キョウムイイン
コンピューティング研究室,コンピューティングケンキュウシツ
研究室志望,ケンキュウシツシボウ
項構造,コウコウゾウ
参加登録,サンカトウロク
終了後,シュウリョウゴ
こと自体,コトジタイ
１回,イチカイ
進捗神,シンチョクシン
時間中,ジカンチュウ
家事育児,カジイクジ
ソフトウェアエンジニア,ソフトウェアエンジニア
岡崎研,オカザキケン
研究室メンバー,ケンキュウシツメンバー
発表時間,ハッピョウジカン
想像以上,ソウゾウイジョウ
特徴量,トクチョウリョウ
生向け,セイムケ
な手法,ナテホウ
万ドル,マンドル
１名,イチメイ
返還免除,ヘンカンメンジョ
発表資料,ハッピョウシリョウ
残留係,ザンリュウガカリ
単語レベル,タンゴレベル
高専生,コウセンセイ
回発表,カイハッピョウ
全く同感,ゼンクドウカン
機械翻訳勉強会,キカイホンヤクベンキョウカイ
英会話学習,エイカイワガクシュウ
参加費,サンカヒ
言語学的,ゲンゴガクテキ
専門知識,センモンチシキ
単語表現,タンゴヒョウゲン
以上前,イジョウマエ
時短勤務,ジタンキンム
英語化,エイゴカ
カテゴリ認識,カテゴリニンシキ
博士進学,ハカセシンガク
何歳,ナンサイ
3日間,ミッカカン
５年,ゴネン
数百,スウヒャク
研究室ごと,ケンキュウシツゴト
課程進学,カテイシンガク
人程度,ニンテイド
理論的,リロンテキ
データ量,データリョウ
ルールベース,ルールベース
メソッド飲み会,メソッドノミカイ
具体例,グタイレイ
付き採録,ツキサイロク
伝統的,デントウテキ
査読結果,サドクケッカ
採択数,サイタクスウ
既存技術,キソンギジュツ
研究能力,ケンキュウノウリョク
表現力,ヒョウゲンリョク
２年,ニネン
高専出身,コウセンシュッシン
文字レベル,モジレベル
定式化,テイシキカ
報告資料,ホウコクシリョウ
１日,イチニチ
複単語,フクタンゴ
おもしろそう,オモシロソウ
Shareさん,シェアサン
喉風邪,ノドカゼ
論文指導,ロンブンシドウ
将来的,ショウライテキ
日本語学習者,ニホンゴガクシュウシャ
学生向け,ガクセイムケ
参加予定,サンカヨテイ
研究ミーティング,ケンキュウミーティング
梶原さん,カジハラサン
情報通信特別,ジョウホウツウシントクベツ
年ぶり,ネンブリ
統計的機械翻訳,トウケイテキキカイホンヤク
ACLSRW,エーシーエルエスアールダブリュー
ポスター発表,ポスターハッピョウ
2つ目,フタツメ
哲学科,テツガクカ
運営委員会,ウンエイイインカイ
実装力,ジッソウリョク
抽象的,チュウショウテキ
PFIセミナー,ピーエフアイセミナー
一番大事,イチバンダイジ
二重,ニジュウ
仕事量,シゴトリョウ
合同合宿,ゴウドウガッシュク
学習システム,ガクシュウシステム
投稿論文,トウコウロンブン
プログラミング演習,プログラミングエンシュウ
立ち上げ,タチアゲ
土日祝日,ドニチシュクジツ
輪読会,リンドクカイ
計算機環境,ケイサンキカンキョウ
科哲,カアキラ
あと数,アトスウ
認証保育園,ニンショウホイクエン
平易化,ヘイイカ
永田さん,ナガタサン
既存手法,キソンシュホウ
学生セッション,ガクセイセッション
数値実験,スウチジッケン
回シンポジウム,カイシンポジウム
週4日,シュウヨッカ
週間以上,シュウカンイジョウ
海野さん,ウミノサン
リンク先,リンクサキ
無声化,ムセイカ
ＡＩ研究,アイケンキュウ
研究室合宿,ケンキュウシツガッシュク
数十,スウジュウ
質問応答,シツモンオウトウ
学生奨励賞,ガクセイショウレイショウ
日本語入力,ニホンゴニュウリョク
歳半,サイハン
時ごろ,ジゴロ
物体カテゴリ,ブッタイカテゴリ
優秀研究,ユウシュウケンキュウ
一個,イチコ
NAISTスプリング,ナイストスプリング
先週末,センシュウマツ
自然言語処理研究,シゼンゲンゴショリケンキュウ
年齢保育,ネンレイホイク
論文中,ロンブンチュウ
授業中,ジュギョウチュウ
生活リズム,セイカツリズム
並列処理,ヘイレツショリ
情報理工,ジョウホウリコウ
研究職,ケンキュウショク
プログラム委員,プログラムイイン
実験中,ジッケンチュウ
泊3日,ハクミッカ
卒論修論,ソツロンシュウロン
移行アシスタント,イコウアシスタント
ガン無視,ガンムシ
研究グループ,ケンキュウグループ
述語項,ジュツゴコウ
三浦研,ミウラケン
学内外,ガクナイガイ
モデル化,モデルカ
勉強会,ベンキョウカイ
自動車業界,ジドウシャギョウカイ
数人,スウニン
泡泡,アワアワ
誕生日パーティー,タンジョウビパーティー
ため論文,タメロンブン
基礎学力,キソガクリョク
低級言語,テイキュウゲンゴ
実用化,ジツヨウカ
語義曖昧,ゴギアイマイ
集中講義,シュウチュウコウギ
毎日娘,マイニチムスメ
最低ライン,サイテイライン
採択通知,サイタクツウチ
審査委員,シンサイイン
アスペ日記,アスペニッキ
貴家研,キカケン
ニューラルネット翻訳,ニューラルネットホンヤク
研究ネタ,ケンキュウネタ
人が一,ジンガイチ
参加人数,サンカニンズウ
プログラミング教育,プログラミングキョウイク
1つ目,ヒトツメ
タグ付き,タグツキ
時時点,ジジテン
周年記念,シュウネンキネン
テニュアトラック,テニュアトラック
研究室選び,ケンキュウシツエラビ
東京開催,トウキョウカイサイ
トラブルシュート,トラブルシュート
統計翻訳,トウケイホンヤク
大会参加,タイカイサンカ
回あたり,カイアタリ
保育参加,ホイクサンカ
人数分,ニンズウブン
就職希望,シュウショクキボウ
これ以外,コレイガイ
人工知能学会全国大会,ジンコウチノウガッカイゼンコクタイカイ
予想通り,ヨソウドオリ
哲学的,テツガクテキ
大切さ,タイセツサ
NAIST生,ナイストセイ
TechCrunchJapan,テッククランチジャパン
締め切り直前,シメキリチョクゼン
帰宅中,キタクチュウ
投稿シーズン,トウコウシーズン
受験予定,ジュケンヨテイ
問題文,モンダイブン
MicrosoftResearch,マイクロソフトリサーチ
参加募集,サンカボシュウ
言語情報,ゲンゴジョウホウ
自動翻訳,ジドウホンヤク
単位取得,タンイシュトク
黒橋,クロキョウ
研究業績,ケンキュウギョウセキ
大学院説明会,ダイガクインセツメイカイ
3日目,ミッカメ
東中さん,ヒガシチュウサン
評価指標,ヒョウカシヒョウ
一杯,イチハイ
精度向上,セイドコウジョウ
学部時代,ガクブジダイ
系出身,ケイシュッシン
品詞体系,ヒンシタイケイ
問題設定,モンダイセッテイ
研究先,ケンキュウサキ
自動修正,ジドウシュウセイ
3日前,ミッカマエ
生駒店,イコマテン
ACL論文,エーシーエルロンブン
英文読解,エイブンドッカイ
投稿OK,トウコウオーケイ
典型的,テンケイテキ
翻訳器,ホンヤクキ
国内発表,コクナイハッピョウ
１位,イチイ
性能向上,セイノウコウジョウ
出身者,シュッシンシャ
不変性,フヘンセイ
外部進学,ガイブシンガク
申し込み〆切,モウシコミシメキリ
見切り発車,ミキリハッシャ
翻訳システム,ホンヤクシステム
者番号,シャバンゴウ
授業時間,ジュギョウジカン
ノートPC,ノートピーシー
NAIST時代,ナイストジダイ
絶望的,ゼツボウテキ
人がいない,ジンガイナイ
研究生,ケンキュウセイ
添削キュー,テンサクキュー
時間おき,ジカンオキ
数万,スウマン
深層学習組,シンソウガクシュウソ
データ解析,データカイセキ
あと保育園,アトホイクエン
書類仕事,ショルイシゴト
先週金曜日,センシュウキンヨウビ
一年,イチネン
割弱,ワリジャク
会議発表,カイギハッピョウ
締め切り前,シメキリマエ
一般的,イッパンテキ
長期休暇,チョウキキュウカ
乾先生,イヌイセンセイ
onthe,オンザ
注意点,チュウイテン
専門的,センモンテキ
近場,コンジョウ
位以下,イイカ
回出て,カイダシテ
鈴木さん,スズキサン
個目,コメ
使用可能,シヨウカノウ
東大教授,トウダイキョウジュ
校費,コウヒ
アカウント管理,アカウントカンリ
音響モデル,オンキョウモデル
学術的,ガクジュツテキ
技術力,ギジュツリョク
edat,イーディーアット
研究機関,ケンキュウキカン
少数派,ショウスウハ
今日明日,キョウアシタ
英文添削,エイブンテンサク
時間弱,ジカンジャク
２回,ニカイ
読解教室,ドッカイキョウシツ
片面刷り,カタメンズリ
研究レベル,ケンキュウレベル
最大規模,サイダイキボ
対話生成,タイワセイセイ
分程度,フンテイド
年弱,ネンジャク
２名,ニメイ
学生諸氏,ガクセイショシ
二年,ニネン
金銭的,キンセンテキ
ベイズ的,ベイズテキ
最大化,サイダイカ
学生生活,ガクセイセイカツ
係り受け解析,カカリウケカイセキ
併設ワークショップ,ヘイセツワークショップ
経済的,ケイザイテキ
言語対,ゲンゴタイ
表現タグ,ヒョウゲンタグ
データ収集,データシュウシュウ
有効活用,ユウコウカツヨウ
一発,イチハツ
社会人経験,シャカイジンケイケン
研究分野,ケンキュウブンヤ
ヶ月以上,カゲツイジョウ
基礎研究所,キソケンキュウジョ
Slideshare,スライドシェア
学内便,ガクナイビン
中国人留学生,チュウゴクジンリュウガクセイ
就職面接,シュウショクメンセツ
高精度,ダカセイド
入学時,ニュウガクジ
時半開始,ジハンカイシ
件程度,ケンテイド
研究課題,ケンキュウカダイ
人が何,ジンガナン
２年間,ニネンカン
高村本,タカムラホン
徳永研,トクナガケン
付きコーパス,ツキコーパス
アノテーション基準,アノテーションキジュン
難関国際,ナンカンコクサイ
博士前期課程,ハカセゼンキカテイ
円以下,エンイカ
計算時間,ケイサンジカン
情報処理合同,ジョウホウショリゴウドウ
カメラレディ,カメラレディ
人工知能ブーム,ジンコウチノウブーム
〆切当日,シメキリトウジツ
枚刺し,マイザシ
計算量,ケイサンリョウ
的最適化,テキサイテキカ
性解消,セイカイショウ
学習データ,ガクシュウデータ
今週末,コンシュウマツ
分布意味論,ブンプイミロン
〆切前,シメキリマエ
保育料,ホイクリョウ
トップジャーナル,トップジャーナル
人向け,ヒトムケ
ヶ月間,カゲツカン
学研究室,ガクケンキュウシツ
大違い,ダイチガイ
トップ国際,トップコクサイ
トピックモデル,トピックモデル
アップル２,アップルニ
ニコ生配信,ニコナマハイシン
半年間,ハントシカン
研究アイデア,ケンキュウアイデア
フルスペル,フルスペル
基本語順,キホンゴジュン
機械学習理論,キカイガクシュウリロン
投稿先,トウコウサキ
技術補佐,ギジュツホサ
専門外,センモンガイ
研究予算,ケンキュウヨサン
転職活動,テンショクカツドウ
本質的,ホンシツテキ
予定者,ヨテイシャ
リソース作成,リソースサクセイ
発表募集,ハッピョウボシュウ
数回,スウカイ
将棋部,ショウギブ
アルゴリズム設計,アルゴリズムセッケイ
子育て中,コソダテチュウ
実験設定,ジッケンセッテイ
研究等,ケンキュウトウ
工学的,コウガクテキ
SVM勉強会,エスブイエムベンキョウカイ
計算機関係,ケイサンキカンケイ
首都大情報通信,シュトダイジョウホウツウシン
研究室説明会,ケンキュウシツセツメイカイ
車通勤,クルマツウキン
あと2日,アトフツカ
投稿時,トウコウジ
時開始,ジカイシ
参加自由,サンカジユウ
直感的,チョッカンテキ
日本人学生,ニッポンジンガクセイ
関係性,カンケイセイ
音声翻訳,オンセイホンヤク
共催研究会,キョウサイケンキュウカイ
２本,ニホン
分野適応,ブンヤテキオウ
３本,サンホン
指向性マイク,シコウセイマイク
資料作成,シリョウサクセイ
宿泊費,シュクハクヒ
２０,ニゼロ
出勤日,シュッキンビ
利用可能,リヨウカノウ
西尾さん,ニシオサン
NTTCS,エヌティーティーシーエス
都市教養,トシキョウヨウ
ACL読み,エーシーエルヨミ
取得者,シュトクシャ
完成度,カンセイド
物体検出,ブッタイケンシュツ
何十,ナニジュウ
効果的,コウカテキ
配信機材,ハイシンキザイ
お客さん,オキャクサン
修了予定,シュウリョウヨテイ
オープンソース開発,オープンソースカイハツ
首都大秋葉原,シュトダイアキハバラ
計画書,ケイカクショ
みんな普通,ミンナフツウ
武蔵生,ムサシセイ
原稿〆切,ゲンコウシメキリ
言語学科,ゲンゴガクカ
人以外,ヒトイガイ
院卒,インソツ
和文英訳,ワブンエイヤク
奇跡的,キセキテキ
それ以来,ソレイライ
時間あたり,ジカンアタリ
巻頭言,カントウゲン
んじゃなくて,ンジャナクテ
マルチモーダル,マルチモーダル
サーベイ論文,サーベイロンブン
人工知能学会誌,ジンコウチノウガッカイシ
IT業界,アイティーギョウカイ
類似度,ルイジド
弊研,ヘイケン
教授会後,キョウジュカイゴ
一緒に研究,イッショニケンキュウ
得居,トクキョ
音響学会,オンキョウガッカイ
博士学生,ハカセガクセイ
半分以上,ハンブンイジョウ
計算機資源,ケイサンキシゲン
院進学,インシンガク
いまうち,イマウチ
NAISTオープンキャンパス,ナイストオープンキャンパス
汎化,ヒロシカ
時間前後,ジカンゼンゴ
いまさん,イマサン
伊藤彰則,イトウアキノリ
配信予定,ハイシンヨテイ
メールベース,メールベース
RT本日,アールティーホンジツ
留学生向け,リュウガクセイムケ
ダブルカラム,ダブルカラム
休暇中,キュウカチュウ
半年前,ハントシマエ
本程度,ホンテイド
機械学習勉強会,キカイガクシュウベンキョウカイ
メジャーカンファレンス,メジャーカンファレンス
格フレーム,カクフレーム
論文賞,ロンブンショウ
毎週進捗,マイシュウシンチョク
飯田橋キャンパス,イイダバシキャンパス
進したい人,シンシタイジン
NLP的,エヌエルピーテキ
情報処理研究会,ジョウホウショリケンキュウカイ
特化,トクカ
付き国際,ツキコクサイ
修士号取得,シュウシゴウシュトク
ウェブ会議,ウェブカイギ
インダストリアルアート,インダストリアルアート
億文,オクブン
あと何,アトナン
研究室ゼミ,ケンキュウシツゼミ
小町研究室,コマチケンキュウシツ
スペルチェック,スペルチェック
アクセント句,アクセントク
無茶ぶり,ムチャブリ
OSS開発,オーエスエスカイハツ
頑健性,ガンケンセイ
時間後,ジカンゴ
的ダメージ,テキダメージ
ChineseWord,チャイニーズワード
4月末,シガツマツ
手間暇,テマヒマ
例年通り,レイネンドオリ
提出前,テイシュツマエ
開発者ブログ,カイハツシャブログ
人NAIST,ニンナイスト
４人,ヨンニン
大学院進学,ダイガクインシンガク
千万,センマン
ブログ更新,ブログコウシン
人子ども,ニンコドモ
動機付け,ドウキヅケ
自然言語処理シンポジウム,シゼンゲンゴショリシンポジウム
業界志望,ギョウカイシボウ
最近毎日,サイキンマイニチ
推薦入試,スイセンニュウシ
母っ子,ハハッコ
進学者,シンガクシャ
結局一番,ケッキョクイチバン
文分割,ブンブンカツ
教員公募,キョウインコウボ
時間確保,ジカンカクホ
日本語処理,ニホンゴショリ
受験者,ジュケンシャ
調べ方,シラベカタ
符号化器,フゴウカキ
自然言語処理活用,シゼンゲンゴショリカツヨウ
回休み,カイヤスミ
機械翻訳システム,キカイホンヤクシステム
機械学習入門,キカイガクシュウニュウモン
誤字脱字,ゴジダツジ
Python機械学習,パイソンキカイガクシュウ
奥村先生,オクムラセンセイ
NTT研究所,エヌティーティーケンキュウジョ
論文力,ロンブンリョク
2号館,ニゴウカン
十年,ジュウネン
巨人たち,キョジンタチ
主戦場,シュセンジョウ
連続開催,レンゾクカイサイ
夏インターン,ナツインターン
女性率,ジョセイリツ
来週以降,ライシュウイコウ
印象的,インショウテキ
レシピ翻訳,レシピホンヤク
数学何,スウガクナニ
Excel作業,エクセルサギョウ
翻訳グループ,ホンヤクグループ
リカレント,リカレント
客観データ,キャッカンデータ
めし者,メシシャ
意味的,イミテキ
標準的,ヒョウジュンテキ
画像検索,ガゾウケンサク
SwiftKey,スィフトキー
NLP年次,エヌエルピーネンジ
無理そう,ムリソウ
方対象,ホウタイショウ
複数テーマ,フクスウテーマ
コマ分,コマブン
100人以上,ヒャクニンイジョウ
歓迎BBQ,カンゲイバーベキュー
あと娘,アトムスメ
発八王子,ハツハチオウジ
育児半分,イクジハンブン
時間程度,ジカンテイド
メディア対話,メディアタイワ
事務仕事,ジムシゴト
表層的,ヒョウソウテキ
件あたり,ケンアタリ
系准教授,ケイジュンキョウジュ
解析技術,カイセキギジュツ
コーパスアノテーション,コーパスアノテーション
研究関連,ケンキュウカンレン
北生駒,キタイコマ
山本先生,ヤマモトセンセイ
カードキー,カードキー
説明員,セツメイイン
一番気,イチバンキ
文字単位,モジタンイ
胃腸風邪,イチョウカゼ
噂通り,ウワサドオリ
あと自分,アトジブン
件完了,ケンカンリョウ
NLP業界,エヌエルピーギョウカイ
年生向け,ネンセイムケ
人数的,ニンズウテキ
限授業,ゲンジュギョウ
人的交流,ジンテキコウリュウ
反省点,ハンセイテン
薬待ち,クスリマチ
連絡バス,レンラクバス
居さん,キョサン
今年うち,コトシウチ
育成手当,イクセイテアテ
外選定療養,ガイセンテイリョウヨウ
低い仕事,テイイシゴト
中全部,チュウゼンブ
東大文学部,トウダイブンガクブ
その後自然言語処理,ソノゴシゼンゲンゴショリ
翻訳精度,ホンヤクセイド
週間後,シュウカンゴ
入試受験,ニュウシジュケン
感覚的,カンカクテキ
１ヶ月,イチカゲツ
印哲,シルシアキラ
研究室あたり,ケンキュウシツアタリ
研究生活,ケンキュウセイカツ
大学運営,ダイガクウンエイ
一番重要,イチバンジュウヨウ
目の山,メノヤマ
三軒,サンケン
管理コスト,カンリコスト
最近夜,サイキンヨル
研究面,ケンキュウメン
ロボット対話,ロボットタイワ
系学生,ケイガクセイ
処理女子会,ショリジョシカイ
ノック勉強会,ノックベンキョウカイ
名募集,メイボシュウ
原田さん,ハラダサン
仕事時間,シゴトジカン
機械学習プログラミング,キカイガクシュウプログラミング
内定者,ナイテイシャ
ICT技術,アイシーティーギジュツ
数値予報モデル,スウチヨホウモデル
2015年度,ニセンジュウゴネンド
開発的,カイハツテキ
若手奨励賞,ワカテショウレイショウ
今日研究室,キョウケンキュウシツ
出張証明書,シュッチョウショウメイショ
佐藤研,サトウケン
年留年,ネンリュウネン
試験問題,シケンモンダイ
BestPaper,ベストペーパー
集中的,シュウチュウテキ
一緒に仕事,イッショニシゴト
新卒エンジニア,シンソツエンジニア
児童育成,ジドウイクセイ
解析誤り,カイセキアヤマリ
著者名,チョシャメイ
テーマ番号,テーマバンゴウ
成人男性,セイジンダンセイ
学生間,ガクセイカン
予約不要,ヨヤクフヨウ
適応能力,テキオウノウリョク
最新版,サイシンバン
週間分,シュウカンブン
向き不向き,ムキフムキ
単位数,タンイスウ
機械学習モデル,キカイガクシュウモデル
研究員制度,ケンキュウインセイド
今朝娘,ケサムスメ
アイデア通り,アイデアドオリ
知能情報処理,チノウジョウホウショリ
運営業務,ウンエイギョウム
AIビジネス,アイビジネス
今後発展,コンゴハッテン
業績リスト,ギョウセキリスト
潜在的,センザイテキ
研究動向,ケンキュウドウコウ
職務内容,ショクムナイヨウ
一般言語学,イッパンゲンゴガク
chainer,チェインイーアール
一定数,イッテイスウ
出力層,シュツリョクソウ
家で仕事,イエデシゴト
教育目的,キョウイクモクテキ
事務書類,ジムショルイ
NLP全般,エヌエルピーゼンパン
緊張感,キンチョウカン
発令通知,ハツレイツウチ
問題発見,モンダイハッケン
大学生以上,ダイガクセイイジョウ
教員１,キョウインイチ
共同実験,キョウドウジッケン
B4氏,ビーフォーシ
インタラクティブ性,インタラクティブセイ
パパ友,パパトモ
開発コスト,カイハツコスト
ヶ月後,カゲツゴ
今日うち,キョウウチ
現代的,ゲンダイテキ
山口先生,ヤマグチセンセイ
…。うち,サイレンスウチ
留年生,リュウネンセイ
フォント作成,フォントサクセイ
機械学習エンジニア,キカイガクシュウエンジニア
卒論発表,ソツロンハッピョウ
点台,テンダイ
MTグループ,エムティーグループ
いま自分,イマジブン
研究室外,ケンキュウシツガイ
場分解,ジョウブンカイ
系コミュニティ,ケイコミュニティ
相当数,ソウトウスウ
モデル本,モデルホン
言語学関係,ゲンゴガクカンケイ
聴講参加,チョウコウサンカ
着任直後,チャクニンチョクゴ
用レーダー,ヨウレーダー
最適化さん,サイテキカサン
インターン成果,インターンセイカ
時間差,ジカンサ
サーバ管理,サーバカンリ
様便,サマビン
評価用,ヒョウカヨウ
対話文,タイワブン
情報通信コース,ジョウホウツウシンコース
客観的,キャッカンテキ
ピボット翻訳,ピボットホンヤク
言語学会,ゲンゴガッカイ
今日論文,キョウロンブン
一つ一つ,ヒトツヒトツ
予想以上,ヨソウイジョウ
母飲み会,ハハノミカイ
ゼミ等,ゼミトウ
取引先,トリヒキサキ
エンジニアインターン,エンジニアインターン
萩原正人,ハギハラマサト
拓之,タクコレ
白い目,ハクイメ
B4以降,ビーフォーイコウ
年ごと,トシゴト
大学説明会,ダイガクセツメイカイ
さんさい,サンサイ
盤面評価,バンメンヒョウカ
D3原田,ディースリーハラダ
基盤的,キバンテキ
情報科学科,ジョウホウカガクカ
日常的,ニチジョウテキ
プログラミングコンテストチャレンジ,プログラミングコンテストチャレンジ
協力的,キョウリョクテキ
平均視聴時間,ヘイキンシチョウジカン
準備運動,ジュンビウンドウ
東京基礎,トウキョウキソ
どうしよう,ドウシヨウ
卒研生,ソツケンセイ
開催中,カイサイチュウ
RT自然言語処理,アールティーシゼンゲンゴショリ
当たりタスク,アタリタスク
予告通り,ヨコクドオリ
学生達,ガクセイタチ
画像記述,ガゾウキジュツ
COE枠,シーオーイーワク
系インターン,ケイインターン
投稿完了,トウコウカンリョウ
文選択,ブンセンタク
11月中,ジュウイチガツチュウ
時間外,ジカンガイ
賞受賞,ショウジュショウ
国内会議,コクナイカイギ
解決方法,カイケツホウホウ
査読コメント,サドクコメント
保健体育,ホケンタイイク
コミュニケーション研究室,コミュニケーションケンキュウシツ
分野別,ブンヤベツ
回年次,カイネンジ
入社時,ニュウシャジ
エンジニア採用,エンジニアサイヨウ
衝撃的,ショウゲキテキ
合間合間,アイマアイマ
時以降,ジイコウ
PRML勉強会,ピーアールエムエルベンキョウカイ
合宿形式,ガッシュクケイシキ
本投稿,ホントウコウ
辻井先生,ツジイセンセイ
型AI,ガタアイ
入学時点,ニュウガクジテン
発表中,ハッピョウチュウ
者人生,シャジンセイ
使用許可,シヨウキョカ
本会議初日,ホンカイギショニチ
コア数,コアスウ
持続力,ジゾクリョク
１度,イチド
病院実習,ビョウインジッシュウ
体系的,タイケイテキ
乾研,イヌイケン
否定的,ヒテイテキ
プログラム作成,プログラムサクセイ
学習支援,ガクシュウシエン
人いない,ニンイナイ
クックパッド開発者,クックパッドカイハツシャ
利用申請,リヨウシンセイ
何件,ナンケン
何時,ナンジ
構文情報,コウブンジョウホウ
プログラミング入門,プログラミングニュウモン
先々週,サキザキシュウ
大学関係者,ダイガクカンケイシャ
岡野原,オカノゲン
私達,ワタシタチ
中間発表,チュウカンハッピョウ
最近研究,サイキンケンキュウ
自然言語処理関係,シゼンゲンゴショリカンケイ
外部講師,ガイブコウシ
年向け,ネンムケ
不公平感,フコウヘイカン
活用パターン,カツヨウパターン
発表スライド,ハッピョウスライド
新入生歓迎,シンニュウセイカンゲイ
全員発表,ゼンインハッピョウ
論文受付,ロンブンウケツケ
院生数,インセイスウ
投機的,トウキテキ
来年4月,ライネンシガツ
計算機担当,ケイサンキタントウ
成績表,セイセキヒョウ
対話処理,タイワショリ
広島行き,ヒロシマイキ
GNA,ギガエヌエー
座学,ザガク
自己符号化,ジコフゴウカ
論文発表,ロンブンハッピョウ
北生駒駅,キタイコマエキ
英日,エイビ
データ作成,データサクセイ
人がどれ,ジンガドレ
京都大学,キョウトダイガク
パラメータ調整,パラメータチョウセイ
確定率,カクテイリツ
誰かが病気,ダレカガビョウキ
作業中,サギョウチュウ
研究会参加,ケンキュウカイサンカ
マル合,マルゴウ
計画案,ケイカクアン
説明文,セツメイブン
ITエンジニア,アイティーエンジニア
関根会,セキネカイ
ワークショップ終了,ワークショップシュウリョウ
NAIST生活,ナイストセイカツ
国際ワークショップ,コクサイワークショップ
ひととおり,ヒトトオリ
東京行き,トウキョウイキ
澤井さん,サワイサン
追加実験,ツイカジッケン
週1日,シュウツイタチ
主要国際,シュヨウコクサイ
理論物理,リロンブツリ
者達,シャタチ
視聴中,シチョウチュウ
インターン先,インターンサキ
日野開講,ヒノカイコウ
来年度以降,ライネンドイコウ
論文精読,ロンブンセイドク
週間報告,シュウカンホウコク
個人性,コジンセイ
目次発表,モクジハッピョウ
教育応用,キョウイクオウヨウ
問診票,モンシンヒョウ
処理研究会,ショリケンキュウカイ
知識獲得,チシキカクトク
購読計画,コウドクケイカク
検索フレーズ,ケンサクフレーズ
在宅勤務,ザイタクキンム
基礎的,キソテキ
昨日M1,キノウエムイチ
観測範囲,カンソクハンイ
forAutomatic,フォーオートマティック
三浦研究,ミウラケンキュウ
自然言語処理学,シゼンゲンゴショリガク
学内業務,ガクナイギョウム
受賞者,ジュショウシャ
発表時,ハッピョウジ
原稿書き,ゲンコウガキ
国際共同,コクサイキョウドウ
水様,ミズサマ
視聴者数,シチョウシャスウ
年度入試,ネンドニュウシ
4日ぶん,ヨッカブン
人きり,ニンキリ
researchpaper,リサーチペーパー
研究合宿,ケンキュウガッシュク
ワークショップ論文,ワークショップロンブン
来年以降,ライネンイコウ
断続的,ダンゾクテキ
今日の勉強会,キョウノベンキョウカイ
単語分散,タンゴブンサン
付きデータ,ツキデータ
百万,ヒャクマン
研究チーム,ケンキュウチーム
都立大,トリツダイ
従業員数,ジュウギョウインスウ
配属後,ハイゾクゴ
ツールpolaris,ツールポラリス
火曜日中,カヨウビチュウ
早目,ハヤメ
割強,ワリキョウ
ジャーナル化,ジャーナルカ
採点システム,サイテンシステム
必修英語,ヒッシュウエイゴ
研究室立ち,ケンキュウシツタチ
特別講義,トクベツコウギ
今日このごろ,キョウコノゴロ
2日連続,フツカレンゾク
合成音声,ゴウセイオンセイ
関連分野,カンレンブンヤ
教育的,キョウイクテキ
大国アメリカ,タイコクアメリカ
逆向き,ギャクムキ
人それぞれ,ヒトソレゾレ
ランキング学習,ランキングガクシュウ
０点,ゼロテン
男四,オトコヨン
明示的,メイジテキ
構造学習,コウゾウガクシュウ
好き勝手,スキカッテ
独立生計,ドクリツセイケイ
批判的,ヒハンテキ
単調増加,タンチョウゾウカ
最先端NLP,サイセンタンエヌエルピー
タスク定義,タスクテイギ
関節痛,カンセツツウ
二年間,ニネンカン
滞在先,タイザイサキ
古典的論文,コテンテキロンブン
予定優先,ヨテイユウセン
増強法,ゾウキョウホウ
最強研究室,サイキョウケンキュウシツ
最終課題,サイシュウカダイ
完全研究,カンゼンケンキュウ
ソフトウェア言語,ソフトウェアゲンゴ
確認終了,カクニンシュウリョウ
精液検査,セイエキケンサ
自然言語処理系,シゼンゲンゴショリケイ
両方参加,リョウホウサンカ
用データセット,ヨウデータセット
うちみたい,ウチミタイ
メイちゃん,メイチャン
進学先,シンガクサキ
帰宅途中,キタクトチュウ
会議投稿,カイギトウコウ
研究開発職,ケンキュウカイハツショク
毎年学生,マイトシガクセイ
就寝中,シュウシンチュウ
創作中,ソウサクチュウ
対訳データ,タイヤクデータ
加法構成,カホウコウセイ
危険性,キケンセイ
論文〆切,ロンブンシメキリ
学習機会,ガクシュウキカイ
前さん,マエサン
現実的,ゲンジツテキ
音素列,オンソレツ
一緒に海,イッショニウミ
店員さん,テンインサン
分野的,ブンヤテキ
学習系,ガクシュウケイ
国立大学間,コクリツダイガクカン
めうめ,メウメ
NLP心理学,エヌエルピーシンリガク
一期生,イチキセイ
数理システム,スウリシステム
ゼミ室,ゼミシツ
インダストリ講演,インダストリコウエン
NLP勉強会,エヌエルピーベンキョウカイ
勤務中,キンムチュウ
アンケート調査,アンケートチョウサ
筆頭著者,ヒットウチョシャ
分乗り換え,フンノリカエ
妻担当,ツマタントウ
進路先,シンロサキ
編入生,ヘンニュウセイ
大変さ,タイヘンサ
分析力,ブンセキリョク
心理的障壁,シンリテキショウヘキ
学生氏,ガクセイシ
新規授業,シンキジュギョウ
解説記事,カイセツキジ
構造化,コウゾウカ
理想的,リソウテキ
スペース問題,スペースモンダイ
一番上,イチバンジョウ
後輩たち,コウハイタチ
国際コンペティション,コクサイコンペティション
ハイパーパラメータ,ハイパーパラメータ
IM飲み会,アイエムノミカイ
レシピ言語,レシピゲンゴ
翻訳モデル,ホンヤクモデル
局所最適,キョクショサイテキ
利用率,リヨウリツ
者コミュニティ,シャコミュニティ
企業研究所,キギョウケンキュウジョ
打ち切り支給,ウチキリシキュウ
いない人,イナイジン
塾歴,ジュクレキ
グラムさん,グラムサン
参加お待ち,サンカオマチ
０人,ゼロニン
学生インターン,ガクセイインターン
TOEIC受験,トーイックジュケン
技術イベント,ギジュツイベント
機械翻訳グループ,キカイホンヤクグループ
3月末,サンガツマツ
配属先,ハイゾクサキ
並列句,ヘイレツク
人工知能学,ジンコウチノウガク
極性分析,キョクセイブンセキ
むさしの号,ムサシノゴウ
歳以上,サイイジョウ
シングルカラム,シングルカラム
言語理論,ゲンゴリロン
AzureML,アジュールエムエル
研究会発表,ケンキュウカイハッピョウ
まま放置,ママホウチ
製品開発,セイヒンカイハツ
言語学専修,ゲンゴガクセンシュウ
大学院受験生,ダイガクインジュケンセイ
意味解析,イミカイセキ
ランチミーティング,ランチミーティング
砂原研,スナハラケン
言語的,ゲンゴテキ
実行時間,ジッコウジカン
週間遅れ,シュウカンオクレ
パンダ銭湯,パンダセントウ
軒茶屋,ケンチャヤ
分弱,フンジャク
通知書,ツウチショ
容易性,ヨウイセイ
拡張固有,カクチョウコユウ
英語フレーズ,エイゴフレーズ
千人,センニン
所属研究室,ショゾクケンキュウシツ
度的,ドテキ
部分問題,ブブンモンダイ
世の中的,ヨノナカテキ
名前解決,ナマエカイケツ
実現可能,ジツゲンカノウ
生駒日記,イコマニッキ
ゆかちゃん,ユカチャン
分析ツール,ブンセキツール
二週間,ニシュウカン
武蔵野日記,ムサシノニッキ
数週間,スウシュウカン
2016年5月,ニセンジュウロクネンゴガツ
語彙爆発,ゴイバクハツ
準備期間,ジュンビキカン
配信URL,ハイシンユーアールエル
着信拒否,チャクシンキョヒ
化システム,カシステム
人あたり,ニンアタリ
二次元,ニジゲン
論文ノート,ロンブンノート
就職後,シュウショクゴ
鶴岡研,ツルオカケン
自然言語処理研究室,シゼンゲンゴショリケンキュウシツ
演習形式,エンシュウケイシキ
目的語構文,モクテキゴコウブン
博士１,ハカセイチ
高間先生,タカマセンセイ
進学予定,シンガクヨテイ
口頭発表,コウトウハッピョウ
メール処理,メールショリ
submission,サブスクリプトミッション
犬度,イヌド
４月１,シガツイチ
指示待ち,シジマチ
学事典,ガクジテン
中継予定,チュウケイヨテイ
妥当性,ダトウセイ
MT勉強会,エムティーベンキョウカイ
成績入力,セイセキニュウリョク
去年一昨年,キョネンイッサクネン
国際交流会館,コクサイコウリュウカイカン
東大みたい,トウダイミタイ
時TOEIC,ジトーイック
買取センター,カイトリセンター
タイミング的,タイミングテキ
院生さん,インセイサン
配信用,ハイシンヨウ
国内最大,コクナイサイダイ
研究系,ケンキュウケイ
最終日,サイシュウビ
自分一,ジブンイチ
休日ダイヤ,キュウジツダイヤ
TokyoCL,トウキョウシーエル
研究環境,ケンキュウカンキョウ
作業そのもの,サギョウソノモノ
受験問い合わせ,ジュケントイアワセ
エラー分析,エラーブンセキ
明確化,メイカクカ
日本人参加者,ニッポンジンサンカシャ
徳永拓,トクナガタク
卓越研究員,タクエツケンキュウイン
ラボ内,ラボナイ
国内学会,コクナイガッカイ
何冊,ナンサツ
合否判定,ゴウヒハンテイ
教員人生,キョウインジンセイ
英独,エイドク
隔年開講,カクネンカイコウ
ホームラン狙い,ホームランネライ
コース全体,コースゼンタイ
彰則先生,アキノリセンセイ
独自路線,ドクジロセン
注意型,チュウイガタ
英語学習者,エイゴガクシュウシャ
面接官,メンセツカン
全部アップグレード,ゼンブアップグレード
最終稿,サイシュウコウ
杉山佐藤,スギヤマサトウ
2016年度,ニセンジュウロクネンド
教員数,キョウインスウ
学生１,ガクセイイチ
位置情報付き,イチジョウホウツキ
記事中,キジチュウ
推薦所見,スイセンショケン
５０,ゴゼロ
一段階,イチダンカイ
小町守,コマチマモル
数年間,スウネンカン
技術研究,ギジュツケンキュウ
獲得資金,カクトクシキン
あと研究室,アトケンキュウシツ
数本,スウホン
NLP研究室,エヌエルピーケンキュウシツ
英語誤り訂正,エイゴアヤマリテイセイ
ウェブ企業,ウェブキギョウ
研究室紹介,ケンキュウシツショウカイ
学域,ガクイキ
首都大特集,シュトダイトクシュウ
希望研究室,キボウケンキュウシツ
本分,ホンブン
システムデザイン研究科大学院,システムデザインケンキュウカダイガクイン
ガイドつき,ガイドツキ
行動力,コウドウリョク
的意味論,テキイミロン
父飲み会,チチノミカイ
対話ロボット,タイワロボット
文書要約,ブンショヨウヤク
大会ワークショップ,タイカイワークショップ
医学論文,イガクロンブン
待ちキュー,マチキュー
ドワンゴさん,ドワンゴサン
西川さん,ニシカワサン
isnow,イズナウ
バイト単位,バイトタンイ
命令文,メイレイブン
３年生,サンネンセイ
場合修士,バアイシュウシ
取得後,シュトクゴ
回言語,カイゲンゴ
参照解析,サンショウカイセキ
潜在表現,センザイヒョウゲン
根本的,コンポンテキ
臨時駐車場,リンジチュウシャジョウ
様にインタビュー,サマニインタビュー
理情,リジョウ
available,アベイルエイブル
プライベート関係,プライベートカンケイ
１５,イチゴ
要素技術,ヨウソギジュツ
発表予定,ハッピョウヨテイ
CPUコア,シーピーユーコア
人工知能系,ジンコウチノウケイ
免除枠,メンジョワク
武蔵出身,ムサシシュッシン
数理的,スウリテキ
トピックセンテンス,トピックセンテンス
超絶ブラック,チョウゼツブラック
学生さんたち,ガクセイサンタチ
大学院生向け,ダイガクインセイムケ
高い人,コウイジン
世界史論述,セカイシロンジュツ
一番,イチバン
１行,イチコウ
要約プログラム,ヨウヤクプログラム
入社後,ニュウシャゴ
研究室以外,ケンキュウシツイガイ
いま研究室,イマケンキュウシツ
実験系,ジッケンケイ
線形分類,センケイブンルイ
NLPツール,エヌエルピーツール
全体図,ゼンタイズ
ネット上,ネットジョウ
予稿集,ヨコウシュウ
学術論文,ガクジュツロンブン
アスファルト化,アスファルトカ
DL勉強会,ダウンロードベンキョウカイ
開発体験,カイハツタイケン
演習🍖,エンシュウショクジ
全体会,ゼンタイカイ
一セッション,イチセッション
1つ1つ,ヒトツヒトツ
日本語二,ニホンゴニ
ビッグデータ研究,ビッグデータケンキュウ
新卒社員,シンソツシャイン
重要度,ジュウヨウド
声がけ,コエガケ
宮島観光,ミヤジマカンコウ
３倍,サンバイ
法政大三浦,ホウセイダイミウラ
親御さん,オヤゴサン
都市教養学部,トシキョウヨウガクブ
ウェブ開発,ウェブカイハツ
パラメータチューニング,パラメータチューニング
人問い合わせ,ニントイアワセ
法人カード,ホウジンカード
3分遅れ,サンプンオクレ
優先度,ユウセンド
階層的,カイソウテキ
人待ち,ニンマチ
ポジネガ,ポジネガ
X委員,エックスイイン
全員投稿,ゼンイントウコウ
生研マン,セイケンマン
たくさんマシン,タクサンマシン
ICTイノベーション,アイシーティーイノベーション
来週北京,ライシュウペキン
修行感,シュギョウカン
大手IT,オオテアイティー
自分達,ジブンタチ
人削減,ニンサクゲン
テーマ設定,テーマセッテイ
審議事項,シンギジコウ
研究強化,ケンキュウキョウカ
O'ReillyJapan,オライリージャパン
重目的語,ジュウモクテキゴ
データ利用,データリヨウ
対話中,タイワチュウ
日本語単語,ニホンゴタンゴ
未来大,ミライダイ
正人インタビュー,マサトインタビュー
選定療養費,センテイリョウヨウヒ
大会原稿,タイカイゲンコウ
音場,オトジョウ
書類不備,ショルイフビ
帰国後,キコクゴ
学習可能,ガクシュウカノウ
教員冥利,キョウインミョウリ
インターン生,インターンセイ
個人HP,コジンエイチピー
学部教務,ガクブキョウム
遺伝子操作,イデンシソウサ
八王子行き,ハチオウジイキ
レントニューラルネット,レントニューラルネット
ラボ泊,ラボハク
英語以外,エイゴイガイ
とーたん,トータン
米国IT,ベイコクアイティー
産総研人工知能,サンソウケンジンコウチノウ
ウェブ広告,ウェブコウコク
不満買取,フマンカイトリ
ぶっちゃけ話,ブッチャケバナシ
効率的,コウリツテキ
高専４,コウセンヨン
The3rd,ザサード
人工知能セミナー,ジンコウチノウセミナー
履修者,リシュウシャ
日本人エンジニア,ニッポンジンエンジニア
陳腐化,チンプカ
基礎体力,キソタイリョク
岩波データサイエンス,イワナミデータサイエンス
翻訳結果,ホンヤクケッカ
岡谷先生,オカヤセンセイ
ニューラル機械翻訳,ニューラルキカイホンヤク
最終新幹線,サイシュウシンカンセン
予算獲得,ヨサンカクトク
最近うち,サイキンウチ
講義🍅,コウギトマト
最終確認,サイシュウカクニン
開始前,カイシマエ
2日分,フツカブン
延長保育,エンチョウホイク
キャンパス間,キャンパスカン
現地参加,ゲンチサンカ
発言内容,ハツゲンナイヨウ
教員一,キョウインイチ
学生限定,ガクセイゲンテイ
四人,ヨンニン
サーバサイド,サーバサイド
ビッグデータ解析,ビッグデータカイセキ
研究室単位,ケンキュウシツタンイ
スリープ時,スリープジ
原氏,ゲンシ
まま出勤,ママシュッキン
昨日妻,キノウツマ
日中,ニチチュウ
言語処理系,ゲンゴショリケイ
休み中,ヤスミチュウ
inTokyo,イントウキョウ
吉田先生,ヨシダセンセイ
対話コーパス,タイワコーパス
M2夏,エヌジーシーナナセンハチジュウキュウナツ
researcher,リサーチイーアール
依存構造,イゾンコウゾウ
分量的,ブンリョウテキ
AIブーム,アイブーム
受付番号,ウケツケバンゴウ
環境的,カンキョウテキ
decoderモデル,デコーダモデル
柄違い,エチガイ
保護シール,ホゴシール
参加組,サンカグミ
成果報告,セイカホウコク
夏休み以降,ナツヤスミイコウ
依存関係,イゾンカンケイ
人海戦術仕事,ジンカイセンジュツシゴト
期間中,キカンチュウ
1日目,ツイタチメ
対話工学,タイワコウガク
京大生,キョウダイセイ
朝倉法,アサクラホウ
行目,コウメ
得意分野,トクイブンヤ
圧縮技術,アッシュクギジュツ
学部卒,ガクブソツ
目的関数,モクテキカンスウ
こいつら,コイツラ
これ何,コレナニ
設営部隊,セツエイブタイ
NLP卓球部,エヌエルピータッキュウブ
AI研究,アイケンキュウ
これ以上,コレイジョウ
５年生,ゴネンセイ
飲み会担当,ノミカイタントウ
では大,デハダイ
スライド禁止,スライドキンシ
教員室,キョウインシツ
電子申請,デンシシンセイ
ID化,アイディーカ
連続ルマンド,レンゾクルマンド
連休明け,レンキュウアケ
長尾先生,チョウビセンセイ
時間経過,ジカンケイカ
乗り継ぎ失敗,ノリツギシッパイ
研学生,ケンガクセイ
Skype参加,スカイプサンカ
東大農場,トウダイノウジョウ
運営委員,ウンエイイイン
臨界期,リンカイキ
人が研究室,ジンガケンキュウシツ
職場復帰,ショクバフッキ
園庭,エンニワ
テキスト処理,テキストショリ
人がたくさん,ジンガタクサン
付きツイート,ツキツイート
橋先生,キョウセンセイ
知識的,チシキテキ
休講日,キュウコウビ
研合同,ケンゴウドウ
オルタナティブメディア,オルタナティブメディア
高そう,ダカソウ
支援制度,シエンセイド
独翻訳,ドクホンヤク
Pascal世代,パスカルセダイ
チャレンジブック,チャレンジブック
妊娠中,ニンシンチュウ
Twitter公式,ツイッターコウシキ
航空機用,コウクウキヨウ
戸田先生,トダセンセイ
依頼者,イライシャ
割程度,ワリテイド
アテンションモデル,アテンションモデル
系センター,ケイセンター
いない研究室,イナイケンキュウシツ
今日保育園,キョウホイクエン
テーマ的,テーマテキ
豊富さ,ホウフサ
初期値,ショキチ
キャン2号,キャンニゴウ
歳前後,サイゼンゴ
人見学,ニンケンガク
オムツ交換,オムツコウカン
LT枠,エルティワク
二回,ニカイ
抜本的,バッポンテキ
査読期間,サドクキカン
ニューラルな手,ニューラルナテ
理論入門,リロンニュウモン
分担執筆,ブンタンシッピツ
企画書二つ,キカクショフタツ
ドイツ語,ドイツゴ
トップ論文,トップロンブン
グループ分け,グループワケ
情報抽出勉強会,ジョウホウチュウシュツベンキョウカイ
ソーシャルビッグデータ,ソーシャルビッグデータ
会社ごと,カイシャゴト
各種勉強会,カクシュベンキョウカイ
NLP研究,エヌエルピーケンキュウ
機械学習系,キカイガクシュウケイ
時間強,ジカンキョウ
お盆休暇,オボンキュウカ
夫婦とも,フウフトモ
マイナス評価,マイナスヒョウカ
実験的,ジッケンテキ
知能コミュニケーション,チノウコミュニケーション
