ツイート特選,ツイートトクセン
マイツイート,マイツイート
フォーゲル教授,フォーゲルキョウジュ
世界的,セカイテキ
百万,ヒャクマン
何百,ナンヒャク
イブリス,イブリス
十年,ジュウネン
占領地,センリョウチ
皇軍将士,コウグンショウシ
年前,ネンマエ
数年,スウネン
正当化,セイトウカ
縄張り争い,ナワバリアラソイ
Twitterすごろく,ツイッタースゴロク
強制性,キョウセイセイ
奴隷制度,ドレイセイド
過去ログ特選,カコログトクセン
一国,イチコク
一度,イチド
十人,ジュウニン
菅官房長官,カンカンボウチョウカン
万人,マンニン
年後,ネンゴ
自分ら,ジブンラ
ストウ夫人,ストウフジン
領土欲,リョウドヨク
一人,イチニン
慰安婦奴隷化,イアンフドレイカ
侵略国,シンリャクコク
自由主義国家,ジユウシュギコッカ
ツイ特選,ツイトクセン
支配者,シハイシャ
マイツイ,マイツイ
特別視,トクベツシ
リビア空軍,リビアクウグン
日本娘,ニッポンムスメ
2011年2月16日,ニセンジュウイチネンニガツジュウロクニチ
百年,ヒャクネン
2012年12月29日,ニセンジュウニネンジュウニガツニジュウクニチ
逸脱ぶり,イツダツブリ
2011年3月28日,ニセンジュウイチネンサンガツニジュウハチニチ
男性ホルモン,ダンセイホルモン
三マス,サンマス
年相応,トシソウオウ
トルコ大統領,トルコダイトウリョウ
いじめっ子同士,イジメッコドウシ
性奴隷表記,セイドレイヒョウキ
いじめっ子たち,イジメッコタチ
政治家,セイジカ
大日本帝国,ダイニッポンテイコク
二人,ニニン
数百,スウヒャク
米政府,ベイセイフ
こと自体,コトジタイ
日本では,ニッポンデハ
米国議会,ベイコクギカイ
万円,マンエン
日本経済,ニッポンケイザイ
失敗あるある,シッパイアルアル
何十,ナニジュウ
戦後最大,センゴサイダイ
ココ重要,ココジュウヨウ
アジア侵略,アジアシンリャク
戦争犯罪調査,センソウハンザイチョウサ
国家的,コッカテキ
朝日叩き,アサヒハタキ
バカウヨども,バカウヨドモ
国家主義者,コッカシュギシャ
女性たち,ジョセイタチ
的状況,テキジョウキョウ
大戦中,タイセンチュウ
枢軸側,スウジクガワ
被害女性,ヒガイジョセイ
宣伝効果,センデンコウカ
紙奴隷,カミドレイ
お前ら,オマエラ
日中,ニチチュウ
何千,ナンセン
それ自体,ソレジタイ
右傾メディア,ウケイメディア
アメリカ南部,アメリカナンブ
具体的,グタイテキ
一回,イチカイ
日本国,ニッポンコク
従軍慰安婦制度,ジュウグンイアンフセイド
百人,ヒャクニン
対日,タイニチ
きみら,キミラ
所有者,ショユウシャ
武力制圧,ブリョクセイアツ
人が一,ジンガイチ
的認識,テキニンシキ
ネトウヨども,ネトウヨドモ
解決策,カイケツサク
相当数,ソウトウスウ
日本以外,ニッポンイガイ
調査資料,チョウサシリョウ
日本側,ニッポンガワ
一定数,イチテイスウ
キリスト教徒,キリストキョウト
一日,イチニチ
二年,ニネン
攻撃欲,コウゲキヨク
数年間,スウネンカン
イルカ漁,イルカリョウ
キリスト教,キリストキョウ
いちばん具合,イチバングアイ
性奴隷被害,セイドレイヒガイ
独立性,ドクリツセイ
英雄的,エイユウテキ
ゾンビみたい,ゾンビミタイ
向け慰安所,ムケイアンジョ
戦場,センジョウ
支給品,シキュウヒン
人が政府,ジンガセイフ
五十,ゴジュウ
相手国,アイテコク
テキサス親父以外,テキサスオヤジイガイ
日常的,ニチジョウテキ
十二,ジュウニ
オーストリア貴族,オーストリアキゾク
その他右傾,ソノタウケイ
イタリア国民,イタリアコクミン
いちばん悔恨,イチバンカイコン
軍人たち,グンジンタチ
資源豊富,シゲンホウフ
善意と労,ゼンイトロウ
差別的,サベツテキ
国内リベラル,コクナイリベラル
朝日大誤報,アサヒダイゴホウ
日本軍国主義,ニッポングンコクシュギ
的規模,テキキボ
元老伊藤博文,ゲンロウイトウヒロブミ
安倍晋三新潮,アベシンゾウシンチョウ
共有認識,キョウユウニンシキ
いくら言い訳,イクライイワケ
伊藤自身,イトウジシン
米兵向け,ベイヘイムケ
英仏,エイフツ
特定勢力,トクテイセイリョク
吉田証言以後,ヨシダショウゲンイゴ
地球大,チキュウダイ
本人様,ホンニンサマ
盛況ぶり,セイキョウブリ
歴史的下敷き,レキシテキシタジキ
性的愉楽,セイテキユラク
的犯罪,テキハンザイ
徴用率,チョウヨウリツ
人が慰安婦制度,ジンガイアンフセイド
白人コンプレックス,ハクジンコンプレックス
戦犯国家,センパンコッカ
これ以上,コレイジョウ
人以上,ニンイジョウ
ことじゃなくて,コトジャナクテ
根源的,コンゲンテキ
安倍内閣ならび,アベナイカクナラビ
ただ国,タダコク
2011年2月15日,ニセンジュウイチネンニガツジュウゴニチ
奴隷問題,ドレイモンダイ
日本自体,ニッポンジタイ
戦後コンプレックス,センゴコンプレックス
意見出し,イケンダシ
と労わり,トロウワリ
ボルネオ北部,ボルネオホクブ
英語力,エイゴリョク
ため拉致,タメラチ
国内向け,コクナイムケ
国単位,コクタンイ
合法的手段,ゴウホウテキシュダン
テキサス親父劇場,テキサスオヤジゲキジョウ
的問題,テキモンダイ
米国市民,ベイコクシミン
国際通念,コクサイツウネン
保護国化,ホゴコクカ
慰安婦徴用,イアンフチョウヨウ
国民もろ,コクミンモロ
韓国は頭,カンコクハトウ
家でアニメ,イエデアニメ
十通り,ジュウトオリ
大日本国営,ダイニッポンコクエイ
運営者,ウンエイシャ
韓国一,カンコクイチ
軍備増強,グンビゾウキョウ
奴隷虐待,ドレイギャクタイ
ユダヤ人二,ユダヤジンニ
2011年2月19日,ニセンジュウイチネンニガツジュウクニチ
唯々諾々,イイダクダク
騒乱状態,ソウランジョウタイ
有史以来,ユウシイライ
愚鈍ぶり,グドンブリ
殺害行為,サツガイコウイ
２ちゃん総動員,ニチャンネルソウドウイン
第二次大戦時,ダイニジタイセンジ
責任逃れ,セキニンノガレ
では何,デハナン
歴史好き,レキシスキ
防空戦力,ボウクウセンリョク
白人女性,ハクジンジョセイ
ため奉公,タメホウコウ
文句つけ,モンクツケ
戦前史,センゼンシ
うち作者,ウチサクシャ
二号,ニゴウ
お花畑史観,オハナバタケシカン
ポーランド二国間,ポーランドニコクカン
2010年7月31日,ニセンジュウネンシチガツサンジュウイチニチ
買収工作,バイシュウコウサク
強硬姿勢,キョウコウシセイ
数千万,スウセンマン
航海用,コウカイヨウ
国民一,コクミンイチ
二分,ニフン
7月31日ツイート,シチガツサンジュウイチニチツイート
集団エゴ,シュウダンエゴ
日本伝来,ニッポンデンライ
内向き,ウチムキ
世界競争,セカイキョウソウ
不届き者,フトドキシャ
系勘違い,ケイカンチガイ
強制派,キョウセイハ
錯誤ぶり,サクゴブリ
海外植民地,カイガイショクミンチ
2011年2月17日,ニセンジュウイチネンニガツジュウシチニチ
浸透力,シントウリョク
差別団体,サベツダンタイ
一国民,イチコクミン
支持者,シジシャ
靖国史観,ヤスクニシカン
ものいじめ,モノイジメ
強国同士,キョウコクドウシ
悪魔的,アクマテキ
アーリントン墓地,アーリントンボチ
よう非難,ヨウヒナン
それ以降,ソレイコウ
大人になってもそのままで,オトナニナッテモソノママデ
重要さ,ジュウヨウサ
補償請求,ホショウセイキュウ
ベンツネタ,ベンツネタ
こと批判,コトヒハン
女子割礼,ジョシカツレイ
ボルネオ買収,ボルネオバイシュウ
慰安婦非難,イアンフヒナン
2010年11月28日,ニセンジュウネンジュウイチガツニジュウハチニチ
国家支配,コッカシハイ
娘たち,ムスメタチ
水面下,スイメンカ
二民族,ニミンゾク
名言集,メイゲンシュウ
国連人権,コクレンジンケン
みずから再燃,ミズカラサイネン
全体秩序,ゼンタイチツジョ
人権委,ジンケンイ
ネット右翼すべて,ネットウヨクスベテ
国際情勢,コクサイジョウセイ
遠洋航海,エンヨウコウカイ
米議会,ベイギカイ
もしフェミニズム,モシフェミニズム
千年,センネン
日系米国,ニッケイベイコク
歴史美化,レキシビカ
吹き替え文化,フキカエブンカ
犯罪率,ハンザイリツ
一切れ,イチキレ
的サービス,テキサービス
子守唄みたい,コモリウタミタイ
４０,ヨンゼロ
否認派,ヒニンハ
いつか未来,イツカミライ
デリヘル風俗,デリヘルフウゾク
日本部長,ニッポンブチョウ
万ドル,マンドル
では石,デハセキ
夫婦愛,フウフアイ
街並み,マチナミ
Twitterあるある,ツイッターアルアル
口説き文句,クドキモンク
2011年3月25日,ニセンジュウイチネンサンガツニジュウゴニチ
社内サーバー,シャナイサーバー
各国トレンド,カッコクトレンド
ハーグ条約加盟,ハーグジョウヤクカメイ
おでん祭り,オデンマツリ
エジプトでは,エジプトデハ
書きブーメラン,ガキブーメラン
上うどん,ジョウウドン
会場雷鳴,カイジョウライメイ
2011年2月3日,ニセンジュウイチネンニガツミッカ
革命分子,カクメイブンシ
世界有数,セカイユウスウ
いつまでも大政奉還,イツマデモタイセイホウカン
ブーメラン大会,ブーメランタイカイ
社会全体,シャカイゼンタイ
2011年12月,ニセンジュウイチネンジュウニガツ
2012年12月,ニセンジュウニネンジュウニガツ
手羽いらん,テバイラン
地球愛,チキュウアイ
年説,ネンセツ
2011年12月23日,ニセンジュウイチネンジュウニガツニジュウサンニチ
知恵相応,チエソウオウ
人間同士,ニンゲンドウシ
回twitter,カイツイッター
男性どちら,ダンセイドチラ
Secretto,シークレットトゥ
親子愛,オヤコアイ
帝国主義国,テイコクシュギコク
2012年8月31日,ニセンジュウニネンハチガツサンジュウイチニチ
対潜,タイセン
過去ログ選,カコログセン
カダフィにも,カダフィニモ
一号,イチゴウ
らリアル,ラリアル
末端肥大,マッタンヒダイ
日本病,ニッポンビョウ
マッチョ社会,マッチョシャカイ
今夜は月,コンヤハツキ
ドワンゴ社員,ドワンゴシャイン
部隊勇士,ブタイユウシ
証明済み,ショウメイズミ
2011年9月24日,ニセンジュウイチネンクガツニジュウヨッカ
2012年11月12日,ニセンジュウニネンジュウイチガツジュウニニチ
捕虜扱い,ホリョアツカイ
受賞者,ジュショウシャ
eplace,イーピーエルウツクシイホシヘノコウドウ
ステルス体質,ステルスタイシツ
マス前進,マスゼンシン
パジャマ大使,パジャマタイシ
Twitter霊園,ツイッターレイエン
八百,ハチヒャク
極東米軍,キョクトウベイグン
一番美しく表現,イチバンウツクシクヒョウゲン
アーリア人種,アーリアジンシュ
貴方風,アナタフウ
同胞愛,ドウホウアイ
世界人類,セカイジンルイ
お見合い会場,オミアイカイジョウ
ハリウッド映画あるある,ハリウッドエイガアルアル
サービス開始,サービスカイシ
開明的,カイメイテキ
リビアみたい,リビアミタイ
同性同士,ドウセイドウシ
ブラジル美人,ブラジルビジン
文章お見合い,ブンショウオミアイ
2012年10月12日,ニセンジュウニネンジュウガツジュウニニチ
邦人被害,ホウジンヒガイ
1945年6月,センキュウヒャクヨンジュウゴネンロクガツ
2012年9月18日,ニセンジュウニネンクガツジュウハチニチ
2012年12月18日,ニセンジュウニネンジュウニガツジュウハチニチ
やれRT,ヤレアールティー
相撲八百長,スモウヤオチョウ
ただ大東亜戦争,タダダイトウアセンソウ
veryspecial,ベリイスペシャル
国民二,コクミンニ
The Greatest,ザグレートエスト
成長ホルモン,セイチョウホルモン
万票,マンヒョウ
労働者,ロウドウシャ
侵略か否,シンリャクカヒ
人類愛,ジンルイアイ
ネオナチくん,ネオナチクン
鳥さん,トリサン
まま非公式RT,ママヒコウシキアールティー
見栄根性,ミエコンジョウ
わたしリカちゃん,ワタシリカチャン
twitter上,ツイッタージョウ
二種類,ニシュルイ
二マス,ニマス
あまり空母,アマリクウボ
男女不平等,ダンジョフビョウドウ
親和感,シンワカン
的ステルス,テキステルス
名誉向上,メイヨコウジョウ
ダニエル・イノウエ上院議員,ダニエルイノウエジョウインギイン
実証的,ジッショウテキ
前原辞任,マエハラジニン
2011年3月11日,ニセンジュウイチネンサンガツジュウイチニチ
原作書き,ゲンサクガキ
ぶっちゃけ慰安婦制度,ブッチャケイアンフセイド
プロ級,プロキュウ
感情的,カンジョウテキ
…。これ,サイレンスコレ
2010年12月30日,ニセンジュウネンジュウニガツサンジュウニチ
百姓ども,ヒャクショウドモ
仏蘭,フツラン
邦画界,ホウガカイ
ダニエル・イノウエ氏,ダニエルイノウエシ
誰かがあなた,ダレカガアナタ
竹島放棄,タケシマホウキ
西園寺公望風,サイオンジキンモチフウ
と電網,トデンモウ
理想化,リソウカ
反日デモ隊,ハンニチデモタイ
あなたたち,アナタタチ
1942年1月,センキュウヒャクヨンジュウニネンイチガツ
加盟要求,カメイヨウキュウ
国連憲章採択,コクレンケンショウサイタク
You.,ヨーユー
うどんそば,ウドンソバ
ほかTwitter,ホカツイッター
新宿通り魔,シンジュクドオリマ
バカウヨたち,バカウヨタチ
もとで連動,モトデレンドウ
日系部隊,ニッケイブタイ
ウザイこと,ウザイコト
国際的,コクサイテキ
マジわからん,マジワカラン
就寝中,シュウシンチュウ
自作以外,ジサクイガイ
太平洋水域,タイヘイヨウスイイキ
相手役,アイテヤク
サーバールーム,サーバールーム
こと遠く,コトトオク
メア日本,メアニッポン
母豚,ハハブタ
潜警護,センケイゴ
海外向け,カイガイムケ
aceM,ウツクシイホシヘノコウドウメガ
…。戒め,サイレンスイマシメ
日本軍画像,ニッポングンガゾウ
男女どちら,ダンジョドチラ
おすすめユーザー,オススメユーザー
いらん猿,イランサル
議会長老,ギカイチョウロウ
2012年12月30日,ニセンジュウニネンジュウニガツサンジュウニチ
2012年9月24日,ニセンジュウニネンクガツニジュウヨッカ
あてつけ,アテツケ
向けポーズ,ムケポーズ
映画界,エイガカイ
小説書き,ショウセツガキ
網機能,モウキノウ
人々と電,ヒトビトトデン
拘束性,コウソクセイ
不思議現象,フシギゲンショウ
対外的,タイガイテキ
成立年度,セイリツネンド
中東ドミノ,チュウトウドミノ
そば戦争,ソバセンソウ
国日本,コクニッポン
画像祭り,ガゾウマツリ
長老ダニエル・イノウエ,チョウロウダニエルイノウエ
地震後,ジシンゴ
3月11日なに,サンガツジュウイチニチナニ
男女両方,ダンジョリョウホウ
新作ゴジラ,シンサクゴジラ
実験的,ジッケンテキ
船団護送,センダンゴソウ
南京事件否認,ナンキンジケンヒニン
連合国宣言,レンゴウコクセンゲン
2011年3月24日,ニセンジュウイチネンサンガツニジュウヨッカ
好戦性,コウセンセイ
エジプト大統領,エジプトダイトウリョウ
Repl,ラウンドイーピーエル
航空戦力,コウクウセンリョク
来日中,ライニチチュウ
まま天,ママテン
魔予告犯,マヨコクハン
霊的,レイテキ
創作文章,ソウサクブンショウ
下請け中小企業,シタウケチュウショウキギョウ
突き上げ,ツキアゲ
優美さ,ユウビサ
トレンド比較,トレンドヒカク
イノウエ氏,イノウエシ
じゃなくて注射,ジャナクテチュウシャ
２ちゃんねる化,ニチャンネルカ
バラク・オバマ大統領,バラクオバマダイトウリョウ
一票,イチヒョウ
翌日ロシア,ヨクジツロシア
聖典コーラン,セイテンコーラン
りんごまるかじり,リンゴマルカジリ
園経営者,エンケイエイシャ
天使イブ,テンシイブ
邪悪さ,ジャアクサ
志賀内,シガナイ
2011年3月20日,ニセンジュウイチネンサンガツハツカ
エイプリルフール青森,エイプリルフールアオモリ
悪魔イブ,アクマイブ
悪逆無道,アクギャクムドウ
内くん,ナイクン
マーケットガーデン作戦末期,マーケットガーデンサクセンマッキ
こっち岸,コッチガン
りんご園,リンゴエン
沖縄メディア,オキナワメディア
ツイート選,ツイートセン
地球儀目前,チキュウギモクゼン
あたし福の神,アタシフクノカミ
分離独立要求,ブンリドクリツヨウキュウ
2013年1月9日,ニセンジュウサンネンイチガツココノカ
表記謝罪,ヒョウキシャザイ
ローガン事件,ローガンジケン
運転手,ウンテンシュ
影響力,エイキョウリョク
０機,ゼロキ
ジャポニカ学習帳ジェネレータ,ジャポニカガクシュウチョウジェネレータ
千万,センマン
日韓関係,ニッカンカンケイ
馬鹿め,バカメ
身長差,シンチョウサ
後藤さん,ゴトウサン
安倍は道,アベハドウ
内閣支持率低下,ナイカクシジリツテイカ
１９,イチキュウ
人権意識,ジンケンイシキ
伝達手段,デンタツシュダン
オランダ女性,オランダジョセイ
子供たち,コドモタチ
根本的,コンポンテキ
国連委,コクレンイ
五年,ゴネン
公開中止,コウカイチュウシ
十年代,ジュウネンダイ
極右勢力,キョクウセイリョク
片山さつき氏,カタヤマサツキシ
一場面,イチバメン
創作クラスタ,ソウサククラスタ
制作費,セイサクヒ
精神状態,セイシンジョウタイ
金正恩暗殺,キムジョンウンアンサツ
クリミヤ,クリミヤ
００,ゼロゼロ
政権側,セイケンガワ
TrinityNYC,トリニティエヌワイシー
マクドゥーガル報告,マクドゥーガルホウコク
二百,ニヒャク
極右団体,キョクウダンタイ
日系移民,ニッケイイミン
円安,エンヤス
高給取り,コウキュウトリ
三十,サンジュウ
兵隊さん,ヘイタイサン
全面バックアップ,ゼンメンバックアップ
西側世界,ニシガワセカイ
温情的,オンジョウテキ
池田信夫氏,イケダノブオシ
慰安婦特集,イアンフトクシュウ
７０,ナナゼロ
千人,センニン
RT日本,アールティーニッポン
こいつら,コイツラ
日勧告,ニチカンコク
見当はずれ,ケントウハズレ
勝ち目,カチメ
ウクライナ危機,ウクライナキキ
数千,スウセン
エボラ対策,エボラタイサク
差別表現,サベツヒョウゲン
何万,ナンマン
十万,ジュウマン
二十,ニジュウ
特攻隊員,トッコウタイイン
支給率,シキュウリツ
差別的発言,サベツテキハツゲン
七十,ナナジュウ
一億,イチオク
億円,オクエン
未来予測,ミライヨソク
ＴＶ映画,テレビエイガ
原著者,ゲンチョシャ
チェコスロバキア,チェコスロバキア
奴隷兵,ドレイヘイ
戦勝史観,センショウシカン
国連人権委員会,コクレンジンケンイインカイ
NHKニュース,エヌエイチケイニュース
戦争体験,センソウタイケン
法華狼,ホッケオオカミ
数万,スウマン
RT安倍首相,アールティーアベシュショウ
根っ子,ネッコ
一次,イチジ
米国内,ベイコクナイ
一歩,イチホ
自由民,ジユウミン
同盟国,ドウメイコク
人質交換,ヒトジチコウカン
者たち,シャタチ
研究者,ケンキュウシャ
連合国戦勝,レンゴウコクセンショウ
０万,ゼロマン
仲間たち,ナカマタチ
日本食,ニッポンショク
一枚,イチマイ
分の一,ブンノイチ
残虐行為,ザンギャクコウイ
真珠湾奇襲,シンジュワンキシュウ
五人,ゴニン
０年,ゼロネン
交通量調査,コウツウリョウチョウサ
共産勢力,キョウサンセイリョク
歴史的,レキシテキ
全国行動,ゼンコクコウドウ
３０,サンゼロ
９年,キュウネン
占領下,センリョウカ
実写化作品,ジッシャカサクヒン
拉致被害,ラチヒガイ
Ａ級戦犯ら,エイキュウセンパンラ
国連報告書,コクレンホウコクショ
出演作,シュツエンサク
六十,ロクジュウ
一発,イチハツ
２０,ニゼロ
強制収容,キョウセイシュウヨウ
東京裁判史観,トウキョウサイバンシカン
撃ち方やめ,ウチカタヤメ
英国人記者,エイコクジンキシャ
１人,イチニン
朝日新聞記事,アサヒシンブンキジ
アジア全域,アジアゼンイキ
動画サイト,ドウガサイト
一例,イチレイ
性的行為,セイテキコウイ
愛国者たち,アイコクシャタチ
喜劇映画,キゲキエイガ
２９,ニキュウ
広告基準局,コウコクキジュンキョク
首相官邸警備,シュショウカンテイケイビ
元慰安婦ら,モトイアンフラ
十億,ジュウオク
撤廃委員会,テッパイイインカイ
生存者,セイゾンシャ
合作映画,ガッサクエイガ
登録申請,トウロクシンセイ
交通量調査員,コウツウリョウチョウサイン
さそう,サソウ
億ドル,オクドル
現実的,ゲンジツテキ
東亜政略,トウアセイリャク
…。RT,サイレンスアールティー
支持層向け,シジソウムケ
杉原公使,スギハラコウシ
東京支局長,トウキョウシキョクチョウ
ハドソン研究所,ハドソンケンキュウジョ
首相朝日,シュショウアサヒ
一本,イチホン
植民地解放,ショクミンチカイホウ
ここ数,ココスウ
後藤健二さん,ゴトウケンジサン
宣伝ポスター,センデンポスター
ミヤ半島,ミヤハントウ
９７,キュウナナ
日本共産党,ニッポンキョウサントウ
福島県民,フクシマケンミン
路地裏,ロジウラ
平均的,ヘイキンテキ
興収,キョウオサム
標的テロ,ヒョウテキテロ
高倉健さん,タカクラケンサン
ヒトラー選挙,ヒトラーセンキョ
首根,クビネ
閣僚ら,カクリョウラ
個人的,コジンテキ
エルトゥールル号遭難,エルトゥールルゴウソウナン
選挙戦略,センキョセンリャク
日本国家,ニッポンコッカ
予測講座,ヨソクコウザ
札幌市議,サッポロシギ
数日,スウニチ
テロ警戒,テロケイカイ
自爆攻撃,ジバクコウゲキ
安倍陣営,アベジンエイ
一番炎上,イチバンエンジョウ
人権状況,ジンケンジョウキョウ
日本標的,ニッポンヒョウテキ
特定支持層,トクテイシジソウ
９９,キュウキュウ
被害劇場,ヒガイゲキジョウ
米軍,ベイグン
海外メディア,カイガイメディア
対策センター,タイサクセンター
議会決議,ギカイケツギ
時一番,トキイチバン
活動員,カツドウイン
英米,エイベイ
稲田氏,イナダシ
数十,スウジュウ
氏ら,シラ
指導大綱,シドウタイコウ
女性力,ジョセイリョク
人死亡,ニンシボウ
吉田清治氏,ヨシダセイジシ
子供心,コドモシン
９３,キュウサン
田母神氏,タモガミシ
湯川さん,ユカワサン
８０,ハチゼロ
友好的,ユウコウテキ
友好映画,ユウコウエイガ
大学未来,ダイガクミライ
ノルマンディー上陸,ノルマンディージョウリク
一字,イチジ
西欧諸国,セイオウショコク
締め付け,シメヅケ
二日酔い対策,フツカヨイタイサク
テキトー,テキトー
指一,ユビイチ
二点,ニテン
一年先,イチネンサキ
卑怯者,ヒキョウシャ
基本仕様,キホンシヨウ
新世紀大学,シンセイキダイガク
非難声明,ヒナンセイメイ
お前達,オマエタチ
９人,キュウニン
五千,ゴセン
アメリカ側,アメリカガワ
問題解決全国,モンダイカイケツゼンコク
婦人部隊,フジンブタイ
サンケイ系,サンケイケイ
米大統領,ベイダイトウリョウ
化け猫パンチ,バケネコパンチ
歳男逮捕,トシオトコタイホ
英国広告,エイコクコウコク
わからんの,ワカランノ
戦死者,センシシャ
一賊,イチゾク
一点,イチテン
典型的,テンケイテキ
朝日バッシング,アサヒバッシング
動画声明,ドウガセイメイ
謝罪決議,シャザイケツギ
絶望的,ゼツボウテキ
第二次大戦中,ダイニジタイセンチュウ
日本国総理,ニッポンコクソウリ
forthe,フォーザ
意識高い童話,イシキタカイドウワ
対米,タイベイ
安倍晋三首相,アベシンゾウシュショウ
日露,ニチロ
RT安倍晋三,アールティーアベシンゾウ
声明名指し,セイメイナザシ
アメリカ的,アメリカテキ
年以上,ネンイジョウ
ため供,タメキョウ
２年,ニネン
政略指導,セイリャクシドウ
百名,ヒャクメイ
出身男性,シュッシンダンセイ
ぐうたらママ,グウタラママ
さん死去,サンシキョ
東電側,トウデンガワ
ガダルカナル撤退,ガダルカナルテッタイ
学生たち,ガクセイタチ
村山さん,ムラヤマサン
蓄積性,チクセキセイ
ヘイトスピーチ規制,ヘイトスピーチキセイ
与太話,ヨタバナシ
天安門虐殺,テンアンモンギャクサツ
進駐後,シンチュウゴ
騎乗者,キジョウシャ
自称愛国者,ジショウアイコクシャ
何回,ナンカイ
国連日本,コクレンニッポン
自己中,ジコチュウ
新幹線大爆笑,シンカンセンダイバクショウ
爆弾テロ脅迫,バクダンテロキョウハク
人質二,ヒトジチニ
非難殺到,ヒナンサットウ
的価値,テキカチ
億人,オクニン
一面,イチメン
勘違いぶり,カンチガイブリ
先着者,センチャクシャ
中印紛争,ナカインフンソウ
臨床医学的,リンショウイガクテキ
自公圧勝,ジコウアッショウ
慶応大病院,ケイオウダイビョウイン
こと気,コトキ
安部不支持,アベフシジ
味方ゼロ,ミカタゼロ
元慰安婦たち,モトイアンフタチ
おにぎりマネージャー,オニギリマネージャー
米国映画,ベイコクエイガ
ノーベル賞受賞,ノーベルショウジュショウ
ネット空間,ネットクウカン
２，,ニ，
ＮＹタイムズ,ニューヨークタイムズ
語り部,カタリブ
慰安婦報道訂正記事,イアンフホウドウテイセイキジ
三万,サンマン
異常さ,イジョウサ
抗議運動,コウギウンドウ
米英,ベイエイ
公文書,コウブンショ
尼港,アマコウ
敵味方,テキミカタ
リンク先,リンクサキ
感染者,カンセンシャ
朝日新聞誤報,アサヒシンブンゴホウ
ゲスっぷり,ゲスップリ
議会報告書,ギカイホウコクショ
おじさんたち,オジサンタチ
輪姦集団,リンカンシュウダン
人権条項,ジンケンジョウコウ
戦闘派遣,セントウハケン
戦争犯罪資料,センソウハンザイシリョウ
ウヨ論壇,ウヨロンダン
巨悪,キョウアク
衆院予算,シュウインヨサン
反日差別,ハンニチサベツ
俺たち,オレタチ
女性キャラ,ジョセイキャラ
思想的,シソウテキ
安倍政権発表,アベセイケンハッピョウ
人みたい,ヒトミタイ
ガザ空爆,ガザクウバク
金学順さん,キムハクスンサン
なにいってん,ナニイッテン
さんら,サンラ
日系人強制,ニッケイジンキョウセイ
米軍進駐,ベイグンシンチュウ
国際連盟,コクサイレンメイ
同時進行,ドウジシンコウ
韓国経済崩壊,カンコクケイザイホウカイ
自分達,ジブンタチ
記事正確,キジセイカク
同盟者,ドウメイシャ
１８,イチハチ
はじめ国際社会,ハジメコクサイシャカイ
韓国人差別,カンコクジンサベツ
一弾,イチダン
記事題,キジダイ
アジア各国,アジアカッコク
サキディン,サキディン
志願制,シガンセイ
受給問題,ジュキュウモンダイ
悪役ぶり,アクヤクブリ
報復的,ホウフクテキ
万ページ,マンページ
３年,サンネン
湯川氏,ユカワシ
テレサさん,テレササン
吉見義明博士,ヨシミヨシアキハカセ
８１,ハチイチ
修正要請,シュウセイヨウセイ
RTヘイトスピーチ,アールティーヘイトスピーチ
RTみんな,アールティーミンナ
就活三銃士,シュウカツサンジュウシ
７割,ナナワリ
年半,ネンハン
とき南京,トキナンキン
市民的,シミンテキ
NewSphere,ニュースフィア
アベノミクス失敗,アベノミクスシッパイ
新訳思い出のマーニー,シンヤクオモイデノマーニー
傍外,ハタガイ
RT国連,アールティーコクレン
ディン氏,ディンシ
供物奉納,ソナエモノホウノウ
仏女性,フツジョセイ
パリ銃撃事件,パリジュウゲキジケン
子どもたち,コドモタチ
国際ニュース,コクサイニュース
映画ファン,エイガファン
本人たち,ホンニンタチ
日経オンライン,ニッケイオンライン
５千,ゴセン
高市自身,タカイチジシン
橋下発言,ハシシタハツゲン
笑止噴飯,ショウシフンパン
自作曲,ジサクキョク
在日コリアン迫害,ザイニチコリアンハクガイ
１年,イチネン
主要メディア,シュヨウメディア
軍国主義台頭,グンコクシュギタイトウ
差別主義者,サベツシュギシャ
犯罪性,ハンザイセイ
職場進出,ショクバシンシュツ
戦前日本,センゼンニッポン
ノルマンディ上陸,ノルマンディジョウリク
公式文書,コウシキブンショ
歳当時,サイトウジ
的アメリカ人,テキアメリカジン
それ以外,ソレイガイ
落選キャンペーン,ラクセンキャンペーン
神道国,シントウコク
十五,ジュウゴ
日本帝国,ニッポンテイコク
ストークス氏,ストークスシ
中国語,チュウゴクゴ
むしろ差別的,ムシロサベツテキ
国連人種差別,コクレンジンシュサベツ
極左過激派,キョクサカゲキハ
両国間,リョウコクカン
徹底検証朝日「慰安婦」報道,テッテイケンショウアサヒイアンフホウドウ
政府幕僚,セイフバクリョウ
南京虐殺加筆,ナンキンギャクサツカヒツ
RT新訳,アールティーシンヤク
史的認識,シテキニンシキ
おばちゃん,オバチャン
アメリカ軍対,アメリカグンタイ
それゆえ,ソレユエ
否定論者,ヒテイロンシャ
状態だいじょうぶ,ジョウタイダイジョウブ
芸術家,ゲイジュツカ
戦闘場面,セントウバメン
表面上,ヒョウメンジョウ
外国籍者,ガイコクセキシャ
エボラ感染,エボラカンセン
ネオナチ野郎,ネオナチヤロウ
ため身,タメミ
RT安藤美姫,アールティーアンドウミキ
ゾンビ映画みたい,ゾンビエイガミタイ
国際環境,コクサイカンキョウ
世界一健康,セカイイチケンコウ
天皇批判,テンノウヒハン
紳士的,シンシテキ
国策メロドラマ,コクサクメロドラマ
終戦後,シュウセンゴ
短期決戦,タンキケッセン
私自身,ワタシジシン
１１,イチイチ
人種隔離,ジンシュカクリ
部下たち,ブカタチ
自作自演説,ジサクジエンセツ
バカウヨぶり,バカウヨブリ
現実世界,ゲンジツセカイ
最終的,サイシュウテキ
高級娼婦,コウキュウショウフ
米開戦,ベイカイセン
懸念続出,ケネンゾクシュツ
軍将兵,グンショウヘイ
三割,サンワリ
ツーショット写真,ツーショットシャシン
ら法要,ラホウヨウ
朝日誤報,アサヒゴホウ
ため渡米,タメトベイ
勝利後,ショウリゴ
五十嵐恵さん,イガラシメグミサン
右派メディア,ウハメディア
日本人みたい,ニッポンジンミタイ
的解決,テキカイケツ
三年間,サンネンカン
矮小化,ワイショウカ
金の刀,キンノガタナ
演算化,エンザンカ
対テロ,タイテロ
捕鯨派,ホゲイハ
時空転送,ジクウテンソウ
移住労働者,イジュウロウドウシャ
百田氏,モモタシ
インドネシア青年,インドネシアセイネン
ネオナチそのもの,ネオナチソノモノ
ら春,ラハル
女性漫画家,ジョセイマンガカ
政権下,セイケンカ
７９,ナナキュウ
金めあて,カネメアテ
政治的,セイジテキ
報告者,ホウコクシャ
映画作り,エイガヅクリ
反日映画,ハンニチエイガ
南門,ミナミモン
差別趣味,サベツシュミ
みずから兵,ミズカラヘイ
思想性,シソウセイ
条件付き,ジョウケンツキ
何度,ナンド
村長ら,ソンチョウラ
邦人人質事件,ホウジンヒチジチジケン
金子快之氏,カネコヤスユキシ
日本映画界,ニホンエイガカイ
６７,ロクナナ
安倍一,アベイチ
二重,ニジュウ
対ドイツ,タイドイツ
慰安婦徴募,イアンフチョウボ
絶望感,ゼツボウカン
先住民迫害,センジュウミンハクガイ
RT自分,アールティージブン
雁屋哲,カリヤアキラ
政権時代,セイケンジダイ
牛丼値上げ,ギュウドンネアゲ
次安倍政権,ジアベセイケン
パレスティナ人,パレスティナジン
２ちゃんども,ニチャンネルドモ
歴史的前提,レキシテキゼンテイ
百歩,ヒャクホ
吉田証言以外,ヨシダショウゲンイガイ
ペイリン女史,ペイリンジョシ
年ぶり,ネンブリ
実用的,ジツヨウテキ
テヘラン邦人救出,テヘランホウジンキュウシュツ
河野談話否定,コウノダンワヒテイ
不支持８,フシジハチ
固定的,コテイテキ
欧米諸国,オウベイショコク
６回,ロクカイ
資料的,シリョウテキ
2013年7月18日,ニセンジュウサンネンシチガツジュウハチニチ
出身女性,シュッシンジョセイ
ナチドイツ,ナチドイツ
インドネシア大使館,インドネシアタイシカン
大東亜戦争肯定,ダイトウアセンソウコウテイ
それ以上,ソレイジョウ
努力不足,ドリョクフソク
小保方晴子みたい,オボカタハルコミタイ
異常ぶり,イジョウブリ
高度演算,コウドエンザン
横田めぐみさん,ヨコタメグミサン
漫画家達,マンガカタチ
結局みんな,ケッキョクミンナ
合衆国政府,ガッシュウコクセイフ
９２,キュウニ
知識人,チシキジン
歩外,ホガイ
高校時代,コウコウジダイ
Neoちゃん,ネオチャン
米下院,ベイカイン
ためじゃなくて,タメジャナクテ
馬鹿ども,バカドモ
人種差別撤廃,ジンシュサベツテッパイ
産経紙上,サンケイシジョウ
，３,，サン
的価値観,テキカチカン
積極的,セッキョクテキ
人規模,ニンキボ
進撃実写,シンゲキジッシャ
安穏族,アンノンゾク
国連機関,コクレンキカン
慰安婦記述,イアンフキジュツ
対ロシア,タイロシア
集団扱い,シュウダンアツカイ
韓国統監,カンコクトウカン
昭和１,ショウワイチ
資金力,シキンリョク
ドイツ軍,ドイツグン
サンフランシスコ体制,サンフランシスコタイセイ
左翼過激派,サヨクカゲキハ
inthe,インザ
作り手,ツクリシュ
三日,サンニチ
悪口書き,ワルグチガキ
三分の,サンブンノ
中東歴訪,チュウトウレキホウ
自民党議員,ジミントウギイン
朝日報道,アサヒホウドウ
自由世界,ジユウセカイ
式典中,シキテンチュウ
ら哀悼,ラアイトウ
大使館参事官,タイシカンサンジカン
ビザ発給,ビザハッキュウ
フィフィみたい,フィフィミタイ
右翼思想,ウヨクシソウ
全体的,ゼンタイテキ
歴史上,レキシジョウ
米欧,ベイオウ
自己規制,ジコキセイ
７年,ナナネン
日宣戦,ニチセンセン
２１,ニイチ
現代日本人,ゲンダイニッポンジン
朝日嫌い,アサヒギライ
例外的,レイガイテキ
客観的,キャッカンテキ
小保方晴子,オボカタハルコ
男ども,オトコドモ
有力候補,ユウリョクコウホ
７日,ナナニチ
監督作,カントクサク
日前,ニチマエ
三国,サンコク
今現在,イマゲンザイ
ウルトラ右翼,ウルトラウヨク
ドイツ兵,ドイツヘイ
二本,ニホン
変更不可能,ヘンコウフカノウ
死刑囚,シケイシュウ
推薦文,スイセンブン
過去ログ再掲,カコログサイケイ
９４,キュウヨン
うち僅か,ウチワズカ
ネット右翼ら,ネットウヨクラ
植民地化,ショクミンチカ
員たち,インタチ
現地人,ゲンチジン
神聖視,シンセイシ
猿アイコン,サルアイコン
対独,タイドク
義勇隊,ギユウタイ
２人,ニニン
吉田証言否定,ヨシダショウゲンヒテイ
ミヤ危機,ミヤキキ
A級戦犯ら,エイキュウセンパンラ
米軍側,ベイグンガワ
時期尚早,ジキショウソウ
ため慰安婦像,タメイアンフゾウ
メディア犯罪,メディアハンザイ
僅か数,ワズカスウ
年近く,ネンチカク
人が苦しみ,ジンガクルシミ
英国人著者,エイコクジンチョシャ
モスリム,モスリム
問題化,モンダイカ
ジャーナル日本版,ジャーナルニホンバン
祖国防衛,ソコクボウエイ
肯定本,コウテイホン
日系人たち,ニッケイジンタチ
高市総務相,タカイチソウムショウ
皇軍力,コウグンリョク
七回,ナナカイ
自民党政調会長,ジミントウセイチョウカイチョウ
フランス出身,フランスシュッシン
ネット上,ネットジョウ
デモクラシー精神,デモクラシーセイシン
８５,ハチゴ
数えきれない証言,カゾエキレナイショウゲン
名誉棄損,メイヨキソン
社会奉仕活動,シャカイホウシカツドウ
安倍政権下,アベセイケンカ
特撮タイトル,トクサツタイトル
インドネシア側,インドネシアガワ
おまえ音楽隊,オマエオンガクタイ
慰安婦戦争,イアンフセンソウ
非道行為,ヒドウコウイ
人中,ニンチュウ
暴力的,ボウリョクテキ
画面映え,ガメンハエ
高市氏,タカイチシ
日審査,ニチシンサ
加害責任,カガイセキニン
少女売春,ショウジョバイシュン
口止め工作,クチドメコウサク
危険領域,キケンリョウイキ
新聞漫画,シンブンマンガ
建設工費,ケンセツコウヒ
仏教国,ブッキョウコク
RTこれ,アールティーコレ
植民地政策,ショクミンチセイサク
１４,イチヨン
特定層,トクテイソウ
一千,イチセン
有名どころ,ユウメイドコロ
チェコ併合,チェコヘイゴウ
相手側,アイテガワ
プーチン体制,プーチンタイセイ
敗戦後,ハイセンゴ
日本の,ニッポンノ
マン画家,マンガカ
三億,サンオク
愛国者様,アイコクシャサマ
鼻血描写,ハナヂビョウシャ
原則主義,ゲンソクシュギ
謝罪要求決議,シャザイヨウキュウケツギ
悪党ども,アクトウドモ
経済封鎖,ケイザイフウサ
１０,イチゼロ
貧乏長屋,ビンボウナガヤ
千円,センエン
予定通り,ヨテイドオリ
80年代前半,ハチジュウネンダイゼンハン
おまえ寝坊,オマエネボウ
戦争中,センソウチュウ
ちん精神,チンセイシン
日本政府代表,ニッポンセイフダイヒョウ
女性自ら,ジョセイミズカラ
哀悼メッセージ,アイトウメッセージ
米教科書,ベイキョウカショ
女性器アーティスト,ジョセイキアーティスト
ロシア制裁,ロシアセイサイ
植民地権益,ショクミンチケンエキ
神風攻撃,カミカゼコウゲキ
同一視,ドウイツシ
０人,ゼロニン
軍制度,グンセイド
人目,ニンメ
午前中,ゴゼンチュウ
イスラエル大使館,イスラエルタイシカン
正社員登用,セイシャイントウヨウ
国連本体,コクレンホンタイ
釈放後,シャクホウゴ
０円,ゼロエン
十分の,ジュウブンノ
敗戦直後,ハイセンチョクゴ
ドイツ語,ドイツゴ
疎開先,ソカイサキ
国民的,コクミンテキ
inJapan,インジャパン
山口淑子さん,ヤマグチヨシコサン
訴え棄却,ウッタエキキャク
死刑制度,シケイセイド
肯定派,コウテイハ
千頭,セントウ
原因不明,ゲンインフメイ
ナチ第三帝国,ナチダイサンテイコク
敵側,テキガワ
かんちがい祭,カンチガイサイ
世界各国,セカイカッコク
複雑化,フクザツカ
倫理コード,リンリコード
失敗作,シッパイサク
ルーマニア出身,ルーマニアシュッシン
葉野菜,ハヤサイ
加筆報道,カヒツホウドウ
原告側,ゲンコクガワ
体質的,タイシツテキ
逮捕騒ぎ,タイホサワギ
韓国風,カンコクフウ
好意的,コウイテキ
テレビ出演,テレビシュツエン
トルコ合作,トルコガッサク
和平交渉,ワヘイコウショウ
８年,ハチネン
即刻辞任,ソッコクジニン
政治資金問題,セイジシキンモンダイ
ユダヤ人迫害,ユダヤジンハクガイ
的裁判,テキサイバン
参事官サキ,サンジカンサキ
福島取材,フクシマシュザイ
世界体制,セカイタイセイ
妻帯者,サイタイシャ
石原環境相,イシハラカンキョウショウ
一番信憑性,イチバンシンピョウセイ
二千,ニセン
予算委,ヨサンイ
慰安婦問題解決,イアンフモンダイカイケツ
苦しみ日本,クルシミニッポン
RTブータン,アールティーブータン
野口健氏,ノグチケンシ
希望者,キボウシャ
必死ぶり,ヒッシブリ
橋下市長,ハシシタシチョウ
女性愛,ジョセイアイ
転換点,テンカンテン
工場内,コウジョウナイ
すべてなんだろう,スベテナンダロウ
リベラル側,リベラルガワ
RT世界中,アールティーセカイジュウ
上世界,ジョウセカイ
妄言録,ボウゲンロク
