リンク記法,リンクキホウ
年前,ネンマエ
ホーム画面,ホームガメン
眞奈里,マナサト
通知音,ツウチオン
何年,ナンネン
研究者,ケンキュウシャ
小保方晴子,オボカタハルコ
直書き,ジカガキ
HTML直,エイチティーエムエルジカ
番勝負,バンショウブ
お前ら,オマエラ
一部おっさん,イチブオッサン
乗りたい人,ノリタイジン
晴子さん,ハルコサン
2013年5月,ニセンジュウサンネンゴガツ
教育関係者達,キョウイクカンケイシャタチ
の普通な,ノフツウナ
間コピペ,カンコピペ
予備軍,ヨビグン
公開鍵暗号通信,コウカイカギアンゴウツウシン
細分化,サイブンカ
日本ヘイト,ニッポンヘイト
Gyazoオフィス,ギャゾオフィス
スタンフォード大学,スタンフォードダイガク
ローカルマシン,ローカルマシン
すべて理解,スベテリカイ
オフィス前,オフィスマエ
公式ルール,コウシキルール
DNS設定,ディーエヌエスセッテイ
晴子氏,ハルコシ
マシン上,マシンジョウ
レンジャーズ佐藤,レンジャーズサトウ
今後改善,コンゴカイゼン
thatyou,ザットユウ
最終更新,サイシュウコウシン
自分達,ジブンタチ
いってみよ,イッテミヨ
差別欲求,サベツヨッキュウ
tiffみたい,ティフミタイ
情報処理学会全国大会,ジョウホウショリガッカイゼンコクタイカイ
久里浜駅前,クリハマエキマエ
行為自体,コウイジタイ
大手チェーン,オオテチェーン
全部理解,ゼンブリカイ
日時指定,ニチジシテイ
ショーケースみたい,ショーケースミタイ
カード提示,カードテイジ
問題発見,モンダイハッケン
無限音階,ムゲンオンカイ
効果的,コウカテキ
研究所新設,ケンキュウジョシンセツ
AmazonAPI,アマゾンエーピーアイ
ソフィア眞奈,ソフィアマナ
掛算ここ,カケザンココ
現在iOS,ゲンザイアイオーエス
大人になっても数学,オトナニナッテモスウガク
作成支援,サクセイシエン
自分用,ジブンヨウ
都民,トミン
パリ出張費,パリシュッチョウヒ
次通過,ジツウカ
精神的,セイシンテキ
４日,ヨンニチ
発表会,ハッピョウカイ
カタ焼きそば,カタヤキキソバ
停止ボタン,テイシボタン
神奈川県一周,カナガワケンイッシュウ
ため確認,タメカクニン
２７,ニナナ
すべてチェック,スベテチェック
個人的感想,コジンテキカンソウ
里ママ,サトママ
マシン間,マシンカン
７年,ナナネン
遺言作成,ユイゴンサクセイ
ジョブズ追放,ジョブズツイホウ
withTwitter,ウィズツイッター
未来構想,ミライコウソウ
クラウド上,クラウドジョウ
場合問題,バアイモンダイ
五番,ゴバン
startedwith,スターテッドウィズ
人感,ヒトカン
周辺一帯,シュウヘンイッタイ
内部抗争,ナイブコウソウ
他社ライセンス,タシャライセンス
勝負自分,ショウブジブン
６月４,ロクガツヨン
追放後,ツイホウゴ
応援団たち,オウエンダンタチ
繁忙期,ハンボウキ
民主主義学生運動,ミンシュシュギガクセイウンドウ
骨董扱い,コットウアツカイ
写真画像,シャシンガゾウ
普通に切符,フツウニキップ
小保方支援,オボカタシエン
好きな人達,スキナヒトタチ
音階ウダー,オンカイウダー
一発,イチハツ
100人分,ヒャクニンブン
当日限り,トウジツカギリ
ジョブズ以降,ジョブズイコウ
録音開始,ロクオンカイシ
isnow,イズナウ
伊藤和子氏,イトウカズコシ
ライセンスいって,ライセンスイッテ
至急調査,シキュウチョウサ
部門出身,ブモンシュッシン
習近平皇帝,シュウキンペイコウテイ
2000年代中盤,ニセンネンダイチュウバン
強制倒壊,キョウセイトウカイ
ら本物,ラホンモノ
インストール前,インストールマエ
囲碁マニア,イゴマニア
万円,マンエン
昔ブックオフ,ムカシブックオフ
母国擁護,ボコクヨウゴ
重要課題,ジュウヨウカダイ
いない家庭,イナイカテイ
規約全部,キヤクゼンブ
5月以前,ゴガツイゼン
数年,スウネン
itis,イットイズ
パスワード公開,パスワードコウカイ
の本来,ノホンライ
オーマイニュース的,オーマイニューステキ
wiki記法,ウィキキホウ
係長ヤバい,カカリチョウヤバイ
録音ボタン,ロクオンボタン
One情報処理学会,ワンジョウホウショリガッカイ
国コロンビア,クニコロンビア
皇帝陵,コウテイリョウ
私自身,ワタシジシン
クレカ番号,クレカバンゴウ
児童売春,ジドウバイシュン
これ何,コレナニ
読切劇場,ヨミキリゲキジョウ
とき録音,トキロクオン
昔tweet,ムカシトゥィート
井の頭レンジャーズ,イノカシラレンジャーズ
なぞなぞ問題,ナゾナゾモンダイ
愛国主義基地,アイコクシュギキチ
広告部門,コウコクブモン
佐藤メンチ,サトウメンチ
しょこめ,ショコメ
名門会社,メイモンカイシャ
AI研究,アイケンキュウ
分野製品,ブンヤセイヒン
文系出身,ブンケイシュッシン
揚げそば,アゲソバ
小保方氏,オボカタシ
HTML直書,エイチティーエムエルジキショ
創刊2号,ソウカンニゴウ
眞実,マコトミ
学生運動追悼,ガクセイウンドウツイトウ
売春地帯,バイシュンチタイ
標準的,ヒョウジュンテキ
長床,チョウユカ
Markdownみたい,マークダウンミタイ
保育所ブログ,ホイクショブログ
状況以外,ジョウキョウイガイ
隠し仕様です,カクシシヨウデス
クレカ明細,クレカメイサイ
タップ必要,タップヒツヨウ
JR久里浜駅,ジェイアールクリハマエキ
同情論,ドウジョウロン
カツ屋,カツヤ
知人男性,チジンダンセイ
血筋差別,チスジサベツ
一次,イチジ
発アウト,ハツアウト
生成可能,セイセイカノウ
記述方法,キジュツホウホウ
歩いてる側,アルイテルガワ
典型例,テンケイレイ
愛習近平,アイシュウキンペイ
政治家,セイジカ
何なんだろう,ナニナンダロウ
人が協調,ジンガキョウチョウ
Suica等,スイカトウ
最新ツイート,サイシンツイート
熊野神社長,クマノジンジャチョウ
ismy,イズマイ
人が本気,ジンガホンキ
ポストペイド,ポストペイド
最近の,サイキンノ
左派的,サハテキ
本だらけ,ホンダラケ
アプリ内,アプリナイ
左派活動家,サハカツドウカ
家庭差別,カテイサベツ
メディア芸術祭,メディアゲイジュツサイ
冷凍中華丼,レイトウチュウカドン
仲間たち,ナカマタチ
トランプ大統領,トランプダイトウリョウ
tweet後,トゥィートゴ
平方メートル面積,ヘイホウメートルメンセキ
Wiki記述,ウィキキジュツ
利己的,リコテキ
6月以降,ロクガツイコウ
暗号化,アンゴウカ
僕街,ボクガイ
連絡先,レンラクサキ
myfriend,マイフレンド
ウナギ好き,ウナギスキ
犯罪者予備,ハンザイシャヨビ
惣菜屋,ソウザイヤ
マヴォ読切,マヴォヨミキリ
上田眞,ウエダマコト
進行中,シンコウチュウ
何回,ナンカイ
ここ数,ココスウ
リアル購入履歴,リアルコウニュウリレキ
支援ブログ,シエンブログ
病気差別,ビョウキサベツ
アイブたん,アイブタン
表現力,ヒョウゲンリョク
画面上,ガメンジョウ
ウォッチングみたい,ウォッチングミタイ
憲法ヤバい,ケンポウヤバイ
らコミケ,ラコミケ
北朝鮮ウォッチング,キタチョウセンウォッチング
youstarted,ユウスターテッド
弱腰政治,ヨワゴシセイジ
中国失踪,チュウゴクシッソウ
タブレットMac,タブレットマック
劇場EP,ゲキジョウイーピー
米国研究,ベイコクケンキュウ
鍵束,カギタバ
そーだそーだ,ソーダソーダ
京都方面,キョウトホウメン
やり方以外,ヤリカタイガイ
的訣別,テキケツベツ
感ライト,カンライト
