wwwwww,スリーダブリュースリーダブリュー
残量,ザンリョウ
バッテリー残,バッテリーザン
サブ垢,サブアカ
入組,イリグミ
組自由,グミジユウ
絶対大切,ゼッタイタイセツ
射精中,シャセイチュウ
中at,チュウエーティー
エロ画像,エロガゾウ
現在およそ,ゲンザイオヨソ
精液残,セイエキザン
%ちん,パーセントチン
リプライ数,リプライスウ
めめ,メメ
池沼め,チショウメ
翔翔,ショウショウ
うは池沼,ウハチショウ
めうは,メウハ
お前ら,オマエラ
おまんちょ,オマンチョ
ポスト数,ポストスウ
うちRT,ウチアールティー
金運,キムハコブ
健康運,ケンコウウン
恋愛運,レンアイウン
仕事運,シゴトウン
統計ツイート,トウケイツイート
開開,ヒラキヒラキ
WWWWWW,スリーダブリュースリーダブリュー
コカインマン,コカインマン
規制通知,キセイツウチ
眼眼,メメ
来栖来栖,クルスクルス
愛してる愛してる,アイシテルアイシテル
人人人人,ヒトビトヒトビト
カカカカ,カカカカ
ハハハハ,ハハハハ
めうめ,メウメ
池沼池沼,チショウチショウ
一人,イチニン
嫁嫁,ヨメヨメ
来栖翔来栖翔,クルスショウクルスショウ
紅の豚紅の豚,クレナイノブタクレナイノブタ
ツイートふぁ,ツイートファ
神奈川県川崎市川崎区浅田2丁目,カナガワケンカワサキシカワサキクアサダニチョウメ
強強,キョウキョウ
罰金罰金,バッキンバッキン
足柄さん,アシガラサン
一日,イチニチ
生BAN,セイバン
全裸中年,ゼンラチュウネン
勉勉,ツトムツトム
万円,マンエン
緊急事態発生,キンキュウジタイハッセイ
中年男性,チュウネンダンセイ
万人,マンニン
ptランキング,パーティシペーションランキング
一回,イチカイ
さん足柄,サンアシガラ
%ポイント,パーセントポイント
男気全開,オトコケゼンカイ
孤独ちゃん,コドクチャン
全員フォロー,ゼンインフォロー
無理無理,ムリムリ
アルファツイッタラー,アルファツイッタラー
うめうは,ウメウハ
二人,ニニン
社会不適合,シャカイフテキゴウ
チン毛,チンモウ
人全員,ヒトゼンイン
めろ,メロ
行行,ユキアルキ
宮内美奈,ミヤウチミナ
お前洗面器,オマエセンメンキ
好き好き好き好き好き好き,スキスキスキスキスキスキ
美奈住所,ミナジュウショ
フォロワーさん,フォロワーサン
影響力,エイキョウリョク
フォローバック,フォローバック
学ラン,ガクラン
回目,カイメ
一位,イチイ
規制垢,キセイアカ
人人人,ヒトビトジン
スバルスバル,スバルスバル
不適合者,フテキゴウシャ
ツイート数,ツイートスウ
者社会,シャシャカイ
帰宅ただい,キタクタダイ
人RT,ヒトアールティー
翔ちゃん愛してる,ショウチャンアイシテル
翔ちゃんLOVE,ショウチャンラブ
授業中,ジュギョウチュウ
配信中,ハイシンチュウ
愛してる翔ちゃん,アイシテルショウチャン
ゴミネット恋愛,ゴミネットレンアイ
LOVE翔ちゃん,ラブショウチャン
俺前,オレマエ
那珂ちゃん,ナカチャン
女ツイッタラー,オンナツイッタラー
カゲプロ厨,カゲプロクリヤ
緑クッション,ミドリクッション
チョマッチ,チョマッチ
三✌,サンブイサイン
規制解除,キセイカイジョ
きもいきもい,キモイキモイ
固定会議,コテイカイギ
出出出出,デダシデダシ
キュー子,キューコ
✌三,チョキサン
ツイキャスクッション,ツイキャスクッション
マン毛,マンケ
絶対しません,ゼッタイシマセン
awayan,アウェイアン
名言集,メイゲンシュウ
すぎワロタ,スギワロタ
クッション乞食,クッションコジキ
クッション緑,クッションミドリ
健二住所,ケンジジュウショ
宮内健二,ミヤウチケンジ
ユーザー達,ユーザータチ
クロワッサンクロワッサン,クロワッサンクロワッサン
使命感,シメイカン
乞食放送,コジキホウソウ
画像一覧,ガゾウイチラン
twitter男性,ツイッターダンセイ
死死,シシ
会議勝手,カイギカッテ
やつ学校,ヤツガッコウ
童貞最高,ドウテイサイコウ
一番好き,イチバンスキ
顔画像,カオガゾウ
男性ユーザー,ダンセイユーザー
クズ共,クズドモ
loveyou,ラブユウ
びらこ,ビラコ
目潰し目潰し,メツブシメツブシ
まゆまゆ,マユマユ
相互希望,ソウゴキボウ
１５,イチゴ
分頃,フンゴロ
未成年飲酒,ミセイネンインシュ
キモいキモい,キモイキモイ
翔ちゃんlove,ショウチャンラブ
1日目,ツイタチメ
カマ騒ぎ,カマサワギ
ゴミカス,ゴミカス
関東和親,カントウワシン
んじゃなくて,ンジャナクテ
topeople,トゥピープル
月21日,ツキニジュウイチニチ
和親会,ワシンカイ
アルファ気取り,アルファキドリ
百合,ヒャクゴウ
今どきTwitter,イマドキツイッター
最高童貞,サイコウドウテイ
100%ちん,ヒャクパーセントチン
一度,イチド
嘘嘘,ウソウソ
方スマホ,カタスマホ
コミケ会場,コミケカイジョウ
バス運転手名言,バスウンテンシュメイゲン
月20日,ツキハツカ
ゴミクズ,ゴミクズ
小倉唯ちゃん,オグラユイチャン
□□□□□□,クチロロクチロロ
夏コミ1日,ナツコミツイタチ
♥精子,ハートセイシ
万枚,マンマイ
コミケバス運転手,コミケバスウンテンシュ
マジLOVE,マジラブ
みんなめ,ミンナメ
threeto,スリートゥ
なん度,ナンド
Twitter三銃士,ツイッターサンジュウシ
Twitter上,ツイッタージョウ
翔ちゃんマジ,ショウチャンマジ
はんこ,ハンコ
日目,ニチメ
中出しセックス,ナカダシセックス
うんこうんこ,ウンコウンコ
三銃士名鑑,サンジュウシメイカン
月25日,ツキニジュウゴニチ
♥♥,ハートハート
じゃなくてフォロー,ジャナクテフォロー
フォロバスピード,フォロバスピード
月23日,ツキニジュウサンニチ
億円,オクエン
僕以外,ボクイガイ
バーロー名探偵コナン,バーローメイタンテイコナン
２０,ニゼロ
生理中,セイリチュウ
シュw,シュワット
閲覧注意,エツランチュウイ
二二,ニニ
月26日,ツキニジュウロクニチ
%翔ちゃん,パーセントショウチャン
拉致監禁レイプ,ラチカンキンレイプ
ゴミ共,ゴミドモ
二回,ニカイ
電車内,デンシャナイ
アイスケース,アイスケース
人フェラ,ニンフェラ
ら全員,ラゼンイン
万ツイート,マンツイート
会議宣伝,カイギセンデン
高すぎ,ダカスギ
フォロワー数,フォロワースウ
女子中学生拉致監禁,ジョシチュウガクセイラチカンキン
🔍検索,ムシメガネケンサク
tabletpath,タブレットパス
俺たち,オレタチ
規制死,キセイシ
力皆無,リョクカイム
なんすか,ナンスカ
rrrr,アールアールアールアール
月22日,ツキニジュウニニチ
美少女め,ビショウジョメ
翔ちゃん翔ちゃん,ショウチャンショウチャン
秒前,ビョウマエ
毛うんこ,ケウンコ
音ゲー曲,オトゲーキョク
人以上,ニンイジョウ
彼女いない,カノジョイナイ
取って隣,トッテトナリ
二期,ニキ
うは電子,ウハデンシ
時頃,ジゴロ
そらる雑談,ソラルザツダン
うんこ雑談,ウンコザツダン
月13日,ツキジュウサンニチ
愛無双,アイムソウ
普通め,フツウメ
深海少女,シンカイショウジョ
月24日,ツキニジュウヨンニチ
月15日,ツキジュウゴニチ
こ凍結,コトウケツ
ホモガキ,ホモガキ
さそう,サソウ
指厨,ユビクリヤ
千円,センエン
高2身長,コウニシンチョウ
wシュ,ワットシュ
メールアドレスx3,メールアドレスエックススリー
てめぇら,テメェラ
顔写真,カオシャシン
視聴中,シチョウチュウ
outan,アウトアン
ちんぽみるく,チンポミルク
子作り,コヅクリ
学校行きたくない,ガッコウイキタクナイ
童貞,ワラベサダ
ソーニャちゃん,ソーニャチャン
k-xds-10,ケーエックスディーエステン
月28日,ツキニジュウハチニチ
あいつ嫌い,アイツキライ
generally,ジーンラリィ
Twitterつまんね,ツイッターツマンネ
月29日,ツキニジュウクニチ
月14日,ツキジュウヨンニチ
膣内,チツナイ
不適合社会,フテキゴウシャカイ
こと池沼,コトチショウ
月19日,ツキジュウクニチ
月17日,ツキジュウシチニチ
thatare,ザットアレ
FF外,エフエフガイ
月10日,ツキトオカ
オリジナルPV,オリジナルピーブイ
身長156cm,シンチョウヒャクゴジュウロクセンチメートル
これマジ,コレマジ
月27日,ツキニジュウシチニチ
神奈川県横浜市在住,カナガワケンヨコハマシザイジュウ
万歳,マンサイ
intwit,インツイット
尊師尊師,ソンシソンシ
リム祭り,リムマツリ
at 1,アールティープラスワン
組たん,グミタン
aregene,アレジーン
wwww,スリーダブリューワット
t 14:3,ティープラスワンヨンタイサン
月16日,ツキジュウロクニチ
一話,イチワ
日中,ニチチュウ
彩芽,イロドリメ
桐乃,キリダイ
156cmメールアドレス,ヒャクゴジュウロクセンチメートルメールアドレス
接近中,セッキンチュウ
x3k-x,エックススリーケーエックス
僕ちん,ボクチン
アルファ様,アルファサマ
歳高2,サイコウニ
月18日,ツキジュウハチニチ
月12日,ツキジュウニニチ
桜木町,サクラギマチ
月11日,ツキジュウイチニチ
じんさん,ジンサン
男子中学生,ダンシチュウガクセイ
何歳,ナンサイ
月30日,ツキサンジュウニチ
満足め,マンゾクメ
これ絶対,コレゼッタイ
金剛,キムツヨシ
雑魚共,ジャコドモ
指原莉乃住所,サシハラリノジュウショ
咲子ちゃん,サキコチャン
？？？？？？,ンンンンンン
ラン素敵だね,ランステキダネ
メカクシ完了,メカクシカンリョウ
バルス接近,バルスセッキン
チルドレンレコード,チルドレンレコード
たくないめ,タクナイメ
意識不明,イシキフメイ
煽り耐性,アオリタイセイ
地獄級,ジゴクキュウ
めうほほ,メウホホ
こと好き,コトスキ
健常者め,ケンジョウシャメ
相互オナニー,ソウゴオナニー
さめ,サメ
peoplethat,ピープルザット
限目,ゲンメ
つぶやき魔法少女,ツブヤキマホウショウジョ
フリー素材,フリーソザイ
RTとふ,アールティートフ
落下P,ラッカピー
アルファ三銃士,アルファサンジュウシ
あなたたち,アナタタチ
aaaaaa,トリプルエートリプルエー
時過ぎ,ジスギ
艦娘,カンムスメ
魔法少女りむ,マホウショウジョリム
リプ欄,リプラン
声マネ,コエマネ
１０,イチゼロ
漏れそう,モレソウ
乙武さん,オトタケサン
者数,シャスウ
組様,グミサマ
バルス♥,バルスハート
エゴRT,エゴアールティー
中a,チュウアール
最大震度3,サイダイシンドサン
童貞さん,ドウテイサン
明日誕生日,アシタタンジョウビ
毎日Skype,マイニチスカイプ
RTそう,アールティーソウ
以外全員,イガイゼンイン
なにこれ,ナニコレ
メイプル豆知識,メイプルマメチシキ
童貞卒業,ドウテイソツギョウ
時間後,ジカンゴ
愛液,アイエキ
００,ゼロゼロ
一年生,イチネンセイ
ファッキンホット,ファッキンホット
工業化MOD,コウギョウカモッド
ツイッタラー総選挙,ツイッタラーソウセンキョ
ツイート内容,ツイートナイヨウ
うまいめ,ウマイメ
iPhoneiPhone,アイフォンアイフォン
年前,ネンマエ
次第お伝え,シダイオツタエ
運営さん,ウンエイサン
報2013年,ホウニセンジュウサンネン
誕生日プレゼント,タンジョウビプレゼント
ここここ,ココココ
()お誕生日おめでとう,カッコオタンジョウビオメデトウ
うは健常者,ウハケンジョウシャ
美味すぎ,ビミスギ
震え声,フルエゴエ
２回,ニカイ
二度,ニド
レズセックス,レズセックス
１１,イチイチ
夜飯,ヨルメシ
まつ屋,マツヤ
黒学,クロガク
d3to,ディースリートゥ
学校TEL,ガッコウテル
tofolks,トゥフォークス
二次,ニジ
レム悲しみ,レムカナシミ
いつまでも死,イツマデモシ
気持ちい,キモチチイ
ニコ生視聴,ニコナマシチョウ
一発,イチハツ
Skype会議,スカイプカイギ
サブカルクソ女,サブカルクソジョ
主要神経,シュヨウシンケイ
人気者,ニンキシャ
何時,ナンジ
うほほうほほ,ウホホウホホ
身内ネタ,ミウチネタ
徹夜明け,テツヤアケ
みんな僕,ミンナボク
過去ツイ,カコツイ
2013年7月20日,ニセンジュウサンネンシチガツハツカ
A級以下,エーキュウイカ
２期,ニキ
☆☆☆今日,ミツボシキョウ
国王様,コクオウサマ
アイコン用,アイコンヨウ
艦隊これくしょん艦これ,カンタイコレクションカンコレ
三日,サンニチ
奴全員,ヤッコゼンイン
緊急地震速報最終,キンキュウジシンソクホウサイシュウ
愚民共,グミンドモ
やんちゃ娘,ヤンチャムスメ
学生同士,ガクセイドウシ
ざまぁwww,ザマァスリーダブリュー
救急車,キュウキュウシャ
下痢ウンチ,ゲリウンチ
焼きゴテ,ヤキゴテ
ツイッター操作,ツイッターソウサ
歳未満,サイミマン
一万,イチマン
こちとら,コチトラ
エロすぎ,エロスギ
何回,ナンカイ
あんふぁ,アンファ
相互アナニー,ソウゴアナニー
俺ら,オレラ
最終報,サイシュウホウ
横須賀線,ヨコスカセン
すぎん,スギン
者続出,シャゾクシュツ
MMD杯本選,エムエムディーハイホンセン
くろはツイート,クロハツイート
ルルルルル,ルルルルル
めうに,メウニ
twitat,ツイットアット
二次元,ニジゲン
政治家,セイジカ
小学校一,ショウガッコウイチ
キャスやろう,キャスヤロウ
さん好き,サンスキ
rallyin,ラリィイン
アルファコラージュ,アルファコラージュ
チョコラン,チョコラン
行こう行こう,ギョウコウギョウコウ
ちんこID,チンコアイディー
文字ID,モジアイディー
うにいじわる,ウニイジワル
オナニー中,オナニーチュウ
憤怒憤怒,フンドフンド
池沼だめ,チショウダメ
areon,アレオン
うまぢ,ウマヂ
僕本人,ボクホンニン
雌猫,メスネコ
誰め,ダレメ
フォロー爆撃,フォローバクゲキ
ことめ,コトメ
人rt,ヒトアールティー
何人,ナンニン
短小包茎,タンショウホウケイ
東方厨,トウホウクリヤ
申会議,サルカイギ
ごらんマイエンジェル,ゴランマイエンジェル
リフレクしょ,リフレクショ
夏期講習,カキコウシュウ
膣膣,チツチツ
ドラマー美少女,ドラマービショウジョ
ハンパないレム,ハンパナイレム
一期,イチキ
るぅ隊長,ルゥタイチョウ
一番最初,イチバンサイショ
intwitter,インツイッター
うはJC,ウハジェイシー
最高童,サイコウワラベ
💗💗,ハートハート
っうぇうぇ,ッウェウェ
DJあおい,ディージェイアオイ
天才ドラマー,テンサイドラマー
上半身裸,ジョウハンシンハダカ
SkypeID,スカイプアイディー
地震め,ジシンメ
意味不明,イミフメイ
なにそれ,ナニソレ
回MMD杯,カイエムエムディーハイ
ちんこヒュー,チンコヒュー
スタッフ名言,スタッフメイゲン
んすか,ンスカ
四章,ヨンショウ
喧嘩隊,ケンカタイ
腸内,チョウナイ
月31日,ツキサンジュウイチニチ
んちょ,ンチョ
一年前,イチネンマエ
arein,アレイン
位松井珠理奈,イマツイジュリナ
アルファ共,アルファドモ
位板野友美,イイタノトモミ
雨オナニー,アメオナニー
女子力高,ジョシリョクダカ
魅力的,ミリョクテキ
気取りたち,キドリタチ
女の子同士,オンナノコドウシ
誕生祭,タンジョウサイ
RTクロワッサン,アールティークロワッサン
ラブライブ２,ラブライブニ
世界最小,セカイサイショウ
空中リプ,クウチュウリプ
位小嶋陽菜,イコジマハルナ
様にめ,サマニメ
緑クロワッサン,ミドリクロワッサン
アナニー本,アナニーホン
disツイート,ディーアイエスツイート
位横山由依,イヨコヤマユイ
位宮澤佐江,イミヤザワサエ
繁殖スイッチ,ハンショクスイッチ
チンコ型,チンコガタ
猥褻行為,ワイセツコウイ
リムら,リムラ
４０,ヨンゼロ
ちゃら,チャラ
団体行動,ダンタイコウドウ
ためタイムライン,タメタイムライン
年ぶり,ネンブリ
三倍,サンバイ
jubeat筐体,ユビートキョウタイ
カゲプロ万,カゲプロマン
れいかちゃん,レイカチャン
ＱＢちゃん,キュービーチャン
期決定,キケッテイ
草彅剛,クサナギツヨシ
☝お前,ウエオマエ
RTスマイルプリキュア,アールティースマイルプリキュア
朝セックス,アサセックス
出しっぱなし,ダシッパナシ
ら辺,ラアタリ
従業員ミニストップ,ジュウギョウインミニストップ
位渡辺麻友,イワタナベマユ
まままま,ママママ
ネット恋愛一覧,ネットレンアイイチラン
特許出願,トッキョシュツガン
＞＜＞＜,カオモジカオモジ
清楚系,セイソケイ
指先イマジネーション,ユビサキイマジネーション
マジでキモい,マジデキモイ
人人,ジンジン
会議２,カイギニ
はむはむ,ハムハム
二郎,ニロウ
ちんちんストップ,チンチンストップ
万以上,マンイジョウ
全員クズ,ゼンインクズ
意味め,イミメ
愛好家,アイコウカ
マジ不滅,マジフメツ
スペック俺,スペックオレ
童貞コラ,ドウテイコラ
組いつ,グミイツ
猫繁殖,ネコハンショク
未成年喫煙,ミセイネンキツエン
顔ID,カオアイディー
ツイッタラー同士,ツイッタラードウシ
童顔なで肩,ドウガンナデガタ
ゲーム利用,ゲームリヨウ
凛ちゃん,リンチャン
一分,イチフン
９cm,キュウセンチメートル
バイト先,バイトサキ
ろなみ,ロナミ
ネタツイッタラー,ネタツイッタラー
一本,イチホン
スカチャン民,スカチャンミン
５９,ゴキュウ
キチガイユーザー,キチガイユーザー
歌ってみた動画,ウタッテミタドウガ
一枚,イチマイ
APIv,エーピーアイボルト
ontwit,オンツイット
padthree,ピーエーディスリー
Fooo,エフアウトオブオーダ
５日,ゴニチ
iPhoneペニス,アイフォンペニス
最大震度,サイダイシンド
拡散力,カクサンリョク
2013年7月15日,ニセンジュウサンネンシチガツジュウゴニチ
アイコンちゃん,アイコンチャン
選挙結果速報,センキョケッカソクホウ
オススメ変態,オススメヘンタイ
歌い手デビュー,ウタイテデビュー
位篠田麻里子,イシノダマリコ
意識高,イシキダカ
人向け,ヒトムケ
そういやみ,ソウイヤミ
でかすぎ,デカスギ
ちんぽいただき,チンポイタダキ
Pa,ピーアール
リア友たち,リアトモタチ
位柏木由紀,イカシワギユキ
モテる人,モテルジン
僕の,ボクノ
全体図,ゼンタイズ
暇時間,ヒマジカン
人一,ニンイチ
リア友が家,リアトモガカ
和歌山県北部,ワカヤマケンキタブ
回以上,カイイジョウ
幼稚園児,ヨウチエンジ
キレテル,キレテル
めてめ,メテメ
RTお願い,アールティーオネガイ
秒後,ビョウゴ
おいコラ,オイコラ
コミケ参加者,コミケサンカシャ
吐息混じり,トイキマジリ
ぐぶぶぅ,グブブゥ
スカBAN,スカバン
億人,オクニン
可愛すぎ,カワイスギ
帝国閣下,テイコクカッカ
ツイ禁,ツイキン
全体的,ゼンタイテキ
筐体周辺,キョウタイシュウヘン
小学生六,ショウガクセイロク
歳以上,サイイジョウ
組RT,グミアールティー
童貞宣言,ドウテイセンゲン
淫夢厨,インムクリヤ
ちんこ出して,チンコダシテ
系ビッチ,ケイビッチ
手間暇,テマヒマ
従業員丸源ラーメン,ジュウギョウインマルゲンラーメン
かよちん,カヨチン
系吐息,ケイトイキ
緊急地震速報2013年,キンキュウジシンソクホウニセンジュウサンネン
素材ライブ,ソザイライブ
位山本彩,イヤマモトサヤカ
ふたなり彼女,フタナリカノジョ
効果的,コウカテキ
穂乃,ミノルオサム
野獣妹,ヤジュウイモウト
おしっこ漏れ,オシッコモレ
機会みたい,キカイミタイ
これ以上,コレイジョウ
ちんアルファ,チンアルファ
脱糞忍者,ダップンニンジャ
位島崎遥香,イシマザキハルカ
男ツイッタラー,オトコツイッタラー
Twitter初心者,ツイッターショシンシャ
トロフィー数,トロフィースウ
イラン監督,イランカントク
それはん,ソレハン
童貞ちんぽ,ドウテイチンポ
HDDデータ,エイチディーディーデータ
フォロー数,フォロースウ
向けユーザー,ムケユーザー
規制中,キセイチュウ
１人,イチニン
１RT,イチアールティー
朝朝,チョウチョウ
素敵だね学,ステキダネガク
二軒,ニケン
午前中,ゴゼンチュウ
RTあなた,アールティーアナタ
スマートフォンBEST,スマートフォンベスト
淫夢民,インムミン
一年,イチネン
らみたい,ラミタイ
童貞処女,ドウテイショジョ
earthquake,アースクエイク
六年生,ロクネンセイ
年後,ネンゴ
位松井玲奈,イマツイレナ
来場者,ライジョウシャ
推定情報,スイテイジョウホウ
二日,ニニチ
一生大切,イッショウタイセツ
バス車内,バスシャナイ
女子会議,ジョシカイギ
爆撃垢,バクゲキアカ
ララララ,ララララ
ことりちゃん,コトリチャン
らおはよう,ラオハヨウ
横浜国立,ヨコハマコクリツ
ノンレム怒り,ノンレムイカリ
キモそう,キモソウ
こいつら,コイツラ
妨害容疑,ボウガイヨウギ
リスカHN,リスカエイチエヌ
にゃんにゃんちゃん,ニャンニャンチャン
ら学校,ラガッコウ
メツブシ作戦,メツブシサクセン
何め,ナニメ
運転手,ウンテンシュ
変態向け,ヘンタイムケ
ゴテめ,ゴテメ
人乗り,ニンノリ
１位,イチイ
RTこれ,アールティーコレ
具体例,グタイレイ
１逮捕,イチタイホ
お前みたい,オマエミタイ
顔面フリー,ガンメンフリー
位大島優子,イオオシマユウコ
湯さん,ユサン
牛丼屋,ギュウドンヤ
彼氏さん,カレシサン
ad3,アールディースリー
一見キモ,イッケンキモ
推薦垢,スイセンアカ
位高橋みなみ,イタカハシミナミ
thatinternet,ザットインターネット
誕生日誕生日,タンジョウビタンジョウビ
出願中,シュツガンチュウ
あそこら,アソコラ
ゆゆ,ユユ
ガイドさん,ガイドサン
従業員バーガーキング,ジュウギョウインバーガーキング
垢フォロバ,アカフォロバ
信者衛門,シンジャエモン
デート彼女,デートカノジョ
めちゃう,メチャウ
フォロー推奨,フォロースイショウ
朝ちんぽ,アサチンポ
解除申請,カイジョシンセイ
RT数,アールティースウ
チンポッポ,チンポッポ
童貞オタク,ドウテイオタク
thatweb,ザットウェブ
RTわたし,アールティーワタシ
セックス博物館,セックスハクブツカン
肩パン大会,カタパンタイカイ
人がいない,ジンガイナイ
めんめん,メンメン
本当にあった怖い話,ホントウニアッタコワイハナシ
フォロー推薦,フォロースイセン
セックスセックスセックスセックス,セックスセックスセックスセックス
彼氏彼女,カレシカノジョ
RT今日,アールティーキョウ
入試妨害,ニュウシボウガイ
たんフォロー,タンフォロー
下ネタツイート,シモネタツイート
○個,レイコ
露出陰茎,ロシュツインケイ
一個,イチコ
GoogleDNS,グーグルディーエヌエス
vip君,ビップクン
ontwitter,オンツイッター
ぐろりえ,グロリエ
データ解析,データカイセキ
