WiFi難民,ワイファイナンミン
TravisCI,トラビスシーアイ
全体的,ゼンタイテキ
HHKBBT,ハッピーハッキングキーボードビーティー
基礎知識,キソチシキ
温玉,ユタカダマ
分散合意,ブンサンゴウイ
店員さん,テンインサン
単焦点レンズ,タンショウテンレンズ
高過ぎ,ダカスギ
運転担当,ウンテンタントウ
冪等,ベキトウ
必要以上,ヒツヨウイジョウ
あと通知,アトツウチ
体力切れ,タイリョクギレ
ニコ動勢,ニコドウゼイ
予約済み,ヨヤクズミ
ヶ月前,カゲツマエ
海外全部,カイガイゼンブ
ダウンタウン周辺,ダウンタウンシュウヘン
人が無知,ジンガムチ
dosomething,ドーサムシング
人工知能同士,ジンコウチノウドウシ
無しDMV,ナシディーエムブイ
原タイム,ゲンタイム
今年二,コトシニ
それ以外,ソレイガイ
湿度高,シツドダカ
結局現場,ケッキョクゲンバ
アレは気,アレハキ
IPアドレスBAN,アイピーアドレスバン
D言語くん,ディーゲンゴクン
気温差,キオンサ
詐欺師達,サギシタチ
移転記念,イテンキネン
トンカツノーチャン,トンカツノーチャン
インターン応募,インターンオウボ
初期段階,ショキダンカイ
一時ライセンス,イチジライセンス
分散システム的,ブンサンシステムテキ
歩行者信号,ホコウシャシンゴウ
動画周り,ドウガマワリ
メモリ単価,メモリタンカ
会員解約,カイインカイヤク
殺傷力,サッショウリョク
IIDXEnterprise,ツーデラックスエンタープライズ
は元中,ハモトチュウ
ため俺,タメオレ
ネギトロ温,ネギトロユタカ
一緒に練習,イッショニレンシュウ
樽系,タルケイ
10日分,トオカブン
自動支払い,ジドウシハライ
強化系,キョウカケイ
日本出張,ニッポンシュッチョウ
ウェブサイト情報,ウェブサイトジョウホウ
気満々,キマンマン
ですよ。年齢,デスヨネンレイ
救急車,キュウキュウシャ
年間パス,ネンカンパス
何回,ナンカイ
金曜あたり,キンヨウアタリ
マルチメディア系,マルチメディアケイ
SF飲み会,エスエフノミカイ
人類はいつ,ジンルイハイツ
一発,イチハツ
フレームあたり,フレームアタリ
酒一,シュイチ
結局office,ケッキョクオフィス
時間調整,ジカンチョウセイ
開発スキル,カイハツスキル
人先月,ヒトセンゲツ
二週間,ニシュウカン
今日ビール,キョウビール
日本酒,ニッポンシュ
ifyou,イフユウ
週間前,シュウカンマエ
GoogleIO,グーグルイオ
樽フィニッシュ,タルフィニッシュ
ニコ動海外,ニコドウカイガイ
公式情報,コウシキジョウホウ
様子見安定,ヨウスミアンテイ
向き時差ボケ,ムキジサボケ
必要みたい,ヒツヨウミタイ
受動的,ジュドウテキ
それ以降,ソレイコウ
岡野原,オカノゲン
毎年締め切り,マイトシシメキリ
全部ブロック,ゼンブブロック
日本の,ニッポンノ
すぎん,スギン
マニュアル運転,マニュアルウンテン
コミックス発売,コミックスハツバイ
順番待ち,ジュンバンマチ
合意クラスター,ゴウイクラスター
理不尽さ,リフジンサ
travis側,トラビスガワ
ニコ動AT&T,ニコドウエーティアンドティ
明示的,メイジテキ
並び順,ナラビジュン
自分世代,ジブンセダイ
社長チーム,シャチョウチーム
Mateoダウンタウン,マテオダウンタウン
VISAステータス,ビザステータス
会社住所,カイシャジュウショ
免許更新通知,メンキョコウシンツウチ
ノーチャンオワタ,ノーチャンオワタ
その後気,ソノゴキ
明日SF,アシタエスエフ
スキルセット,スキルセット
数秒,スウビョウ
時発,ジハツ
易クリア,エキクリア
出張時,シュッチョウジ
アポ無し,アポナシ
直接動画,チョクセツドウガ
書類選考段階,ショルイセンコウダンカイ
カンファレンス割引,カンファレンスワリビキ
秒前,ビョウマエ
プレイ動画,プレイドウガ
方仕事,カタシゴト
割以上,ワリイジョウ
締め切り数,シメキリスウ
jpさん,ジェーピーサン
年前,ネンマエ
回重複,カイジュウフク
AtCoder上,アットコーダージョウ
あと写真,アトシャシン
連載再開,レンサイサイカイ
PFIセミナー,ピーエフアイセミナー
引っ越し直後,ヒッコシチョクゴ
実現手段,ジツゲンシュダン
さw,サワット
疑問視,ギモンシ
ため思考,タメシコウ
一度,イチド
新メンバー加入,シンメンバーカニュウ
SOCKSプロキシ,ソックスプロキシ
待ち列,マチレツ
ヶ月後,カゲツゴ
割方,ワリカタ
玉丼,ダマドンブリ
プロコンスキル,プロコンスキル
以上前,イジョウマエ
AtCoderはほん,アットコーダーハホン
こと理論,コトリロン
支払い設定,シハライセッテイ
GBあたり,ギガバイトアタリ
Internet更新,インターネットコウシン
今回みたい,コンカイミタイ
BTスイッチ,ビーティースイッチ
なんなんだろう,ナンナンダロウ
DBサーバー,ダイムバックサーバー
中心地,チュウシンチ
夕暮れ前,ユウグレマエ
価格体系,カカクタイケイ
子連れヨセミテ,コヅレヨセミテ
ラッパーみたい,ラッパーミタイ
生産性ガタ落ち,セイサンセイガタオチ
顔写真,カオシャシン
100%判定,ヒャクパーセントハンテイ
ものリスト,モノリスト
締め切り間近,シメキリマヂカ
免許更新オワタ,メンキョコウシンオワタ
専門外,センモンガイ
海外ニコ動,カイガイニコドウ
時差ボケ修正,ジサボケシュウセイ
日系レストラン,ニッケイレストラン
IRSさん,アイアールエスサン
中毒者,チュウドクシャ
Napa巡り,ナパメグリ
入国自動化ゲート,ニュウコクジドウカゲート
重複リトライ,ジュウフクリトライ
ポート樽,ポートタル
ルートビア好き,ルートビアスキ
ニコ動ブロック,ニコドウブロック
人待ち,ニンマチ
電子版,デンシバン
情弱><,ジョウジャクカオモジ
住所変更,ジュウショヘンコウ
データ量,データリョウ
あたり月,アタリツキ
出張後,シュッチョウゴ
実行手段,ジッコウシュダン
宇宙語,ウチュウゴ
瞬発力,シュンパツリョク
会場設営,カイジョウセツエイ
女性ドライバー,ジョセイドライバー
さすぎ,サスギ
回会社,カイカイシャ
力高い,リョクコウイ
電子ノート,デンシノート
ズコーじゃなくて,ズコージャナクテ
入国審査,ニュウコクシンサ
傲慢ちゃん,ゴウマンチャン
結局ニコ動,ケッキョクニコドウ
年以上,ネンイジョウ
完全初心者,カンゼンショシンシャ
3日以内,ミッカイナイ
毎月会社,マイツキカイシャ
定休日,テイキュウビ
あと電子,アトデンシ
ハードハード,ハードハード
夕方雨,ユウガタアメ
一気,イチキ
5月末,ゴガツマツ
日以内,ニチイナイ
二時,ニジ
泊2日,ハクフツカ
円次第,エンシダイ
赤ちゃん本舗神,アカチャンホンポシン
オフィス移転,オフィスイテン
IO当選,イオトウセン
プロコン能力,プロコンノウリョク
会社BBQ,カイシャバーベキュー
4日目,ヨッカメ
わからんの,ワカランノ
審査待ち,シンサマチ
完全移行,カンゼンイコウ
東京リージョン,トウキョウリージョン
ちゃんDPA,チャンディーピーエー
製品開発,セイヒンカイハツ
明日DMV,アシタディーエムブイ
応募締め切り,オウボシメキリ
徒歩移動,トホイドウ
海外IPアドレス,カイガイアイピーアドレス
起伏みたい,キフクミタイ
記念パーティー,キネンパーティー
プレミアム会員,プレミアムカイイン
結局ssh,ケッキョクエスエスエイチ
さそう,サソウ
ここ一年,ココイチネン
成長痛,セイチョウツウ
項目すべて,コウモクスベテ
レイヤー以外,レイヤーイガイ
二回,ニカイ
youdo,ユウドー
猶予期間,ユウヨキカン
ことしてんじゃ,コトシテンジャ
理論的,リロンテキ
思考過程,シコウカテイ
需要的,ジュヨウテキ
みんな洗練,ミンナセンレン
使い所,ツカイショ
故障シグナル,コショウシグナル
待ち中,マチチュウ
出張予定,シュッチョウヨテイ
東向き,ヒガシムキ
午前二,ゴゼンニ
回目,カイメ
ビッグデータ歴,ビッグデータレキ
