週目,シュウメ
目後半,メコウハン
目前半,メゼンハン
拡張カラム,カクチョウカラム
Unicode9.,ユニコードキュウ
さそう,サソウ
作業中,サギョウチュウ
NLP若手,エヌエルピーワカテ
味あられ,ミアラレ
%位,パーセントイ
の無理,ノムリ
言語処理,ゲンゴショリ
設営部隊,セツエイブタイ
5月末,ゴガツマツ
空白文字,クウハクモジ
アボカド先生,アボカドセンセイ
何度,ナンド
お菓子コーナー,オカシコーナー
小倉焼きうどん,オグラヤキウドン
梅雨明け,ツユアケ
MacBookAir,マックブックエア
懇親会,コンシンカイ
📕来週,ホンライシュウ
3日目,ミッカメ
コロッケ祭,コロッケサイ
6月辺り,ロクガツアタリ
カラムデータ,カラムデータ
経験上,ケイケンジョウ
🍵次,オチャジ
文生成,ブンセイセイ
特設受付,トクセツウケツケ
分野外,ブンヤガイ
本質的,ホンシツテキ
パン🍞,パンバン
受付付近,ウケツケフキン
仕事感,シゴトカン
エンジニア向け,エンジニアムケ
一斉値下げ,イッセイネサゲ
ガイドラインクイズ,ガイドラインクイズ
😄各社,エガオカクシャ
1日分,ツイタチブン
参加お待ち,サンカオマチ
分位,ブンイ
手戻り,テモドリ
neologdイベント,ネオログディーイベント
JJUGCCC,ジェイジャグシーシーシー
スープご飯,スープゴハン
生活時間,セイカツジカン
カオガパオ,カオガパオ
エラー率,エラーリツ
GW中,ガンダムウイングチュウ
mecabパッケージ,メカブパッケージ
入場対応,ニュウジョウタイオウ
むね肉,ムネニク
梅ごはん,ウメゴハン
コマンドラインツール,コマンドラインツール
人工知能学会全国大会,ジンコウチノウガッカイゼンコクタイカイ
ifyou,イフユウ
話して🎙,ハナシテレコーディングマイク
📕災害,ホンサイガイ
論文通り,ロンブンドオリ
アップデート中,アップデートチュウ
試験的,シケンテキ
麺バル,メンバル
SIMフリーiPhone,シムフリーアイフォン
技術イベント,ギジュツイベント
(株)会議室,カブシキガイシャカイギシツ
末以降,マツイコウ
UTF8,ユーティーエフエイト
億円,オクエン
更新作業,コウシンサギョウ
スーパー店員,スーパーテンイン
解決法,カイケツホウ
カツ丼梅,カツドンウメ
FPSaction,エフピーエスアクション
円単位,エンタンイ
Web全体,Webゼンタイ
テキスト生成,テキストセイセイ
マルチモーダル,マルチモーダル
ここ数,ココスウ
CSVファイル,シーエスブイファイル
📕明日,ホンアシタ
あられ🍵,アラレオチャ
門司港焼きカレー,モジコウヤキカレー
🔧今年,レンチコトシ
🛌さっき,シュクハクシセツサッキ
一カ月,イチカゲツ
🍡🎏,オダンゴコイノボリ
処理方面,ショリホウメン
明け以降,アケイコウ
Unicode絵文字,ユニコードエモジ
焚き火LIVE,タキビライブ
創造性,ソウゾウセイ
生鮮食品売り場,セイセンショクヒンウリバ
大丈夫そう,ダイジョウブソウ
焼きうどん味,ヤキウドンミ
知的資源,チテキシゲン
2日目,フツカメ
文字削減,モジサクゲン
ルマンドアイス,ルマンドアイス
地図上,チズジョウ
小倉地区,コクラチク
統計的機械翻訳,トウケイテキキカイホンヤク
整頓作業,セイトンサギョウ
完食,カンショク
全て既知,スベテキチ
📕v,ホンボルト
プリンタドライバ,プリンタドライバ
災害情報,サイガイジョウホウ
緑茶用,リョクチャヨウ
全部解決,ゼンブカイケツ
現場エンジニア,ゲンバエンジニア
味処,アジショ
bythe,ビーワイザ
メンション,メンション
安全性確保,アンゼンセイカクホ
根本的,コンポンテキ
さっきお腹,サッキオナカ
社会生活基本,シャカイセイカツキホン
記事処理,キジショリ
カラム用,カラムヨウ
シーフードスープ,シーフードスープ
youlike,ユウライク
ポチ鶏,ポチニワトリ
リリース前,リリースマエ
😅木曜日,エガオモクヨウビ
ばくだん屋渋谷店,バクダンヤシブヤテン
サイト群,サイトグン
サニーパン,サニーパン
タブ移動,タブイドウ
ごはん少なめ,ゴハンスクナメ
インタラクティブセッション,インタラクティブセッション
大切さ,タイセツサ
全角空白,ゼンカククウハク
🎲🎲,サイコロサイコロ
ニンジャスレイヤーネオサイタマ,ニンジャスレイヤーネオサイタマ
子トップ,コトップ
数日,スウニチ
📕最近,ホンサイキン
ブレスオブ,ブレスオブ
水信玄餅,ミズシンゲンモチ
来週月曜,ライシュウゲツヨウ
一切期待,イッサイキタイ
新入生歓迎,シンニュウセイカンゲイ
リリース作業,リリースサギョウ
網羅性,モウラセイ
生成結果,セイセイケッカ
エントリ化,エントリカ
化作業,カサギョウ
学生向け,ガクセイムケ
お昼ご飯,オヒルゴハン
データ生成,データセイセイ
SNSガイド,エスエヌエスガイド
大体追加,ダイタイツイカ
疲労感,ヒロウカン
回勉強会,カイベンキョウカイ
週間ぶり,シュウカンブリ
焼きカレー味,ヤキカレーミ
歓迎BBQ,カンゲイバーベキュー
一回,イチカイ
やろう☕,ヤロウホットドリンク
会話して,カイハナシテ
田舎庵,イナカアン
結果要約,ケッカヨウヤク
デスク周り,デスクマワリ
人工知能方面,ジンコウチノウホウメン
バルばくだん屋,バルバクダンヤ
OSセッション,オーエスセッション
お菓子群,オカシグン
森岡賢さん,モリオカケンサン
基本調査,キホンチョウサ
開発アルバイト,カイハツアルバイト
新日鐵住金八幡製鐵所,シンニッテツスミキンヤハタセイテツショ
生成ツール,セイセイツール
調査生活,チョウサセイカツ
自然言語処理研究,シゼンゲンゴショリケンキュウ
北九州空港✈,キタキュウシュウクウコウヒコウ
回更新,カイコウシン
永遠に報酬,エイエンニホウシュウ
出て夕食,ダシテユウショク
明日祝日,アシタシュクジツ
📕風邪,ホンカゼ
特別イベント,トクベツイベント
トップ会議,トップカイギ
若干マシ,ジャッカンマシ
そうw,ソウワット
LINEオフィス,ラインオフィス
半角空白,ハンカククウハク
人がお金,ジンガオカネ
割位,ワリイ
類データ,ルイデータ
📕限界,ホンゲンカイ
仕事用,シゴトヨウ
ニュース記事,ニュースキジ
遅れ入場,オクレニュウジョウ
１人,イチニン
英会,エイカイ
トランクケース,トランクケース
気をつけよう,キヲツケヨウ
キャラ名,キャラメイ
数量表現,スウリョウヒョウゲン
のダルい,ノダルイ
基本語彙,キホンゴイ
セキュリティアップデート,セキュリティアップデート
衝撃的,ショウゲキテキ
地区🏭,チクコウジョウ
辞書ファイル,ジショファイル
平成23年社会生活,ヘイセイニジュウサンネンシャカイセイカツ
これ起動,コレキドウ
位損,イソン
アルファベットエントリ,アルファベットエントリ
鶏むね,ニワトリムネ
デスストランディング,デスストランディング
論文紹介,ロンブンショウカイ
見出語,ミダシゴ
提案書,テイアンショ
半角化,ハンカクカ
ダメby,ダメビーワイ
将棋解説,ショウギカイセツ
😆スピーカー,エガオスピーカー
一般化,イッパンカ
PFI(株),ピーエフアイカブシキガイシャ
今週末,コンシュウマツ
既知エラー,キチエラー
時位,ジイ
トーク順,トークジュン
広島麺,ヒロシマメン
ネオサイタマ炎上,ネオサイタマエンジョウ
バージョン依存,バージョンイゾン
移動時,イドウジ
年先,ネンサキ
解説文,カイセツブン
候補生成,コウホセイセイ
細分類,サイブンルイ
次回イベント,ジカイイベント
作業自体,サギョウジタイ
集合内,シュウゴウナイ
天うどん,テンウドン
ページ目,ページメ
上目的,ジョウモクテキ
研究者,ケンキュウシャ
ラベル化,ラベルカ
ラブリードール問題,ラブリードールモンダイ
システム辞書,システムジショ
URL全部,ユーアールエルゼンブ
買い出し部隊,カイダシブタイ
処理結果,ショリケッカ
日仙人,ヒセンニン
あと一,アトイチ
🍵🍡,オチャオダンゴ
まじすか,マジスカ
マルチラベル,マルチラベル
ほうじ茶用,ホウジチャヨウ
定時退社,テイジタイシャ
スコア値,スコアチ
😢マジ,ナミダマジ
是非フォロー,ゼヒフォロー
時間表現,ジカンヒョウゲン
コンプラクイズ,コンプラクイズ
西立川駅集合,ニシタチカワエキシュウゴウ
