コカインマン,コカインマン
金金,キンキン
速報速報,ソクホウソクホウ
お前ら,オマエラ
おっぱいおっぱい,オッパイオッパイ
淫夢語録,インムゴロク
それ一番,ソレイチバン
ホモガキ,ホモガキ
一回,イチカイ
万円,マンエン
何回,ナンカイ
ガキガキ,ガキガキ
れいら,レイラ
所持金,ショジキン
昏睡レイプ,コンスイレイプ
キモオタク,キモオタク
今田耕司先輩,イマダコウジセンパイ
相互厨,ソウゴクリヤ
三三三,サンサンゾウ
特別学級,トクベツガッキュウ
年前,ネンマエ
嘘つけ,ウソツケ
ユルサナ,ユルサナ
つけ絶対,ツケゼッタイ
一日,イチニチ
さすぎ,サスギ
使命感,シメイカン
今なん,イマナン
コスプレセックス,コスプレセックス
エゴRT,エゴアールティー
サナイユ,サナイユ
さそう,サソウ
ナイユル,ナイユル
俺たち,オレタチ
これ以上,コレイジョウ
舌舌,シタシタ
田所浩二,タドコロコウジ
アルファカレンダー,アルファカレンダー
これマジ,コレマジ
死死,シシ
シャムゲーム,シャムゲーム
意味わからん,イミワカラン
円分,エンブン
大物YouTuber,オオモノユーチューバー
なにそれ,ナニソレ
一人,イチニン
闘技場,トウギジョウ
こと好き,コトスキ
淫夢動画,インムドウガ
顔芸,ガオゲイ
ばいばい,バイバイ
明日休み,アシタヤスミ
充電機,ジュウデンキ
ホモセックス,ホモセックス
携帯代,ケイタイダイ
魔剣士,マケンシ
かっこよすぎ,カッコヨスギ
多すぎ,タスギ
桁フォロー,ケタフォロー
激寒,ゲキカン
それいち,ソレイチ
実況者,ジッキョウシャ
ガン堀,ガンホリ
何時,ナンジ
さ様,ササマ
ナウw,ナウワット
魔王フェス,マオウフェス
やつ全員,ヤツゼンイン
一般通過,イッパンツウカ
mamちゃん,エムエーエムチャン
意味不明,イミフメイ
夜飯,ヨルメシ
究極転生,キュウキョクテンセイ
家庭用,カテイヨウ
ばすぎ,バスギ
回目,カイメ
王玉,オウタマ
エロアニメ,エロアニメ
竹達,タケタチ
シコ画像,シコガゾウ
映画館,エイガカン
億年,オクネン
シコら,シコラ
オナニータイム,オナニータイム
2日間,フツカカン
全員ブロック,ゼンインブロック
家誰,イエダレ
羽毛布団,ウモウフトン
ろw,ロワット
おばよう,オバヨウ
回復役,カイフクヤク
池沼みたい,チショウミタイ
毎日セックス,マイニチセックス
淫夢民,インムミン
一ヶ月,イチカゲツ
銀地図,ギンジズ
中GO,チュウゴウ
ホラー淫夢,ホラーインム
気持ちぃ,キモチチィ
下右京,カウキョウ
3日間,ミッカカン
絶賛社畜,ゼッサンシャチク
ニコ動本社,ニコドウホンシャ
ルビィちゃん,ルビィチャン
日中,ニチチュウ
ゴミ人間,ゴミニンゲン
池沼理論,チショウリロン
ヤジュウセンマイ,ヤジュウセンマイ
エロ動画,エロドウガ
社畜中,シャチクチュウ
右下,ミギカ
ただいまんこ,タダイマンコ
post規制,ポストキセイ
中学生並,チュウガクセイナミ
それ以外,ソレイガイ
携帯ショップ,ケイタイショップ
人無理,ヒトムリ
自演招待,ジエンショウタイ
定期的,テイキテキ
人フォロー,ヒトフォロー
ブサイクさん,ブサイクサン
なんなん,ナンナン
みらいさん,ミライサン
ラブライブ好き,ラブライブスキ
なにいってん,ナニイッテン
フリー素材,フリーソザイ
気持ち悪い,キモチアクイ
空中リプ,クウチュウリプ
万歳,マンサイ
サテライトキャノン,サテライトキャノン
礼ちゃん,アヤチャン
でかすぎ,デカスギ
当たり前体操,アタリマエタイソウ
今月携帯,コンゲツケイタイ
それ以上,ソレイジョウ
雑魚キャラ,ジャコキャラ
好きすぎ,スキスギ
宣伝ツイート,センデンツイート
時間労働,ジカンロウドウ
ONON,オンオン
すぎ下,スギカ
お前何,オマエナニ
昼出勤,ヒルシュッキン
ガチ池沼,ガチチショウ
エロ垢,エロアカ
DQシリーズ,ディーキューシリーズ
顔面芸人,ガンメンゲイニン
らら,ララ
強制友達,キョウセイトモダチ
身体ボロボロ,シンタイボロボロ
今田耕司BB,イマダコウジビービー
誰得自撮り,ダレトクジドリ
円生活,エンセイカツ
メンヘラ気味,メンヘラギミ
日払い,ニチハライ
男性NG,ダンセイエヌジー
ツイッター最強,ツイッターサイキョウ
エロナース,エロナース
通過爺,ツウカジイ
フォロワーさん,フォロワーサン
うますぎ,ウマスギ
空手部,カラテブ
明日仕事,アシタシゴト
加賀香子ちゃん,カガコウコチャン
これ絶対,コレゼッタイ
ゴミクズ,ゴミクズ
有料会員,ユウリョウカイイン
オタク特有,オタクトクユウ
これすき,コレスキ
オタクグッズ,オタクグッズ
姉貴,アネタカ
身体痛,シンタイツウ
あくましんかん,アクマシンカン
人募集,ヒトボシュウ
自撮りアイコン,ジドリアイコン
女の子すき,オンナノコスキ
ベリベリテープ,ベリベリテープ
サブ垢,サブアカ
間オナ禁,カンオナキン
女性歓迎,ジョセイカンゲイ
神bgm,シンビージーエム
攻撃役,コウゲキヤク
泉南イオン,センナンイオン
だいうち,ダイウチ
残業確定,ザンギョウカクテイ
ゲスい,ゲスイ
萌え豚アニメ,モエブタアニメ
リア垢,リアアカ
すぎw,スギワット
鍵垢,カギアカ
覚醒技,カクセイワザ
自撮り大会,ジドリタイカイ
お前童貞,オマエドウテイ
ららち,ララチ
黒ギャル,クロギャル
