万円,マンエン
万人,マンニン
LIFEMAKERS,ライフメイカーズ
億円,オクエン
年前,ネンマエ
さそう,サソウ
佐々木俊尚さん,ササキトシナオサン
NHKニュース,エヌエイチケイニュース
有料メールマガジン,ユウリョウメールマガジン
安保法制,アンポホウセイ
世界的,セカイテキ
本日配信,ホンジツハイシン
千円,センエン
千万,センマン
一度,イチド
千人,センニン
佐々木俊尚氏,ササキトシナオシ
００,ゼロゼロ
％減,パーセントゲン
年ぶり,ネンブリ
衝撃的,ショウゲキテキ
トランプ氏,トランプシ
シリア難民,シリアナンミン
千年,センネン
良記事,リョウキジ
兆円,チョウエン
２０,ニゼロ
一人,イチニン
年後,ネンゴ
政治家,セイジカ
出版業界,シュッパンギョウカイ
億ドル,オクドル
最終的,サイシュウテキ
研究者,ケンキュウシャ
年以上,ネンイジョウ
国際協調,コクサイキョウチョウ
佐々木さん,ササキサン
０年,ゼロネン
万部,マンブ
数千,スウセン
ヨーロピアン驚き,ヨーロピアンオドロキ
トークイベント,トークイベント
男たち,オトコタチ
可視化,カシカ
新興メディア,シンコウメディア
日米,ニチベイ
一歩,イチホ
難民問題,ナンミンモンダイ
数十,スウジュウ
開発中,カイハツチュウ
拠点生活,キョテンセイカツ
災害時,サイガイジ
日本酒,ニッポンシュ
人以上,ニンイジョウ
支持者,シジシャ
子供たち,コドモタチ
米大統領選,ベイダイトウリョウセン
氏ら,シラ
メルマガ特集,メルマガトクシュウ
感動的,カンドウテキ
危険性,キケンセイ
一日,イチニチ
数百,スウヒャク
十年,ジュウネン
歳以上,サイイジョウ
万ドル,マンドル
松尾たいこブログ,マツオタイコブログ
映画館,エイガカン
刺激的,シゲキテキ
神秘的,シンピテキ
ここ数,ココスウ
メディア業界,メディアギョウカイ
１０,イチゼロ
何度,ナンド
年連続,ネンレンゾク
影響力,エイキョウリョク
屑籠,クズカゴ
日本上陸,ニッポンジョウリク
円以上,エンイジョウ
解決策,カイケツサク
未来地図レポート,ミライチズレポート
リンク先,リンクサキ
百万,ヒャクマン
当事者性,トウジシャセイ
公正さ,コウセイサ
見え方,ミエカタ
ネット上,ネットジョウ
シェアサービス,シェアサービス
今度やってみよう,コンドヤッテミヨウ
公開中,コウカイチュウ
戦死者,センシシャ
利用可能,リヨウカノウ
年陶画,ネントウガ
デジタル化,デジタルカ
調査結果,チョウサケッカ
さん記事,サンキジ
万戸,マンコ
本当そう,ホントウソウ
政治勢力,セイジセイリョク
人口減,ジンコウゲン
広告ブロック,コウコクブロック
予告篇,ヨコクヘン
ゼロリスク,ゼロリスク
円以下,エンイカ
過去最高,カコサイコウ
円安,エンヤス
倍以上,バイイジョウ
日常的,ニチジョウテキ
運転手,ウンテンシュ
平和維持,ヘイワイジ
億人,オクニン
トークセッション,トークセッション
最近話題,サイキンワダイ
二人,ニニン
階建て,カイダテ
重要性,ジュウヨウセイ
現実的,ゲンジツテキ
予告編映像,ヨコクヘンエイゾウ
ビッグデータ分析,ビッグデータブンセキ
史上最悪,シジョウサイアク
分後,フンゴ
実用化,ジツヨウカ
４０,ヨンゼロ
海外メディア,カイガイメディア
世界最大,セカイサイダイ
作ってみたい,ツクッテミタイ
２５,ニゴ
話題沸騰,ワダイフットウ
最新作,サイシンサク
潜水艦,センスイカン
年以内,ネンイナイ
地政学的,チセイガクテキ
５０,ゴゼロ
一面,イチメン
出版状況,シュッパンジョウキョウ
状況クロニクル,ジョウキョウクロニクル
数日,スウニチ
技術的,ギジュツテキ
写真アルバム,シャシンアルバム
ニューアルバム,ニューアルバム
魅惑的,ミワクテキ
地球上,チキュウジョウ
想像以上,ソウゾウイジョウ
本来的,ホンライテキ
高度成長,コウドセイチョウ
人死亡,ニンシボウ
コミュニティLIFE,コミュニティライフ
時間半,ジカンハン
過去最大,カコサイダイ
ネット時代,ネットジダイ
データえっせい,データエッセイ
万件,マンケン
昨年末,サクネンマツ
WIRED.jp,ワイアードドットジェイピー
試写拝見,シシャハイケン
コロンブスの卵的,コロンブスノタマゴテキ
有機野菜,ユウキヤサイ
…。RT,サイレンスアールティー
伝説的,デンセツテキ
機墜落,キツイラク
解説記事,カイセツキジ
意識高い系,イシキタカイケイ
４割,ヨンワリ
氏インタビュー,シインタビュー
訪日観光客,ホウニチカンコウキャク
わたしたち,ワタシタチ
独仏,ドクフツ
ショートフィルム,ショートフィルム
ネット炎上,ネットエンジョウ
割減,ワリゲン
子どもたち,コドモタチ
万頭,マントウ
世界最先端,セカイサイセンタン
動画制作,ドウガセイサク
こと可能,コトカノウ
時代状況,ジダイジョウキョウ
２１,ニイチ
伝統的,デントウテキ
トランプ大統領,トランプダイトウリョウ
それ以外,ソレイガイ
攻撃的,コウゲキテキ
日本初,ニッポンハツ
者たち,シャタチ
一本,イチホン
メディア化,メディアカ
少数派,ショウスウハ
前年比,ゼンネンヒ
万年,マンネン
１％,イチパーセント
歴ログ,レキログ
松浦さん,マツウラサン
運転席,ウンテンセキ
佐々木俊尚ドキュメンタリー,ササキトシナオドキュメンタリー
万回,マンカイ
20世紀初頭,ニジッセイキショトウ
５年,ゴネン
ライドシェア,ライドシェア
爆発的,バクハツテキ
三浦瑠麗さん,ミウラルリサン
良識的,リョウシキテキ
奇跡的,キセキテキ
％以上,パーセントイジョウ
社会全体,シャカイゼンタイ
年代別,ネンダイベツ
平均的,ヘイキンテキ
研究チーム,ケンキュウチーム
ファッション業界,ファッションギョウカイ
具体的,グタイテキ
欧米中心,オウベイチュウシン
Togetterまとめ,トゥギャッターマトメ
米政府,ベイセイフ
民進,ミンシン
戦争体験,センソウタイケン
人気店,ニンキテン
人あたり,ニンアタリ
南青山,ミナミアオヤマ
松尾たいこさん,マツオタイコサン
グラフ化,グラフカ
ギリシャ危機,ギリシャキキ
今週末,コンシュウマツ
１世紀,イチセイキ
ディスプレイ広告,ディスプレイコウコク
割近く,ワリチカク
インタビュー記事,インタビューキジ
匿名アカウント,トクメイアカウント
２人,ニニン
積極的,セッキョクテキ
高齢者たち,コウレイシャタチ
プライム会員,プライムカイイン
中年男性,チュウネンダンセイ
二度,ニド
ファッション誌,ファッションシ
本日夜,ホンジツヨル
三拠点,サンキョテン
育休取得,イクキュウシュトク
未来像,ミライゾウ
映像解禁,エイゾウカイキン
万枚,マンマイ
本日午後,ホンジツゴゴ
電動アシスト,デンドウアシスト
７０,ナナゼロ
村井理子,ムライサトコ
重要さ,ジュウヨウサ
マンガHONZ,マンガホンズ
豊かさ,ユタカサ
新聞軽減税率,シンブンケイゲンゼイリツ
SumallyPocket,サマリーポケット
米欧,ベイオウ
人がたくさん,ジンガタクサン
われわれ自身,ワレワレジシン
ため朝,タメアサ
人口比,ジンコウヒ
人口減少,ジンコウゲンショウ
史上最高,シジョウサイコウ
音楽ストリーミング,オンガクストリーミング
的存在,テキソンザイ
研究結果,ケンキュウケッカ
本格ドキュメンタリー映画,ホンカクドキュメンタリーエイガ
抽象的,チュウショウテキ
難民たち,ナンミンタチ
％増,パーセントゾウ
１人,イチニン
トランプ支持,トランプシジ
松浦弥太郎さん,マツウラヤタロウサン
１年,イチネン
ビール女子,ビールジョシ
割以上,ワリイジョウ
閲覧注意,エツランチュウイ
TechCrunchJapan,テッククランチジャパン
１万,イチマン
本格的,ホンカクテキ
RT私,アールティーワタシ
勤務先,キンムサキ
書評多謝,ショヒョウタシャ
所有物,ショユウブツ
前景化,ゼンケイカ
マイノリティ憑依,マイノリティヒョウイ
法違反,ホウイハン
ストリーミングサービス,ストリーミングサービス
具現化,グゲンカ
専用米,センヨウマイ
監督新作,カントクシンサク
２階,ニカイ
氏記事,シキジ
象徴的,ショウチョウテキ
IoT化,アイオーティーカ
IT国家,アイティーコッカ
集団安全保障体制,シュウダンアンゼンホショウタイセイ
人材力,ジンザイリョク
日中,ニチチュウ
USBケーブル,ユーエスビーケーブル
製品情報,セイヒンジョウホウ
老人たち,ロウジンタチ
小野美由紀,オノミユキ
社会保障費,シャカイホショウヒ
右派左派,ウハサハ
松浦茂樹トーク,マツウラシゲキトーク
一体化,イッタイカ
８年,ハチネン
事故率,ジコリツ
回以上,カイイジョウ
万本,マンホン
これ以上,コレイジョウ
麻薬組織,マヤクソシキ
暁子さん,アキコサン
不倫サイト,フリンサイト
理子さん,サトコサン
佐野研二郎さん,サノケンジロウサン
閉鎖的,ヘイサテキ
１２,イチニ
失聴,シツアキラ
竹熊健太郎さん,タケクマケンタロウサン
人食い,ヒトグイ
日本語字幕付き,ニホンゴジマクツキ
それ以上,ソレイジョウ
１１,イチイチ
販売開始,ハンバイカイシ
残量,ザンリョウ
数秒,スウビョウ
ウィングスーツ,ウィングスーツ
千億,センオク
大切さ,タイセツサ
１８,イチハチ
顔面麻痺,ガンメンマヒ
革新的発明,カクシンテキハツメイ
世界戦争,セカイセンソウ
安保関連,アンポカンレン
南暁子,ミナミアキコ
何度も何,ナンドモナン
動画メディア,ドウガメディア
トレーラー映像,トレーラーエイゾウ
魅力的,ミリョクテキ
者数,シャスウ
否定的,ヒテイテキ
健康的,ケンコウテキ
義務化,ギムカ
登山用,トザンヨウ
企業側,キギョウガワ
百人,ヒャクニン
内閣支持,ナイカクシジ
英角,エイカク
一緒に戦争,イッショニセンソウ
娘さん,ムスメサン
万柱,マンハシラ
年半,ネンハン
救急車,キュウキュウシャ
甲状腺ガン,コウジョウセンガン
40代女性,ヨンジュウダイジョセイ
原発メルトダウン,ゲンパツメルトダウン
活発化,カッパツカ
的状況,テキジョウキョウ
十数,ジュウスウ
的発想,テキハッソウ
コンテンツ企業,コンテンツキギョウ
私自身,ワタシジシン
体験記,タイケンキ
典型的,テンケイテキ
酒店,シュテン
合目,ゴウメ
不動産業者,フドウサンギョウシャ
古賀茂明氏,コガシゲアキシ
配車サービス,ハイシャサービス
ダンサーたち,ダンサータチ
億トン,オクトン
日本人監督初,ニホンジンカントクハツ
ジェンダー的,ジェンダーテキ
移動生活,イドウセイカツ
百年,ヒャクネン
メルマガ最新,メルマガサイシン
山手線,ヤマテセン
国連合,コクレンゴウ
ブラック労働,ブラックロウドウ
１割,イチワリ
最新号,サイシンゴウ
プランタン銀座,プランタンギンザ
全身運動,ゼンシンウンドウ
鼻血問題,ハナヂモンダイ
塩こしょう,シオコショウ
制作中,セイサクチュウ
緊急支援,キンキュウシエン
０％,ゼロパーセント
局地的,キョクチテキ
重要課題,ジュウヨウカダイ
レクリエーション,レクリエーション
米研究,ベイケンキュウ
クリントン氏,クリントンシ
音楽サービス,オンガクサービス
Mac版,マックバン
昨年日本,サクネンニッポン
冷戦時,レイセンジ
円券,エンケン
前年同期,ゼンネンドウキ
日韓関係,ニッカンカンケイ
拠点居住,キョテンキョジュウ
中年フリーター,チュウネンフリーター
特命委,トクメイイ
特別映像,トクベツエイゾウ
多様化,タヨウカ
TheShip,ザシップ
％超,パーセントチョウ
メルトダウン危機,メルトダウンキキ
宅配ロッカー,タクハイロッカー
円台,エンダイ
政治的,セイジテキ
帰還兵,キカンヘイ
貧困問題,ヒンコンモンダイ
一発,イチハツ
戦後史,センゴシ
関東女性,カントウジョセイ
現代版,ゲンダイバン
5月公開,ゴガツコウカイ
それ以前,ソレイゼン
国際情勢,コクサイジョウセイ
反対派,ハンタイハ
知識人,チシキジン
山口組分裂,ヤマグチグミブンレツ
０円,ゼロエン
現代ビジネス,ゲンダイビジネス
定国直樹,サダクニナオキ
有志国,ユウシコク
１日,イチニチ
リアリズム的,リアリズムテキ
発表会,ハッピョウカイ
賃貸物件,チンタイブッケン
予告映像,ヨコクエイゾウ
アーティスト気質,アーティストキシツ
万店,マンテン
分の１,ブンノイチ
創英,ハジメエイ
最適化,サイテキカ
議論コミュニティ,ギロンコミュニティ
凶悪化,キョウアクカ
インターネット上,インターネットジョウ
信用力,シンヨウリョク
山猫日記,ヤマネコニッキ
金銭的,キンセンテキ
プライバシー侵害,プライバシーシンガイ
友好的,ユウコウテキ
思春期,シシュンキ
競争激化,キョウソウゲキカ
段ボール箱,ダンボールバコ
物理的,ブツリテキ
米大統領,ベイダイトウリョウ
的論争,テキロンソウ
感覚的,カンカクテキ
久松農園,ヒサマツノウエン
宿泊所,シュクハクショ
渋滞解消,ジュウタイカイショウ
生活困窮,セイカツコンキュウ
ジャパン定国,ジャパンサダクニ
ピンタレストジャパン,ピンタレストジャパン
テレビ業界,テレビギョウカイ
米グーグル,ベイグーグル
訪日客,ホウニチキャク
関連法,カンレンホウ
ホテル予約,ホテルヨヤク
安全保障法制,アンゼンホショウホウセイ
制作者,セイサクシャ
０万,ゼロマン
正社員就職率,セイシャインシュウショクリツ
先日紹介,センジツショウカイ
中立原則,チュウリツゲンソク
20世紀後半,ニジッセイキコウハン
曽野綾子氏,ソノアヤコシ
パリ同時,パリドウジ
緊張感,キンチョウカン
世紀前,セイキマエ
万トン,マントン
全国初,ゼンコクハツ
共同体的,キョウドウタイテキ
渋谷アップリンク,シブヤアップリンク
無料WiFi,ムリョウワイファイ
平均気温,ヘイキンキオン
民主主義政体,ミンシュシュギセイタイ
印象的,インショウテキ
人それぞれ,ヒトソレゾレ
同一視,ドウイツシ
革命的,カクメイテキ
同時テロ,ドウジテロ
検索結果,ケンサクケッカ
今日配信,キョウハイシン
専用レーン,センヨウレーン
ニュース映像,ニュースエイゾウ
五輪後,ゴリンゴ
Kindleストア,キンドルストア
背景事情,ハイケイジジョウ
陶画展,トウガテン
持続的,ジゾクテキ
映画業界,エイガギョウカイ
年金制度,ネンキンセイド
４万,ヨンマン
できごと,デキゴト
十分,ジュウフン
普遍的,フヘンテキ
新国立競技場問題,シンコクリツキョウギジョウモンダイ
トレラン大会,トレランタイカイ
文化領域,ブンカリョウイキ
在住者,ザイジュウシャ
撥水,バチスイ
流動化,リュウドウカ
３０,サンゼロ
テレビCM,テレビシーエム
ジャーナリスト佐々木俊尚,ジャーナリストササキトシナオ
あなたたち,アナタタチ
自殺者,ジサツシャ
小型EV,コガタイーブイ
発生率,ハッセイリツ
安定化,アンテイカ
歳男性,サイダンセイ
いすみ鉄道社長ブログ,イスミテツドウシャチョウブログ
主要国,シュヨウコク
佐々木俊尚著,ササキトシナオチョ
家入明子,イエイリアキコ
二次,ニジ
携帯番号,ケイタイバンゴウ
数年,スウネン
小型機,コガタキ
ユーザー数,ユーザースウ
角ポップ,カクポップ
致死率,チシリツ
片耳失,カタミミシツ
革新的,カクシンテキ
予約サイト,ヨヤクサイト
実現可能,ジツゲンカノウ
支援募金,シエンボキン
関連法案,カンレンホウアン
森達也監督,モリタツヤカントク
先鋭化,センエイカ
電通報,デンツウホウ
震災後,シンサイゴ
有料会員,ユウリョウカイイン
ガーディアン紙,ガーディアンシ
バー撤去,バーテッキョ
関係改善,カンケイカイゼン
活動再開,カツドウサイカイ
専用アプリ,センヨウアプリ
安藤忠雄氏,アンドウタダオシ
壊滅的,カイメツテキ
自己矛盾,ジコムジュン
根本的,コンポンテキ
２９,ニキュウ
連投まとめ,レントウマトメ
万冊,マンサツ
ゲイクラブ,ゲイクラブ
人規模,ニンキボ
道徳的,ドウトクテキ
日本全体,ニッポンゼンタイ
女性たち,ジョセイタチ
復興応援,フッコウオウエン
ネット企業,ネットキギョウ
AppleMusic,アップルミュージック
匿名ダイアリー,トクメイダイアリー
特殊清掃,トクシュセイソウ
円近く,エンチカク
回目,カイメ
将八,ススムハチ
日本共産党,ニッポンキョウサントウ
階建,カイケン
党派的,トウハテキ
ドイツ語,ドイツゴ
ルミネCM,ルミネシーエム
ニューシングル,ニューシングル
キャンペーン動画,キャンペーンドウガ
０人,ゼロニン
自民党議員,ジミントウギイン
核家族,カクカゾク
モバイルバッテリー,モバイルバッテリー
WSJ報道,ダブリューエスジェイホウドウ
自転車用,ジテンシャヨウ
万台,マンダイ
利用率,リヨウリツ
避難生活,ヒナンセイカツ
10月公開,ジュウガツコウカイ
こっち方面,コッチホウメン
実売,ミウリ
技術進化,ギジュツシンカ
ロボット化,ロボットカ
RT佐々木,アールティーササキ
専門家ら,センモンカラ
音楽ファン,オンガクファン
２万,ニマン
困難さ,コンナンサ
大熊将,オオクマススム
オムニセブン,オムニセブン
トラック運転,トラックウンテン
お母さんたち,オカアサンタチ
垂直着陸,スイチョクチャクリク
無駄死,ムダシ
制作クラウドソーシング,セイサククラウドソーシング
リスト作成者,リストサクセイシャ
貨物室,カモツシツ
これ本当,コレホントウ
３％,サンパーセント
トランプ旋風,トランプセンプウ
最終局面,サイシュウキョクメン
立体的,リッタイテキ
クラウドファンディング中,クラウドファンディングチュウ
以上前,イジョウマエ
日本では,ニッポンデハ
疾走感,シッソウカン
イルカ漁,イルカリョウ
年ごろ,ネンゴロ
提供開始,テイキョウカイシ
深刻化,シンコクカ
ポップ体,ポップタイ
19世紀末,ジュウキュウセイキマツ
個人的,コジンテキ
今年10月,コトシジュウガツ
９％,キュウパーセント
全力２,ゼンリョクニ
絶対的,ゼッタイテキ
SNS時代,エスエヌエスジダイ
三次元,サンジゲン
冷戦時代,レイセンジダイ
日本赤十字社,ニホンセキジュウジシャ
部屋着,ヘヤギ
全国平均,ゼンコクヘイキン
自己表現,ジコヒョウゲン
相続税対策,ソウゾクゼイタイサク
学術的,ガクジュツテキ
沸騰中,フットウチュウ
スギ林,スギリン
鳥越氏,トリコシシ
５万,ゴマン
流域単位,リュウイキタンイ
桶川北本,オケガワキタモト
何日,ナンニチ
スマホ向け,スマホムケ
７倍,ナナバイ
夕食会,ユウショクカイ
敵味方,テキミカタ
世界最高齢,セカイサイコウレイ
公開イベント,コウカイイベント
何度も何度も,ナンドモナンドモ
大手出版社,オオテシュッパンシャ
皆さん備え,ミナサンソナエ
住宅市場,ジュウタクシジョウ
誠実さ,セイジツサ
個性的,コセイテキ
展示中,テンジチュウ
トークショー,トークショー
代後半,ダイコウハン
着地点,チャクチテン
独占配信,ドクセンハイシン
仲間たち,ナカマタチ
切り込み,ギリコミ
インターバル規制,インターバルキセイ
村上春樹氏,ムラカミハルキシ
直人氏,ナオトシ
５４,ゴヨン
榊原直人,サカキバラナオト
観測結果,カンソクケッカ
時代劇顔,ジダイゲキガオ
％支持,パーセントシジ
終戦後,シュウセンゴ
睡眠時間,スイミンジカン
服部さん,ハットリサン
米カリフォルニア州,ベイカリフォルニアシュウ
中小酒,チュウショウシュ
中国軍幹部,チュウゴクグンカンブ
メッセージ発信,メッセージハッシン
的カプセル,テキカプセル
金属音,キンゾクオン
国民的,コクミンテキ
サクちゃん,サクチャン
複々線化,フクフクセンカ
人間たち,ニンゲンタチ
IoT時代,アイオーティージダイ
豪紙,ゴウシ
エコノミスト誌,エコノミストシ
北方稜線,ホッポウリョウセン
一挙公開,イッキョコウカイ
デスクトップPC,デスクトップピーシー
一周切り,イッシュウギリ
女性ファッション,ジョセイファッション
米Amazon,ベイアマゾン
国会議員育休,コッカイギインイクキュウ
オープン型,オープンガタ
配信号,ハイシンゴウ
史上最大,シジョウサイダイ
販売局,ハンバイキョク
囚人たち,シュウジンタチ
ブースト型,ブーストガタ
トップアスリート,トップアスリート
長期的,チョウキテキ
デジタル版,デジタルバン
解放老人,カイホウロウジン
シリア難民受け入れ,シリアナンミンウケイレ
谷中生姜,タニナカショウガ
右傾化,ウケイカ
専用免許,センヨウメンキョ
写真多数,シャシンタスウ
か大学,カダイガク
カ月間,カゲツカン
宿泊費,シュクハクヒ
配信開始,ハイシンカイシ
21世紀的,ニジュウイッセイキテキ
差別的,サベツテキ
相対的衰退,ソウタイテキスイタイ
公園訪問,コウエンホウモン
既存宗教,キソンシュウキョウ
明日金曜日,アシタキンヨウビ
テクノロジー企業,テクノロジーキギョウ
それ私,ソレワタシ
参加費,サンカヒ
高市総務相,タカイチソウムショウ
難民危機,ナンミンキキ
オフライン中心,オフラインチュウシン
東アジア情勢,ヒガシアジアジョウセイ
自転車専用,ジテンシャセンヨウ
旅行券,リョコウケン
連続減少,レンゾクゲンショウ
イラク戦争時,イラクセンソウジ
スマニュー,スマニュー
安定性,アンテイセイ
四条通,シジョウドオリ
３国,サンコク
ローカルグループ,ローカルグループ
帰属問題,キゾクモンダイ
赤岳,アカダケ
７選,ナナセン
マンション建設,マンションケンセツ
料金所渋滞,リョウキンジョジュウタイ
五百旗頭真,イオキベシン
割弱,ワリジャク
数％,スウパーセント
一冊,イチサツ
新海誠監督,シンカイマコトカントク
相談室,ソウダンシツ
Yahoo!ネット募金,ヤフーネットボキン
IoT向け,アイオーティームケ
日本語版予告編,ニホンゴバンヨコクヘン
友人リクエスト,ユウジンリクエスト
保守的,ホシュテキ
inJapan,インジャパン
何年,ナンネン
著作権制度,チョサクケンセイド
折り紙みたい,オリガミミタイ
バス事故,バスジコ
東京湾,トウキョウワン
共和党大統領候補,キョウワトウダイトウリョウコウホ
女性向け,ジョセイムケ
雪道,ユキドウ
住民たち,ジュウミンタチ
ヘリ救助,ヘリキュウジョ
年ごと,ネンゴト
自伝的,ジデンテキ
米日,ベイビ
これ多く,コレオオク
開沼博さん,カイヌマヒロシサン
不安定化,フアンテイカ
リバイバル上映,リバイバルジョウエイ
１億,イチオク
制御不能,セイギョフノウ
新井紀子教授,アライノリコキョウジュ
白人ブルーカラー,ハクジンブルーカラー
エンジン始動,エンジンシドウ
シニア層,シニアソウ
体温調節,タイオンチョウセツ
貴重品,キチョウヒン
渋谷イメージフォーラム,シブヤイメージフォーラム
都会的,トカイテキ
今年秋,コトシアキ
俺たち,オレタチ
予測不可能,ヨソクフカノウ
飯炊き仙人,メシタキセンニン
登山届,トザントドケ
理性的,リセイテキ
メキシコ国境,メキシココッキョウ
世界各国,セカイカッコク
分散型メディア,ブンサンガタメディア
動画広告,ドウガコウコク
分半,フンハン
日本ツキノワグマ,ニッポンツキノワグマ
ハンバーグ風,ハンバーグフウ
反戦平和,ハンセンヘイワ
安全保障問題,アンゼンホショウモンダイ
開業前,カイギョウマエ
厚労省調査,コウロウショウチョウサ
キーレス,キーレス
海外サイト,カイガイサイト
画像集,ガゾウシュウ
スケボーパーク,スケボーパーク
入居者,ニュウキョシャ
宮古島,ミヤフルトウ
暮しの手帖編集長,クラシノテチョウヘンシュウチョウ
型宅配,ガタタクハイ
年金情報,ネンキンジョウホウ
０２,ゼロニ
構造化,コウゾウカ
低層マンション,テイソウマンション
対前年,タイゼンネン
話題殺到,ワダイサットウ
ライブ感,ライブカン
来週末,ライシュウマツ
パックスアメリカーナ,パックスアメリカーナ
新作映画,シンサクエイガ
米誌,ベイシ
パン屋さん,パンヤサン
宗教的,シュウキョウテキ
アパレル業界,アパレルギョウカイ
米では,ベイデハ
東京五輪後,トウキョウゴリンゴ
末公開,マツコウカイ
郵便配達,ユウビンハイタツ
IS周辺地域,アイエスシュウヘンチイキ
理想的,リソウテキ
米軍,ベイグン
本当大事,ホントウダイジ
増加傾向,ゾウカケイコウ
宗教心,シュウキョウシン
米大手,ベイオオテ
通信速度,ツウシンソクド
相乗りサービス,アイノリサービス
選挙事務所,センキョジムショ
万分の,マンブンノ
監督作品,カントクサクヒン
政治ゴシップ,セイジゴシップ
会員向け,カイインムケ
一話,イチワ
美容師,ビヨウシ
同性パートナー,ドウセイパートナー
四つ足,ヨッツアシ
細谷雄一氏,ホソヤユウイチシ
人超,ニンチョウ
用テレビ電話,ヨウテレビデンワ
生活密着,セイカツミッチャク
体系化,タイケイカ
連続再生,レンゾクサイセイ
代女性,ダイジョセイ
生徒たち,セイトタチ
docomoID,ドコモアイディー
転換点,テンカンテン
光学的,コウガクテキ
米田一彦,ヨネダカズヒコ
時間以内,ジカンイナイ
塩パン,シオパン
販売量,ハンバイリョウ
映画雑誌,エイガザッシ
法的規制,ホウテキキセイ
二倍,ニバイ
子育て世帯,コソダテセタイ
バズフィード日本語版,バズフィードニホンゴバン
所得減,ショトクゲン
代男性,ダイダンセイ
米アップル,ベイアップル
高い国,コウイコク
ネパール地震救援,ネパールジシンキュウエン
崩壊寸前,ホウカイスンゼン
中最低,チュウサイテイ
TPP合意,ティピーピーゴウイ
リスク論,リスクロン
ノートPC,ノートピーシー
オーブン焼き,オーブンヤキ
安田浩一さん,ヤスダコウイチサン
2014年度,ニセンジュウヨネンド
代替案,ダイタイアン
健康影響,ケンコウエイキョウ
サポート終了,サポートシュウリョウ
onthe,オンザ
渡辺由佳里,ワタナベユカサト
人が普通,ジンガフツウ
当事者的,トウジシャテキ
減少社会,ゲンショウシャカイ
アメリカ新興,アメリカシンコウ
論理的,ロンリテキ
紹介文,ショウカイブン
アフリカ系,アフリカケイ
育休制度,イクキュウセイド
相手国,アイテコク
再生数,サイセイスウ
殲滅戦,センメツセン
エレクトリックフォーク,エレクトリックフォーク
日本近海,ニッポンキンカイ
１カ月,イチカゲツ
公式動画,コウシキドウガ
連続ツイート,レンゾクツイート
モルドバ料理,モルドバリョウリ
食料品,ショクリョウヒン
キューバサンドイッチ,キューバサンドイッチ
歳代,サイダイ
IS問題,アイエスモンダイ
人続出,ジンゾクシュツ
会員サービス,カイインサービス
各国軍隊,カッコクグンタイ
大統領候補トランプ,ダイトウリョウコウホトランプ
万２,マンニ
数か月,スウカゲツ
豪華ゲスト,ゴウカゲスト
福島香織さん,フクシマカオリサン
時間感覚,ジカンカンカク
特徴的,トクチョウテキ
鎌倉アルプス,カマクラアルプス
電書,デンショ
シリア国民,シリアコクミン
リベラル勢力,リベラルセイリョク
米英,ベイエイ
表面化,ヒョウメンカ
反米自主,ハンベイジシュ
将来的,ショウライテキ
リブロ池袋,リブロイケブクロ
専門誌,センモンシ
小型デバイス,コガタデバイス
栄養バランス,エイヨウバランス
メアド登録,メアドトウロク
対米,タイベイ
１９,イチキュウ
米バズフィード,ベイバズフィード
政治的発言込み,セイジテキハツゲンコミ
０分,ゼロフン
パフォーマンス映像,パフォーマンスエイゾウ
音声入力,オンセイニュウリョク
音楽ジャンル,オンガクジャンル
株式上場,カブシキジョウジョウ
特化,トクカ
自転車ラック,ジテンシャラック
世界一貧乏,セカイイチビンボウ
排出量,ハイシュツリョウ
交通事故死,コウツウジコシ
日本発,ニッポンハツ
日本海側,ニホンカイガワ
動画ビジネス,ドウガビジネス
権力監視,ケンリョクカンシ
％以下,パーセントイカ
未婚者,ミコンシャ
事故防止,ジコボウシ
１位,イチイ
NPO難民支援協会,エヌピーオーナンミンシエンキョウカイ
石油缶,セキユカン
逮捕拘留,タイホコウリュウ
新刊貸し出し,シンカンカシダシ
直樹社長,ナオキシャチョウ
戦後間,センゴカン
一党,イチトウ
利用料,リヨウリョウ
駒崎さん,コマザキサン
都構想,トコウソウ
見立て力,ミタテリョク
リンチ殺人,リンチサツジン
毎週月曜日,マイシュウゲツヨウビ
規制委,キセイイ
広島訪問,ヒロシマホウモン
０億,ゼロオク
南充浩,ミナミミツヒロ
状況みたい,ジョウキョウミタイ
予備選,ヨビセン
ツキノワグマ研究所,ツキノワグマケンキュウジョ
今月27日,コンゲツニジュウシチニチ
議選,ギセン
寛容性,カンヨウセイ
田端さん,タバタサン
分の動画,ブンノドウガ
建設的,ケンセツテキ
これ今,コレイマ
森川さん,モリカワサン
経済状況,ケイザイジョウキョウ
円分,エンブン
無謬性,ムビュウセイ
左右どちら,サユウドチラ
ヘイトスピーチ事件,ヘイトスピーチジケン
外国化,ガイコクカ
１キロ,イチキロ
全体的,ゼンタイテキ
人工エラ,ジンコウエラ
一件,イチケン
ままヒラリー,ママヒラリー
SF的,エスエフテキ
読書感想,ドクショカンソウ
リング状,リングジョウ
世界全体,セカイゼンタイ
月額定額,ゲツガクテイガク
関連死,カンレンシ
ファイル共有サーバー,ファイルキョウユウサーバー
定期的,テイキテキ
チリコンカン,チリコンカン
南アルプストンネル,ミナミアルプストンネル
佐野さん,サノサン
園子温監督,ソノシオンカントク
冷製,ヒヤセイ
ミャオ族,ミャオゾク
年長者,ネンチョウシャ
オンライン動画,オンラインドウガ
公式HP,コウシキエイチピー
屋さん,ヤサン
精神的,セイシンテキ
キューバ音楽,キューバオンガク
RTセクハラ,アールティーセクハラ
近代映画社,キンダイエイガシャ
夫婦同姓,フウフドウセイ
の無理,ノムリ
ヤバい人,ヤバイジン
さ日本一,サニッポンイチ
再生相,サイセイショウ
降雪量,コウセツリョウ
絶望的,ゼツボウテキ
航空業界,コウクウギョウカイ
オスプレイ危険,オスプレイキケン
高齢犯罪者,コウレイハンザイシャ
高卒女性,コウソツジョセイ
募集中,ボシュウチュウ
２千,ニセン
ブレア政権,ブレアセイケン
２年,ニネン
洗濯ネット,センタクネット
半年間,ハントシカン
テレビマン,テレビマン
テロ戦争,テロセンソウ
出身者,シュッシンシャ
リスト化,リストカ
にんにく鍋,ニンニクナベ
逆説的,ギャクセツテキ
平和勢力,ヘイワセイリョク
真氏,シンシ
記者クラブ的,キシャクラブテキ
２３,ニサン
効果的,コウカテキ
安全保障法案,アンゼンホショウホウアン
エヴェレスト神々の山嶺,エヴェレストカミガミノイタダキ
民泊禁止,ミンパクキンシ
現場ルポ,ゲンバルポ
社員全員,シャインゼンイン
父娘,チチムスメ
事故直後,ジコチョクゴ
左派勢力,サハセイリョク
激白,ゲキシロ
軍備増強,グンビゾウキョウ
黒人女性,コクジンジョセイ
スコセッシ監督,スコセッシカントク
円控除,エンコウジョ
短期的,タンキテキ
イヤフォン,イヤフォン
破壊的,ハカイテキ
ドローン事件,ドローンジケン
靴紐,クツヒモ
遅刻癖,チコクヘキ
寛容度,カンヨウド
シリア情勢,シリアジョウセイ
翻訳家村井,ホンヤクカムライ
有料制,ユウリョウセイ
衝撃動画,ショウゲキドウガ
歴史修正主義的,レキシシュウセイシュギテキ
インターネット時代,インターネットジダイ
mmフィルム,ミリメートルフィルム
世帯数,セタイスウ
OECD平均,オーイーシーディーヘイキン
支援物資,シエンブッシ
表現力,ヒョウゲンリョク
登山客,トザンキャク
専門局,センモンキョク
頭超,トウチョウ
青木ヶ原樹海,アオキガハラジュカイ
来月日本,ライゲツニッポン
操縦室,ソウジュウシツ
移民危機,イミンキキ
小林氏,コバヤシシ
テロ犯,テロハン
月曜日朝,ゲツヨウビアサ
二世,ニセイ
半数以上,ハンスウイジョウ
デモ映像,デモエイゾウ
バルト３,バルトサン
国民全員,コクミンゼンイン
常識的,ジョウシキテキ
規制当局,キセイトウキョク
富士登山者,フジトザンシャ
個人情報リスト,コジンジョウホウリスト
震災直後,シンサイチョクゴ
特殊繊維,トクシュセンイ
一次,イチジ
宿泊予約,シュクハクヨヤク
社会的圧力,シャカイテキアツリョク
ヒラリー対,ヒラリータイ
紙媒体,カミバイタイ
女性監督,ジョセイカントク
過去最悪,カコサイアク
０１,ゼロイチ
避難者,ヒナンシャ
落としどころ,オトシドコロ
違法ダウンロード,イホウダウンロード
溝口敦氏,ミゾグチアツシシ
メディア報道,メディアホウドウ
防衛ブログ,ボウエイブログ
有名TV,ユウメイテレビ
関西風,カンサイフウ
いま当たり前,イマアタリマエ
シズル感たっぷり,シズルカンタップリ
依存度,イゾンド
出版新書,シュッパンシンショ
上坂優太,カミサカユウタ
編集者さん,ヘンシュウシャサン
ドラマ化,ドラマカ
以下長野,イカナガノ
一般販売,イッパンハンバイ
４２,ヨンニ
シンガーソングライター,シンガーソングライター
動画コンテンツ,ドウガコンテンツ
地方出身,チホウシュッシン
追跡車,ツイセキシャ
七億,ナナオク
本化,ホンカ
工芸品,コウゲイヒン
ゲンロンカフェ,ゲンロンカフェ
池袋本店,イケブクロホンテン
駒崎弘樹公式サイト,コマザキヒロキコウシキサイト
曲沼美恵,マガヌマミエ
少年人口,ショウネンジンコウ
新鋭巡視船,シンエイジュンシセン
GPS機能,ジーピーエスキノウ
広告収入,コウコクシュウニュウ
木曽崇,キソタカシ
救護室,キュウゴシツ
岸井氏,キシイシ
発声時,ハッセイジ
ネット販売,ネットハンバイ
開錠,ヒラキジョウ
過重労働,カジュウロウドウ
い国トップ,イコクトップ
ルール変更,ルールヘンコウ
一定数,イチテイスウ
冷戦終結,レイセンシュウケツ
受け入れ先,ウケイレサキ
的意味,テキイミ
完全消滅,カンゼンショウメツ
野村進さん,ノムラススムサン
シェアエコノミー,シェアエコノミー
さん初,サンハツ
コレ絶対,コレゼッタイ
流域思考,リュウイキシコウ
1万年前,イチマンネンマエ
うどんかるた,ウドンカルタ
得票率,トクヒョウリツ
松浦茂樹さん,マツウラシゲキサン
プラットフォーム化,プラットフォームカ
神話化,シンワカ
雑誌売上,ザッシウリアゲ
これ大事,コレダイジ
人が６,ジンガロク
０３,ゼロサン
民たち,ミンタチ
リドリースコット監督,リドリースコットカントク
官邸ドローン,カンテイドローン
靴ひも,クツヒモ
昭和陸軍,ショウワリクグン
返本率,ヘンポンリツ
国際的,コクサイテキ
経験者,ケイケンシャ
AppleTV,アップルテレビ
盗難防止,トウナンボウシ
個人情報暴露,コジンジョウホウバクロ
強硬姿勢,キョウコウシセイ
鯉谷,コイタニ
空き家だらけ,アキヤダラケ
７日,ナナニチ
一彦さん,カズヒコサン
7月公開,シチガツコウカイ
憑依的,ヒョウイテキ
小説新聞社,ショウセツシンブンシャ
年安保,ネンアンポ
１４,イチヨン
対トランプ,タイトランプ
シンプルさ,シンプルサ
人口流入,ジンコウリュウニュウ
冷戦下,レイセンカ
貧困状態,ヒンコンジョウタイ
数万,スウマン
IoT機器,アイオーティーキキ
佐村河内,サムラカワウチ
東アジア安定,ヒガシアジアアンテイ
スチール缶,スチールカン
消化活動,ショウカカツドウ
料金体系,リョウキンタイケイ
児童保護施設,ジドウホゴシセツ
セカンドアルバム,セカンドアルバム
クラウドファンディングサイト,クラウドファンディングサイト
運営者,ウンエイシャ
手入れ法,テイレホウ
しょうぶ学園,ショウブガクエン
小田嶋隆さん,オダジマタカシサン
和紅茶,ワコウチャ
大手企業,オオテキギョウ
一例,イチレイ
欧州大戦,オウシュウタイセン
単三乾電池,タンサンカンデンチ
西欧的,セイオウテキ
中国語,チュウゴクゴ
ドラッグポップ,ドラッグポップ
年収300万円未満,ネンシュウサンビャクマンミマン
年談話,ネンダンワ
柔軟性,ジュウナンセイ
世界実現,セカイジツゲン
女性賞,ジョセイショウ
秒以上,ビョウイジョウ
米大統領候補,ベイダイトウリョウコウホ
神秘性,シンピセイ
オバマ氏,オバマシ
年周期,ネンシュウキ
セクハラセクハラ,セクハラセクハラ
未婚男性,ミコンダンセイ
配信側,ハイシンガワ
食べ物側,タベモノガワ
各国語,カッコクゴ
岸由二,キシユウジ
金曜日朝,キンヨウビアサ
ユーゴ紛争,ユーゴフンソウ
予定通り,ヨテイドオリ
資生堂ショック,シセイドウショック
木曜日朝,モクヨウビアサ
経年変化,ケイネンヘンカ
向こう側,ムコウガワ
幻想的,ゲンソウテキ
日本語予告編,ニホンゴヨコクヘン
割程度,ワリテイド
映像化,エイゾウカ
衝撃事件,ショウゲキジケン
冷凍ご飯,レイトウゴハン
５時間,ゴジカン
常磐線,トキワセン
普及率,フキュウリツ
ボクシング映画,ボクシングエイガ
三女,サンジョ
℃上昇,シージョウショウ
抜本的,バッポンテキ
ミラーレス車,ミラーレスシャ
無事保護,ブジホゴ
全面解禁,ゼンメンカイキン
画像検索,ガゾウケンサク
購入資金,コウニュウシキン
段階的,ダンカイテキ
階以上,カイイジョウ
歳女性,サイジョセイ
不倫騒動,フリンソウドウ
対処法,タイショホウ
危機的,キキテキ
本日早朝,ホンジツソウチョウ
自動追尾,ジドウツイビ
濱野さん,ハマノサン
医療用,イリョウヨウ
車齢,クルマヨワイ
資金源,シキンゲン
恣意的,シイテキ
合法化,ゴウホウカ
三浦英之,ミウラヒデユキ
家族化,カゾクカ
エアバス社,エアバスシャ
補助線,ホジョセン
…。日本,サイレンスニッポン
ピラミッド上空,ピラミッドジョウクウ
路面状態,ロメンジョウタイ
対中,タイチュウ
運河建設,ウンガケンセツ
相手側,アイテガワ
リアルスパイダーマン,リアルスパイダーマン
フェイスブック個人情報,フェイスブックコジンジョウホウ
会員制,カイインセイ
アクティブユーザー,アクティブユーザー
消防士たち,ショウボウシタチ
完結編,カンケツヘン
震災特番,シンサイトクバン
技術職,ギジュツショク
何本,ナンホン
有料コミュニティ,ユウリョウコミュニティ
メール１,メールイチ
史上初,シジョウハツ
秒動画,ビョウドウガ
保管料,ホカンリョウ
大型買収,オオガタバイシュウ
同性婚証明書,ドウセイコンショウメイショ
透明化,トウメイカ
減時代,ゲンジダイ
滞在可能,タイザイカノウ
街作り,マチヅクリ
捕鯨映画,ホゲイエイガ
サイボーグ化,サイボーグカ
公共交通,コウキョウコウツウ
リリース日,リリースビ
MAKERSイベント,メイカーズイベント
雑誌アーカイブ,ザッシアーカイブ
欧米以外,オウベイイガイ
攻撃命令,コウゲキメイレイ
経済的,ケイザイテキ
優先席付近,ユウセンセキフキン
自動生成,ジドウセイセイ
恩氏,オンシ
状況変化,ジョウキョウヘンカ
IT企業,アイティーキギョウ
クローン仏像,クローンブツゾウ
北本IC,キタモトアイシー
追い越し車線,オイコシシャセン
八トーク,ハチトーク
僕たち,ボクタチ
Webメディア,Webメディア
入館者,ニュウカンシャ
GoProカメラ,ゴープロカメラ
料理本,リョウリホン
化社会,カシャカイ
自動運転トラック,ジドウウンテントラック
なおさん,ナオサン
論者,ロンシャ
2022年問題,ニセンニジュウニネンモンダイ
中央環状,チュウオウカンジョウ
一番,イチバン
製品発表,セイヒンハッピョウ
英労働党,エイロウドウトウ
キロ以内,キロイナイ
人気番組,ニンキバングミ
レギュラー出演,レギュラーシュツエン
１本,イチホン
４千,ヨンセン
是枝裕和監督,コレエダヒロカズカントク
．７,．ナナ
空き家問題,アキヤモンダイ
世界企業,セカイキギョウ
料無料,リョウムリョウ
世界平均,セカイヘイキン
RT人道支援,アールティージンドイシエン
師さん,シサン
ホームレス生活,ホームレスセイカツ
一国,イチコク
滞在先,タイザイサキ
DNA研究,ディーエヌエイケンキュウ
分以上,フンイジョウ
恵比寿駅西口,エビスエキニシグチ
まま放置,ママホウチ
捜査当局,ソウサトウキョク
時代的,ジダイテキ
日本独自,ニッポンドクジ
お客さん,オキャクサン
手のひらサイズ,テノヒラサイズ
高齢者用,コウレイシャヨウ
過剰包装,カジョウホウソウ
サービス開始,サービスカイシ
料理上手,リョウリジョウズ
部さん,ブサン
これ私,コレワタシ
山下良道師,ヤマシタリョウドウシ
８日,ハチニチ
ワインバー,ワインバー
ゴシップ本,ゴシップホン
安倍内閣支持,アベナイカクシジ
いま必要,イマヒツヨウ
核攻撃,カクコウゲキ
今後日本,コンゴニッポン
曽野さん,ソノサン
コミュニティプラットフォーム,コミュニティプラットフォーム
電波停止,デンパテイシ
代表的,ダイヒョウテキ
車購入,クルマコウニュウ
分以内,フンイナイ
２倍,ニバイ
ＮＨＫ出版,エヌエイチケイシュッパン
自動飛行,ジドウヒコウ
メディア像,メディアゾウ
電池残,デンチザン
ノマド再考,ノマドサイコウ
映画みたい,エイガミタイ
最大規模,サイダイキボ
管賀江留郎さん,カンガエルロウサン
軽減税率問題,ケイゲンゼイリツモンダイ
下村文科相,シモムラモンカショウ
国際司法,コクサイシホウ
マスメディア報道,マスメディアホウドウ
完成後,カンセイゴ
戦後ドイツ,センゴドイツ
乗りものニュース,ノリモノニュース
ネット広告業界,ネットコウコクギョウカイ
自治体単位,ジチタイタンイ
小屋フェス,コヤフェス
顔認識,カオニンシキ
殺人犯検挙,サツジンハンケンキョ
山頂付近,サンチョウフキン
…。これ,サイレンスコレ
階層化,カイソウカ
録画率,ロクガリツ
団結力,ダンケツリョク
何百,ナンヒャク
タイニーハウスムーブメント,タイニーハウスムーブメント
佐々木芽生監督,ササキメグミカントク
観光地修復,カンコウチシュウフク
民主党支持,ミンシュトウシジ
都市文化,トシブンカ
認知症病棟,ニンチショウビョウトウ
リスク問題,リスクモンダイ
市場シェア,シジョウシェア
原節子さん,ハラセツコサン
支配地域,シハイチイキ
的被害,テキヒガイ
安全保障政策論議,アンゼンホショウセイサクロンギ
オープン化,オープンカ
業界全体,ギョウカイゼンタイ
運転中,ウンテンチュウ
以下北朝鮮,イカキタチョウセン
単身世帯,タンシンセタイ
音楽イベント,オンガクイベント
メンバーたち,メンバータチ
quakein,クエイクイン
年間ホームレス,ネンカンホームレス
デジタル機器,デジタルキキ
３千,サンセン
安保法,アンポホウ
平均年齢,ヘイキンネンレイ
戦後７,センゴナナ
視点大切,シテンタイセツ
メロディライン,メロディライン
クラウドファンド,クラウドファンド
普遍的価値観,フヘンテキカチカン
ハイド氏,ハイドシ
ひとり親,ヒトリオヤ
雑誌業界,ザッシギョウカイ
予告編登場,ヨコクヘントウジョウ
新聞社販売,シンブンシャハンバイ
アパルトヘイト称揚,アパルトヘイトショウヨウ
３万,サンマン
調節機能,チョウセツキノウ
シリアイラク,シリアイラク
自分ごと,ジブンゴト
神話的,シンワテキ
RTこれ,アールティーコレ
走行時,ソウコウジ
時間後,ジカンゴ
花屋さん,ハナヤサン
カ国中,カコクチュウ
英首相,エイシュショウ
根源的,コンゲンテキ
厩戸王,ウマヤドオウ
米シアトル,ベイシアトル
サンダース氏,サンダースシ
納得感,ナットクカン
明子さん,アキコサン
上火,ウエヒ
次期大統領,ジキダイトウリョウ
日常着,ニチジョウギ
ドイツ機,ドイツキ
非正規シングル,ヒセイキシングル
ネット調査,ネットチョウサ
人的被害,ジンテキヒガイ
デビュー作,デビューサク
自主独立,ジシュドクリツ
いま日本,イマニッポン
縄文期,ジョウモンキ
earthquake,アースクエイク
保存版,ホゾンバン
IS勢力,イズセイリョク
充電可能,ジュウデンカノウ
ハードボイルド室町時代,ハードボイルドムロマチジダイ
委託率,イタクリツ
オムニチャンネル,オムニチャンネル
原発安全神話,ゲンパツアンゼンシンワ
場所取り,バショトリ
CM動画,シーエムドウガ
墜落機,ツイラクキ
所有者,ショユウシャ
定期便,テイキビン
平和公園,ヘイワコウエン
外国人戦闘員,ガイコクジンセントウイン
モバイル動画,モバイルドウガ
房アトリエ,ボウアトリエ
最新研究,サイシンケンキュウ
渡辺謙さん,ワタナベケンサン
年齢確認,ネンレイカクニン
太平洋側,タイヘイヨウガワ
走行可能,ソウコウカノウ
密着型,ミッチャクガタ
文字制限,モジセイゲン
匿名クラブ,トクメイクラブ
信頼感,シンライカン
老朽化,ロウキュウカ
何倍,ナンバイ
陶房,スエボウ
次コンテンツ,ジコンテンツ
コスト削減,コストサクゲン
激安,ゲキヤス
進行中,シンコウチュウ
トップ１,トップイチ
面白記事,オモシロキジ
ドル以上,ドルイジョウ
メシ通,メシドオリ
画一化,カクイツカ
２．,ニ．
鈴木さん,スズキサン
人向け,ヒトムケ
自動再生,ジドウサイセイ
100人以上,ヒャクニンイジョウ
仮想キーボード,カソウキーボード
中央道,チュウオウドウ
共同訓練,キョウドウクンレン
2つ目,フタツメ
パチンコ台,パチンコダイ
的イノベーション,テキイノベーション
km走行,キロメートルソウコウ
的政策,テキセイサク
座席下,ザセキカ
６月１,ロクガツイチ
世間様,セケンサマ
私設雑誌,シセツザッシ
４人組,ヨンニングミ
混雑時,コンザツジ
有効性,ユウコウセイ
オープンイベント,オープンイベント
さんみたい,サンミタイ
渋滞緩和,ジュウタイカンワ
科学的,カガクテキ
米印,ベイシルシ
スバル車,スバルシャ
１６,イチロク
ランクイン,ランクイン
さんトーク,サントーク
海老名JCT,エビナジャンクション
近藤麻理恵さん,コンドウマリエサン
ネット広告,ネットコウコク
英ブレア,エイブレア
独立論,ドクリツロン
道徳自警団,ドウトクジケイダン
モバイル決済,モバイルケッサイ
サンダース支持,サンダースシジ
０℃,ゼロシー
２割,ニワリ
規模災害,キボサイガイ
自動運転カー,ジドウウンテンカー
潔癖左派,ケッペキサハ
検査場,ケンサジョウ
選択権,センタクケン
関係性,カンケイセイ
日経記事,ニッケイキジ
80年代以降,ハチジュウネンダイイコウ
ベア系,ベアケイ
国内世論,コクナイセロン
大量受け入れ,タイリョウウケイレ
男ウケ,オトコウケ
１５,イチゴ
電車内,デンシャナイ
いま一,イマイチ
政治色,セイジショク
テレビメディア,テレビメディア
動画ニュース,ドウガニュース
アル・パチーノ主演,アルパチーノシュエン
バブル崩壊後,バブルホウカイゴ
ごみの川,ゴミノガワ
８％,ハチパーセント
法制運動,ホウセイウンドウ
家事代行サービス,カジダイコウサービス
構造的,コウゾウテキ
本質的,ホンシツテキ
佐々木俊尚トーク,ササキトシナオトーク
舛添知事,マスゾエチジ
フレンチブル,フレンチブル
朝日記事,アサヒキジ
ラジオ受信機,ラジオジュシンキ
NHKNEWS WEB,エヌエイチケイニュースウェブ
成長時,セイチョウジ
か月滞在,カゲツタイザイ
水効果,ミズコウカ
自動運転タクシー,ジドウウンテンタクシー
ヒット中,ヒットチュウ
戦争ビジネス,センソウビジネス
７万,ナナマン
英仏,エイフツ
不幸率,フコウリツ
発売予定,ハツバイヨテイ
共和党大会,キョウワトウタイカイ
復興住宅,フッコウジュウタク
何十,ナンジュウ
警察発表,ケイサツハッピョウ
池内恵さん,イケウチサトシサン
ソニックガーデン,ソニックガーデン
かなり気,カナリキ
歩先,ホサキ
版Kindle,バンキンドル
意思疎通,イシソツウ
温度差,オンドサ
通信機能,ツウシンキノウ
人間世界,ニンゲンセカイ
３倍,サンバイ
新型車両,シンガタシャリョウ
安全保障関連,アンゼンホショウカンレン
新聞記事データベース,シンブンキジデータベース
加害者性,カガイシャセイ
まぐまぐニュース,マグマグニュース
ポスト近代,ポストキンダイ
勤務時間外,キンムジカンガイ
リアルさ,リアルサ
配送費,ハイソウヒ
青木さん,アオキサン
研究機関,ケンキュウキカン
大島渚作品,オオシマナギササクヒン
国産サービス,コクサンサービス
テレビ的,テレビテキ
狩猟採集,シュリョウサイシュウ
ポップアップ表示,ポップアップヒョウジ
全曲試聴,ゼンキョクシチョウ
舛添さん,マスゾエサン
市場拡大,シジョウカクダイ
少子高齢化社会,ショウシコウレイカシャカイ
来年にも,ライネンニモ
月額千,ゲツガクセン
ソーシャルアイコン,ソーシャルアイコン
スポーツ飲料,スポーツインリョウ
CD売上,キャッシュディスペンサーウリアゲ
スパム送信,スパムソウシン
氏ネット,シネット
価格帯,カカクタイ
化計画,カケイカク
完全禁煙,カンゼンキンエン
機動力,キドウリョク
美由紀さん,ミユキサン
店保護,テンホゴ
関西女性,カンサイジョセイ
％減少,パーセントゲンショウ
生活スタート,セイカツスタート
人が沢山,ジンガダクサン
三倍,サンバイ
任期途中,ニンキトチュウ
％割増し,パーセントワリマシ
がよく理解,ガヨクリカイ
腰巻きビル,コシマキビル
猿田彦珈琲,サルタヒココーヒー
書店店頭,ショテンテントウ
外交安全保障,ガイコウアンゼンホショウ
メディアビジネス,メディアビジネス
海外予告,カイガイヨコク
AV業界,エイブイギョウカイ
時間程度,ジカンテイド
人なんだろう,ヒトナンダロウ
