利利,トギトギ
一人,イチニン
蕎麦さん,ソバサン
ネタクラスタ,ネタクラスタ
フォロワーさん,フォロワーサン
ネタpost,ネタポスト
二人,ニニン
サブ垢,サブアカ
一日,イチニチ
オナホオナホ,オナホオナホ
一度,イチド
ケイクさん,ケイクサン
虫さん,チュウサン
かぜ虫,カゼチュウ
殺殺殺殺,キルキルキルキル
年後,ネンゴ
ないこないこ,ナイコナイコ
女子社員,ジョシシャイン
お前ら,オマエラ
万円,マンエン
恐山さん,オソレヤマサン
メイドさんあるある,メイドサンアルアル
一杯,イチハイ
さんちゃんさんちゃん,サンチャンサンチャン
奈良,ダイリョウ
万人,マンニン
米田さん,ヨネダサン
バロンさん,バロンサン
わっしょいさん,ワッショイサン
みみうち,ミミウチ
就活生,シュウカツセイ
一回,イチカイ
ねつさん,ネツサン
仕事中,シゴトチュウ
良くん,リョウクン
さとみさん,サトミサン
カバ夫,カバオット
スースさん,スースサン
post数,ポストスウ
二十,ニジュウ
人きり,ニンキリ
一発,イチハツ
favstarさん,ファボスターサン
サボリン,サボリン
回転一門,カイテンイチモン
リンさん,リンサン
何度,ナンド
日中,ニチチュウ
三十,サンジュウ
ポケモンマスター,ポケモンマスター
フォロワー数,フォロワースウ
年前,ネンマエ
定期的,テイキテキ
三日,サンニチ
アンパンマンネタ,アンパンマンネタ
変変,ヘンヘン
面接官,メンセツカン
爺ちゃん,ジイチャン
はるさん,ハルサン
何人,ナンニン
二次元,ニジゲン
実写アイコン,ジッシャアイコン
俺たち,オレタチ
数日,スウニチ
私以外,ワタシイガイ
十年,ジュウネン
非公開リスト,ヒコウカイリスト
食パンマン,ショクパンマン
創設者ジミー・ウェールズ,ソウセツシャジミーウェールズ
人気ユーザー,ニンキユーザー
里見さん,サトミサン
サザエbot,サザエボット
バタ子,バタコ
さん,サン
洗濯物,センタクブツ
今私,イマワタシ
日常post,ニチジョウポスト
もこさん,モコサン
申し訳ありません,モウシワケアリマセン
スパム報告,スパムホウコク
けいおんフェア,ケイオンフェア
一ヶ月,イチカゲツ
〇〇,レイレイ
りすかさん,リスカサン
ウィキペディア創設者,ウィキペディアソウセツシャ
一本,イチホン
魚肉さん,ギョニクサン
誤字post,ゴジポスト
年以上,ネンイジョウ
発売日,ハツバイビ
一歩,イチホ
どこ情報,ドコジョウホウ
日後,ニチゴ
人芝居,ニンシバイ
しのくん,シノクン
数ヶ月,スウカゲツ
何度も何度も,ナンドモナンドモ
んだけど…,ンダケド
ふぁぼったーデイリー,ファボッターデイリー
太もも画像,フトモモガゾウ
一枚,イチマイ
何時,ナンジ
ツイ禁,ツイキン
長文post,チョウブンポスト
三年,サンネン
疲れ様,ツカレサマ
Skype通話,スカイプツウワ
カオナシさん,カオナシサン
億円,オクエン
一晩,イチバン
自己紹介欄,ジコショウカイラン
何回,ナンカイ
人目,ニンメ
十回,ジュウカイ
六さん,ロクサン
それどこ,ソレドコ
虎たち,トラタチ
アメアマ,アメアマ
文字リプライ,モジリプライ
今の,イマノ
バロン塚本,バロンツカモト
光宙,ヒカリチュウ
範馬刃牙復活,ハンマバキフッカツ
日本各地,ニッポンカクチ
おばちゃん,オバチャン
空リプライ,ソラリプライ
これ以上,コレイジョウ
顔写真,カオシャシン
ケンイチ氏,ケンイチシ
字post,ジポスト
本格的,ホンカクテキ
政治家,セイジカ
私みたい,ワタシミタイ
私メリーさん,ワタシメリーサン
感半端ない,カンハンパナイ
なにそれ,ナニソレ
時間前,ジカンマエ
なにこれ,ナニコレ
毎日毎日,マイニチマイニチ
意味不明,イミフメイ
到達点,トウタツテン
数時間,スウジカン
コンタクト申請,コンタクトシンセイ
めリプ,メリプ
おすすめユーザー,オススメユーザー
三人,サンニン
さん誕生日,サンタンジョウビ
何年,ナンネン
群馬ネタ,グンマネタ
許諾契約,キョダクケイヤク
日前,ニチマエ
人さん,ヒトサン
十五,ジュウゴ
多段非公式RT,タダンヒコウシキアールティー
万日,マンニチ
数年,スウネン
こちとら,コチトラ
変更メール,ヘンコウメール
さとみくん,サトミクン
キムチさん,キムチサン
気をつけろ,キヲツケロ
ひらりんさん,ヒラリンサン
二日,ニニチ
ヶ月前,カゲツマエ
大喜利post,オオギリポスト
さそう,サソウ
誰一,ダレイチ
popu,ピーオーピックアップ
○○,レイレイ
男子高校生,ダンシコウコウセイ
息子さん,ムスコサン
三万,サンマン
思春期,シシュンキ
三人組,サンニングミ
ついったーあるある,ツイッターアルアル
リプライ返し,リプライガエシ
pula,ピックアップエルエー
人以上,ニンイジョウ
十八,ジュウハチ
腹パンリスト,ハラパンリスト
美少女アイコン,ビショウジョアイコン
娘さん,ムスメサン
鍵付き,カギツキ
人乗り,ニンノリ
使用許諾,シヨウキョダク
精神的,セイシンテキ
通話麻雀,ツウワマージャン
校舎裏,コウシャウラ
二度,ニド
字リプ,ジリプ
そこかしこ,ソコカシコ
午前中,ゴゼンチュウ
検索結果,ケンサクケッカ
アンパンマンpost,アンパンマンポスト
二次,ニジ
SkypeID,スカイプアイディー
post自体,ポストジタイ
アマさん,アマサン
私自身,ワタシジシン
私達,ワタシタチ
具体的,グタイテキ
女の子たち,オンナノコタチ
週間前,シュウカンマエ
ドキドキ感,ドキドキカン
短文post,タンブンポスト
フォロー数,フォロースウ
内定者,ナイテイシャ
山手線,ヤマテセン
あなたたち,アナタタチ
四人,ヨンニン
キモい奴,キモイヤツ
リプ返し,リプガエシ
サトシくん,サトシクン
枚目,マイメ
人がいない,ジンガイナイ
っぷり半端ない,ップリハンパナイ
感想集,カンソウシュウ
アイコン感想,アイコンカンソウ
乞食リスト,コジキリスト
水嶋ヒロみたい,ミズシマヒロミタイ
一番好き,イチバンスキ
百合,ヒャクゴウ
頭頂部,トウチョウブ
良さん,リョウサン
円以上,エンイジョウ
心配おかけ,シンパイオカケ
何度も何,ナンドモナン
１０,イチゼロ
ここ数,ココスウ
きれいな顔,キレイナガオ
二枚,ニマイ
特化,トクカ
非公式bot,ヒコウシキボット
妹post,イモウトポスト
円以下,エンイカ
自分以外,ジブンイガイ
主人様,シュジンサマ
PTA会長,ピィーティーエーカイチョウ
行識,ユキシキ
敗北感,ハイボクカン
ネット上,ネットジョウ
魅力的,ミリョクテキ
一桁,イチケタ
一冊,イチサツ
１位,イチイ
童貞喪失,ドウテイソウシツ
没ネタ,ボツネタ
見積書,ミツモリショ
ピコピコ,ピコピコ
深夜帯,シンヤタイ
キリンさん,キリンサン
億単位,オクタンイ
私マジ,ワタシマジ
ちゃんさん,チャンサン
家族全員,カゾクゼンイン
Replyタブ,リプライタブ
エゴタブ,エゴタブ
安否確認,アンピカクニン
地球上,チキュウジョウ
〇さん,レイサン
みそさん,ミソサン
エロシーン,エロシーン
致命的,チメイテキ
暇人さん,ヒマジンサン
人いない,ヒトイナイ
１人,イチニン
定時後,テイジゴ
樽一,タルイチ
一通,イチツウ
危険性,キケンセイ
間接的,カンセツテキ
みんな私,ミンナワタシ
モテるん,モテルン
００,ゼロゼロ
ドイツ語,ドイツゴ
一年間,イチネンカン
縦笛,タテフエ
一次,イチジ
自分宛て,ジブンアテ
それ以外,ソレイガイ
アンパンマン号,アンパンマンゴウ
終了後,シュウリョウゴ
雪みたい,ユキミタイ
何日,ナンニチ
水嶋ヒロさん,ミズシマヒロサン
定期post,テイキポスト
絶望感,ゼツボウカン
以外誰,イガイダレ
ヘイポーbot,ヘイポーボット
稀覯書,キコウショ
回転一,カイテンイチ
秋菜さん,アキナサン
回目,カイメ
雪玉,ユキダマ
会議通話,カイギツウワ
もんぺさん,モンペサン
千年,センネン
さんみたい,サンミタイ
正直者,ショウジキシャ
あと一,アトイチ
イヤフォン,イヤフォン
パンティーライナー,パンティーライナー
三連発,サンレンパツ
無理無理,ムリムリ
塚本さん,ツカモトサン
主人公たち,シュジンコウタチ
5センチなん,ゴセンチナン
キチカッパ,キチカッパ
お前モカ,オマエモカ
秒速5センチ,ビョウソクゴセンチ
何度もpost,ナンドモポスト
主導権,シュドウケン
ふぁぼろ,ファボロ
十一,ジュウイチ
男たち,オトコタチ
卯月さん,ウヅキサン
字リプライ,ジリプライ
一番大事,イチバンダイジ
慰労会,イロウカイ
最初期,サイショキ
人分,ニンブン
帝王牙,テイオウキバ
アマゾン川みたい,アマゾンガワミタイ
ヶ月後,カゲツゴ
貴様ら,キサマラ
攻撃力,コウゲキリョク
顔認識,カオニンシキ
地球外,チキュウガイ
数年間,スウネンカン
三日間,サンニチカン
一万,イチマン
体育座りしながら,タイイクスワリシナガラ
対処法,タイショホウ
祝日出勤,シュクジツシュッキン
代後半,ダイコウハン
防御力,ボウギョリョク
十六,ジュウロク
個体値厳選,コタイチゲンセン
歳以上,サイイジョウ
アフィbot,アフィボット
無駄死,ムダシ
学生たち,ガクセイタチ
倒置法,トウチホウ
禿親父,カムロオヤジ
言葉遣い,コトバヅカイ
なっちゃったん,ナッチャッタン
美少女フィギュア,ビショウジョフィギュア
取得漏れ,シュトクモレ
地球滅亡,チキュウメツボウ
今なに,イマナニ
人用,ニンヨウ
GW中,ガンダムウイングチュウ
三ヶ月,サンカゲツ
フォロー通知,フォローツウチ
ワタシ,ワタシ
内定先,ナイテイサキ
数人,スウニン
リアル友人,リアルユウジン
場違い感,バチガイカン
数十,スウジュウ
日常クラスタ,ニチジョウクラスタ
なんつう,ナンツウ
二時間,ニジカン
何だい,ナニダイ
クラスタ扱い,クラスタアツカイ
Twitter論,ツイッターロン
一般的,イッパンテキ
垢消し,アカケシ
人自殺,ニンジサツ
アンパンチ,アンパンチ
カイジbot,カイジボット
アマゾンさん,アマゾンサン
ヶ月放置,カゲツホウチ
舎利子,シャリシ
顔真っ赤,カオマッカ
デリヘル嬢,デリヘルジョウ
中国語,チュウゴクゴ
高い人,ダカイジン
給湯室,キュウトウシツ
ブスちゃん,ブスチャン
クラスメイトたち,クラスメイトタチ
おいジャム,オイジャム
調子者,チョウシシャ
嘘みたい,ウソミタイ
myチンチン,マイチンチン
就業時間,シュウギョウジカン
餌裏,エサウラ
日暮里間,ニッポリカン
マジ無理,マジムリ
十四,ジュウヨン
いない間,イナイカン
十人,ジュウニン
お前ここ,オマエココ
post内容,ポストナイヨウ
デイリー１,デイリーイチ
時間後,ジカンゴ
切りバサミ,ギリバサミ
男同士,オトコドウシ
二段,ニダン
チャット欄,チャットラン
post欄,ポストラン
十二,ジュウニ
語彙力,ゴイリョク
の面倒,ノメンドウ
社員たち,シャインタチ
抹茶さん,マッチャサン
私的メモ,シテキメモ
以上前,イジョウマエ
俺達,オレタチ
月6日,ツキムイカ
一番上,イチバンジョウ
毎度毎度,マイドマイド
ホットカーペット,ホットカーペット
一番下,イチバンカ
職質,ショクシツ
里見マン,サトミマン
十九,ジュウキュウ
帰宅途中,キタクトチュウ
こと嫌い,コトキライ
五年,ゴネン
漬物石,ツケモノセキ
りすかー,リスカー
アメリカアマゾン,アメリカアマゾン
無言非公式RT,ムゴンヒコウシキアールティー
一志望,イチシボウ
大塚娘,オオツカムスメ
もんはん,モンハン
後離職率,ゴリショクリツ
みかんさん,ミカンサン
群馬県民,グンマケンミン
最近私,サイキンワタシ
路地裏,ロジウラ
出張先,シュッチョウサキ
プレイ中,プレイチュウ
牛丼屋,ギュウドンヤ
私宛,ワタシアテ
フォロー整理,フォローセイリ
バックスペース,バックスペース
デュエルスタンバイ,デュエルスタンバイ
得意そう,トクイソウ
女子児童,ジョシジドウ
アカウント名,アカウントメイ
中二病さしすせそ,チュウニビョウサシスセソ
チンコーン,チンコーン
火餌,ヒエサ
フォロリム,フォロリム
デート中,デートチュウ
今ここ,イマココ
毎日ネタ,マイニチネタ
インタビュー登録,インタビュートウロク
自分宛,ジブンアテ
代前半,ダイゼンハン
独居房,ドッキョボウ
四番,ヨンバン
人扱い,ヒトアツカイ
枝切り,エダギリ
止め時,トメジ
Windowsちゃん,ウィンドウズチャン
ふぁぼるの,ファボルノ
風呂場,フロジョウ
邪智暴虐,ジャチボウギャク
次面接,ジメンセツ
いちごパンツ,イチゴパンツ
2011年センター試験,ニセンジュウイチネンセンターシケン
人一,ニンイチ
ふぁぼったーデイリーランキング,ファボッターデイリーランキング
全く接点,ゼンクセッテン
裏乃,ウラダイ
さんお誕生日おめでとう,サンオタンジョウビオメデトウ
待ち合わせ場所,マチアワセバショ
仕事仕事,シゴトシゴト
音声案内,オンセイアンナイ
たかしくん,タカシクン
二回,ニカイ
乗客数,ジョウキャクスウ
選考委員,センコウイイン
過去post,カコポスト
バカめ,バカメ
数倍,スウバイ
勇者一,ユウシャイチ
ヶ月以上,カゲツイジョウ
一行,イチコウ
カップル共,カップルドモ
テツヤくん,テツヤクン
六十,ロクジュウ
てめぇどこ,テメェドコ
十三,ジュウサン
全く別,ゼンクベツ
十七,ジュウナナ
想像上,ソウゾウジョウ
小料理屋,コリョウリヤ
群馬様,グンマサマ
京急鎌田,ケイキュウカマタ
絶対遵守,ゼッタイジュンシュ
アイコンチキンカルボナーラ,アイコンチキンカルボナーラ
妥協案,ダキョウアン
冷却ファン,レイキャクファン
今みたい,イマミタイ
攻略対象,コウリャクタイショウ
僕たち,ボクタチ
ツイート数,ツイートスウ
万以上,マンイジョウ
生命体,セイメイタイ
さん以外,サンイガイ
次絵,ジエ
桜抹茶,サクラマッチャ
顔さん,カオサン
希望金額,キボウキンガク
フォロー先,フォローサキ
Wikipedia創設者,ウィキペディアソウセツシャ
14歳JC,ジュウヨンサイジェイシー
勤務時間中,キンムジカンチュウ
達成感,タッセイカン
今日仕事,キョウシゴト
授業中,ジュギョウチュウ
精神状態,セイシンジョウタイ
鳩山くん,ハトヤマクン
T.M.Revolution,ティーエムアールエボリューション
１ヶ月,イチカゲツ
フィードさん,フィードサン
かずき君,カズキクン
いま本気,イマホンキ
童貞力,ドウテイリョク
紳助さん,シンスケサン
読解力,ドッカイリョク
どこ中,ドコチュウ
モテ計画,モテケイカク
コスコス,コスコス
堕天使たち,ダテンシタチ
子さん,コサン
十数,ジュウスウ
寝落ちfeaturing,ネオチフィーチャリング
月曜日ちゃん,ゲツヨウビチャン
それ以上,ソレイジョウ
コスmy,コスマイ
千円,センエン
包み紙,ツツミシ
オランウータン,オランウータン
百万,ヒャクマン
発芸,ハツゲイ
我々スタッフ,ワレワレスタッフ
字制限,ジセイゲン
九時,キュウジ
傷だらけ,キズダラケ
期間中,キカンチュウ
電車内,デンシャナイ
排水口,ハイスイグチ
だれかさん,ダレカサン
就寝post,シュウシンポスト
