AI学会,アイガッカイ
，データ,，データ
聴講録,チョウコウロク
学会全国大会,ガッカイゼンコクタイカイ
深層学習,シンソウガクシュウ
国際会議,コクサイカイギ
参加者数,サンカシャスウ
総会資料,ソウカイシリョウ
自分的,ジブンテキ
分析ソフト,ブンセキソフト
論文集,ロンブンシュウ
百万,ヒャクマン
DM系,ダイレクトメールケイ
ダブルブラインド,ダブルブラインド
類似度,ルイジド
録更新,ロクコウシン
５年,ゴネン
th運営,ティーエッチウンエイ
資料P,シリョウピー
だじゃれ力,ダジャレリョク
以前どこ,イゼンドコ
ノロケマイナー,ノロケマイナー
，保育園,，ホイクエン
頻出部分,ヒンシュツブブン
なっちゃったら,ナッチャッタラ
自然言語言語,シゼンゲンゴゲンゴ
確信度,カクシンド
ドル札,ドルサツ
さんら,サンラ
ワークショップ参加,ワークショップサンカ
人口知能学会,ジンコウチノウガッカイ
対話的,タイワテキ
一括ダウンロード,イッカツダウンロード
車椅子部門,クルマイスブモン
録最終,ロクサイシュウ
発表予定,ハッピョウヨテイ
これ以上,コレイジョウ
性関連,セイカンレン
技術系,ギジュツケイ
宿敵R,シュクテキラウンド
部分グラフ,ブブングラフ
普通な気,フツウナキ
公道実験,コウドウジッケン
心理系,シンリケイ
アイスクリーム事業,アイスクリームジギョウ
ルマンドアイス,ルマンドアイス
講演者,コウエンシャ
万遍,マンヘン
人が最初,ジンガサイショ
Questfor,クエストフォー
最終版,サイシュウバン
プライバシー重視,プライバシージュウシ
th聴講,ティーエッチチョウコウ
報告ブログ,ホウコクブログ
エンジニア悲話,エンジニアヒワ
大会論,タイカイロン
発の,ハツノ
ソイレント・グリーンみたい,ソイレントグリーンミタイ
会議フォーマット,カイギフォーマット
自宅PC,ジタクピーシー
これ何,コレナニ
大丈夫そう,ダイジョウブソウ
AI関係,アイカンケイ
年上積み,ネンウワヅミ
宣伝活動,センデンカツドウ
AI研,アイケン
応用セッション,オウヨウセッション
十年,ジュウネン
数百,スウヒャク
統合ソフト,トウゴウソフト
完了当日,カンリョウトウジツ
ミンスキーさん,ミンスキーサン
仏テニス,フツテニス
連続開催,レンゾクカイサイ
集ダウンロード,シュウダウンロード
査読者,サドクシャ
thehype,ザハイプ
マージ権限,マージケンゲン
レベルパーティ,レベルパーティ
当日参加,トウジツサンカ
書き込みOK,カキコミオーケイ
何十,ナンジュウ
受付完了,ウケツケカンリョウ
対戦型,タイセンガタ
年連続,ネンレンゾク
あら，,アラ，
我等,ガトウ
アメリカ側,アメリカガワ
外貨両替機,ガイカリョウガエキ
機械学習国際,キカイガクシュウコクサイ
仲良しフォロワー,ナカヨシフォロワー
投資生活,トウシセイカツ
買い指摘,カイシテキ
計算量,ケイサンリョウ
数分,スウフン
一番現実,イチバンゲンジツ
コーヒーどこ,コーヒードコ
日本開催,ニッポンカイサイ
グラフマイニング,グラフマイニング
情報要求,ジョウホウヨウキュウ
人工知能学会誌,ジンコウチノウガッカイシ
，セッション,，セッション
ギブスン,ギブスン
，R,，ラウンド
小倉発,コクラハツ
長いスクリプト,ナガイスクリプト
社会学系,シャカイガクケイ
選好順序,センコウジュンジョ
司会中,シカイチュウ
テニス車いすの部,テニスクルマイスノブ
図みたい,ズミタイ
バグリポート,バグリポート
禁煙ルーム,キンエンルーム
論文誌,ロンブンシ
米加,ベイカ
mac使い,マックヅカイ
ことないか,コトナイカ
doesreality,ドーズリアリティ
公正性,コウセイセイ
計算機内,ケイサンキナイ
分析以外,ブンセキイガイ
，ロボット,，ロボット
５５,ゴゴ
企業ブース,キギョウブース
モードみたい,モードミタイ
周年記念,シュウネンキネン
th会場,ティーエッチカイジョウ
machine learninggossip,マシンラーニングゴシップ
softwaretools,ソフトウェアツゥールズ
通勤経路,ツウキンケイロ
優勝ペア,ユウショウペア
パスワード流出,パスワードリュウシュツ
ころコンピュータ,コロコンピュータ
上地組,ジョウチグミ
PythonDuel,パイソンドュエル
分野違い,ブンヤチガイ
託児サービス,タクジサービス
京都発,キョウトハツ
会場到着,カイジョウトウチャク
読み出し可能,ヨミダシカノウ
週間バルセロナ,シュウカンバルセロナ
入国審査,ニュウコクシンサ
代目派,ダイメハ
記念号,キネンゴウ
学士堂,ガクシドウ
Togetterまとめ,トゥギャッターマトメ
マッカーシーさん,マッカーシーサン
公的統計,コウテキトウケイ
気食い,キグイ
アフィリエイト経由,アフィリエイトケイユ
pythonコード,パイソンコード
６５,ロクゴ
差分プライバシ,サブンプライバシ
予稿集,ヨコウシュウ
realitymatch,リアリティマッチ
人間乱数,ニンゲンランスウ
それ以降,ソレイコウ
分小倉,フンコクラ
終い,オワリイ
有力研究室,ユウリョクケンキュウシツ
事前ダウンロード,ジゼンダウンロード
開花深層,カイカシンソウ
SSD最適化,エスエスディーサイテキカ
のだとう,ノダトウ
お父さんスイッチ,オトウサンスイッチ
部分マッチ,ブブンマッチ
向グラフ,ムカイグラフ
漫画家さん,マンガカサン
因果系,インガケイ
Python周り,パイソンマワリ
forAI,フォーアイ
娘さん,ムスメサン
レンダラー,レンダラー
釣りサイト,ツリサイト
人がマージ,ジンガマージ
学習本,ガクシュウホン
AI技術,アイギジュツ
HITSみたい,ヒッツミタイ
会期中,カイキチュウ
予定これ,ヨテイコレ
会議マイク,カイギマイク
，エスプレッソ,，エスプレッソ
年分,ネンブン
ミネアポリス経由,ミネアポリスケイユ
th企業,ティーエッチキギョウ
ヒントン図,ヒントンズ
通常モード,ツウジョウモード
データ分析,データブンセキ
クラッシュ姫,クラッシュヒメ
パスポート番号,パスポートバンゴウ
matchthe,マッチザ
国枝組,クニエダグミ
ソフト投票,ソフトトウヒョウ
評価器,ヒョウカキ
別の,ベツノ
加間,カカン
みんなツイート,ミンナツイート
，パラメタ,，パラメタ
shimaさん,シマサン
一番重要,イチバンジュウヨウ
万件,マンケン
サグラダファミリア大聖堂,サグラダファミリアダイセイドウ
実験ならでは,ジッケンナラデハ
モデル王子,モデルオウジ
一気,イチキ
1番自分,イチバンジブン
連続発表,レンゾクハッピョウ
重複買い,ジュウフクカイ
トピックモデル,トピックモデル
北陸限定,ホクリクゲンテイ
恒例分析,コウレイブンセキ
国以外,クニイガイ
キャパ的,キャパテキ
昨日日本,キノウニッポン
松本零士さん,マツモトレイジサン
指摘機能,シテキキノウ
人発表,ニンハッピョウ
創業者派,ソウギョウシャハ
採択率,サイタクリツ
th2014年,ティーエッチニセンジュウヨネン
review中,レビューチュウ
オクトーバーフェスタ,オクトーバーフェスタ
共同通信47NEWS,キョウドウツウシンヨンナナニュース
コア生産,コアセイサン
