子供達,コドモタチ
UVレジン,ユーブイレジン
モチーフネックレス,モチーフネックレス
天龍ちゃん,テンリュウチャン
アクセサリー沼,アクセサリーヌマ
執事眼鏡,シツジメガネ
かるちゃーR,カルチャーラウンド
小鳥遊さん,タカナシサン
回目,カイメ
子達,コタチ
一人,イチニン
眼鏡様,メガネサマ
日目,ニチメ
お空ちゃん,オクウチャン
テストモデル,テストモデル
自分達,ジブンタチ
改二,アラタメニ
さん達,サンタチ
女装コス,ジョソウコス
女性キャラ,ジョセイキャラ
試作品,シサクヒン
創さん,ハジメサン
年前,ネンマエ
一発,イチハツ
二人,ニニン
何回,ナンカイ
艦これアニメ,カンコレアニメ
二日,ニニチ
艦これイベント,カンコレイベント
メガネチェーン,メガネチェーン
一個,イチコ
小鳥遊妻,タカナシツマ
艦娘達,カンムスタチ
トゥインクルちゃん,トゥインクルチャン
同人イベント,ドウジンイベント
3日目,ミッカメ
ガルパン劇場版,ガルパンゲキジョウバン
バッグチャーム,バッグチャーム
コス写真,コスシャシン
劇場版プリパラ,ゲキジョウバンプリパラ
一回,イチカイ
一本,イチホン
四弾,ヨンダン
トワ様,トワサマ
層目,ソウメ
俺達,オレタチ
レイヤーさん,レイヤーサン
俺たち,オレタチ
とうらぶ手芸部,トウラブシュゲイブ
レンズピアス,レンズピアス
まじかるちゃー,マジカルチャー
男子更衣室,ダンシコウイシツ
参戦ID,サンセンアイディー
段目,ダンメ
きららちゃん,キララチャン
枚目,マイメ
神ネックレス,カミネックレス
ラメフレーク,ラメフレーク
私達,ワタシタチ
モチーフアクセサリー,モチーフアクセサリー
カリおっさん,カリオッサン
蛍丸モチーフ,ホタルマルモチーフ
コス合わせ,コスアワセ
サークルスペース,サークルスペース
女性レイヤー,ジョセイレイヤー
お前ら,オマエラ
何年,ナンネン
コスプレ衣装,コスプレイショウ
二次元,ニジゲン
アストップさん,アストップサン
さんチーム,サンチーム
アイモチーフ,アイモチーフ
屋さん,ヤサン
裏処理,ウラショリ
アクセ作り,アクセヅクリ
同田貫正国モチーフ,ドウダヌキマサクニモチーフ
一度,イチド
二重,ニジュウ
水曜日東ネ,スイヨウビヒガシネ
弾丸モチーフ,ダンガンモチーフ
日中,ニチチュウ
C89水曜日,シーハチジュウキュウスイヨウビ
取引先,トリヒキサキ
エンボスヒーター,エンボスヒーター
パスケース,パスケース
5月8日博麗神社例大祭,ゴガツヨウカハクレイジンジャレイタイサイ
一日,イチニチ
予約開始,ヨヤクカイシ
幽々子様,ユユコサマ
目ペ,メペ
何時,ナンジ
ゲーム内,ゲームナイ
シンガン,シンガン
男性キャラ,ダンセイキャラ
アクセサリー作り,アクセサリーヅクリ
ユウさん,ユウサン
きのこたけ,キノコタケ
男キャラ,オトコキャラ
失敗作,シッパイサク
秋山殿,アキヤマドノ
作業中,サギョウチュウ
レジンアクセサリー,レジンアクセサリー
カットストーン,カットストーン
ちゃんモチーフ,チャンモチーフ
美雲,ヨシクモ
シオンちゃん,シオンチャン
時過ぎ,ジスギ
霧島さん,キリシマサン
スマホRPG,スマホアールピージー
咲夜コス,サクヤコス
今これ,イマコレ
ららぽーと豊洲,ララポートトヨス
キャラクリ,キャラクリ
構え方,ガマエカタ
とうらぶコス,トウラブコス
日本刀,ニッポンガタナ
パーツ屋,パーツヤ
お立ち寄り,オタチヨリ
次絵,ジエ
擬人化,ギジンカ
完成品,カンセイヒン
冬コミ用,フユコミヨウ
雲さん,クモサン
方達,カタタチ
コス用,コスヨウ
年以上,ネンイジョウ
本歯,ホンハ
出展者,シュッテンシャ
黒タイツ,クロタイツ
眼鏡チェーン,メガネチェーン
全員分,ゼンインブン
妻RAN,ツマラン
R出展,ラウンドシュッテン
さそう,サソウ
ラバスト,ラバスト
以上前,イジョウマエ
パーツクラブ,パーツクラブ
者紹介,シャショウカイ
店員さん,テンインサン
十六夜咲夜モチーフ,イザヨイサクヤモチーフ
今週末,コンシュウマツ
拡散具合,カクサングアイ
ヤクルトファン,ヤクルトファン
二層,ニソウ
数千,スウセン
三日,サンニチ
歯下駄,ハゲタ
一ヶ月,イチカゲツ
フォロワーさん,フォロワーサン
ガルパン4DX,ガルパンフォーディーエックス
艦娘,カンムスメ
何個,ナンコ
内プロフィール,ナイプロフィール
これ以上,コレイジョウ
精神的,セイシンテキ
人目,ニンメ
古明地姉妹,コメチシマイ
スカーレット姉妹,スカーレットシマイ
二次,ニジ
ツイッター上,ツイッタージョウ
コス衣装,コスイショウ
救援依頼,キュウエンイライ
数百,スウヒャク
数年,スウネン
ちゃん改,チャンアラタメ
幽香モデル,ユウコウモデル
明日夜,アシタヨル
城プロ,シロプロ
申し訳ありません,モウシワケアリマセン
液レジン,エキレジン
三日月宗近モチーフ,ミカヅキムネチカモチーフ
PCパーツ,ピーシーパーツ
個分,コブン
映画館,エイガカン
なにそれ,ナニソレ
僕アカ,ボクアカ
浜松町,ハママツマチ
UVライト,ユーブイライト
無駄毛,ムダケ
男性レイヤー,ダンセイレイヤー
敵幹部,テキカンブ
夫婦間,フウフカン
三次元,サンジゲン
俺男,オレオトコ
数分,スウフン
数回,スウカイ
数時間,スウジカン
それ以前,ソレイゼン
本日執事,ホンジツシツジ
眼鏡さま,メガネサマ
具体的,グタイテキ
何歳,ナンサイ
義眼モチーフ,ギガンモチーフ
アクセ試作,アクセシサク
受注受付,ジュチュウウケツケ
記憶力,キオクリョク
万円,マンエン
三層,サンソウ
俺ら,オレラ
ハンドメイド作品,ハンドメイドサクヒン
コス広場,コスヒロバ
一時間,イチジカン
冬コミ情報,フユコミジョウホウ
年目,ネンメ
た人達,タニンタチ
magicCube,マジックキューブ
二回,ニカイ
硬化中,コウカチュウ
アンケート機能,アンケートキノウ
フレンド承認,フレンドショウニン
受注開始,ジュチュウカイシ
度付き,ドツキ
モチーフ簪,モチーフカンザシ
ドラマ化,ドラマカ
テレビ放映,テレビホウエイ
どうしよう,ドウシヨウ
神コス,カミコス
量産中,リョウサンチュウ
艦これ,カンコレ
何人,ナンニン
連ツイ,レンツイ
リキテックスリキッド,リキテックスリキッド
パーツ買い,パーツカイ
目の,メノ
投票機能,トウヒョウキノウ
デザフェスギャラリー,デザフェスギャラリー
刀装,カタナソウ
血界,チカイ
キャラ用,キャラヨウ
クロネさん,クロネサン
林檎ちゃん,ハヤシゴンチャン
ヘスティア様,ヘスティアサマ
がんばる,ガンバル
用の,ヨウノ
女キャラ,オンナキャラ
最終日,サイシュウビ
個人的,コジンテキ
イベント中,イベントチュウ
イベント参加,イベントサンカ
様モチーフ,サマモチーフ
舞台化,ブタイカ
ジルベル,ジルベル
諏訪部さん,スワベサン
自分用,ジブンヨウ
凛ちゃん,リンチャン
例大祭用,レイタイサイヨウ
虎徹,トラトオル
平日夜,ヘイジツヨル
数日,スウニチ
フランちゃん,フランチャン
夏コミ情報,ナツコミジョウホウ
受注予約,ジュチュウヨヤク
お仕事ゴルフ,オシゴトゴルフ
片眼鏡用,カタメガネヨウ
コス参加,コスサンカ
申込書,モウシコミショ
一点,イチテン
大丈夫大丈夫,ダイジョウブダイジョウブ
R用,ラウンドヨウ
妻の,ツマノ
質問等,シツモントウ
山手線,ヤマテセン
明日明後日,アシタミョウゴニチ
手作りアクセサリー,テヅクリアクセサリー
輝夜モデル,カグヤモデル
さま(),サマカッコ
小鳥遊夫婦,タカナシフウフ
西行寺幽々子モチーフ,サイギョウジユユコモチーフ
コミケ3日,コミケミッカ
モチーフアクセ,モチーフアクセ
とうらぶアクセ,トウラブアクセ
アストップ,アストップ
女子トイレ,ジョシトイレ
画像付き,ガゾウツキ
トワイライトさん,トワイライトサン
文字以内,モジイナイ
最新話,サイシンバナシ
最終解放,サイシュウカイホウ
新田さん,ニッタサン
ムダ毛処理,ムダゲショリ
個人個人,コジンコジン
分以上,フンイジョウ
更衣室,コウイシツ
秋HUB,アキハブ
恋坂,コイザカ
日本鯖,ニッポンサバ
レジンプロ,レジンプロ
フェルト人形,フェルトニンギョウ
週間ぶり,シュウカンブリ
全体的,ゼンタイテキ
三弾,サンダン
カラ枠,カラワク
ばるぞい,バルゾイ
本格的,ホンカクテキ
ヘアクリップ,ヘアクリップ
サークル主,サークルヌシ
当日朝,トウジツアサ
ここら辺,ココラヘン
万倍,マンバイ
土方クロネ,ヒジカタクロネ
ちゃんマジ,チャンマジ
さんみたい,サンミタイ
制作中,セイサクチュウ
千人,センニン
一万,イチマン
カイシャイン,カイシャイン
炎上発言,エンジョウハツゲン
羊毛人形,ヨウモウニンギョウ
魅力的,ミリョクテキ
野球観戦,ヤキュウカンセン
午前中,ゴゼンチュウ
お昼食べに,オヒルショクベニ
回連続,カイレンゾク
宣伝ツイート,センデンツイート
風呂上がり,フロアガリ
アクセパーツ,アクセパーツ
個人的感覚,コジンテキカンカク
長い間,ナガイカン
スティック糊,スティックノリ
女性コスプレイヤー,ジョセイコスプレイヤー
○○,レイレイ
制作作業,セイサクサギョウ
黒塗り,クロヌリ
クローズさん,クローズサン
毎度毎度,マイドマイド
億円,オクエン
ホールケーキ,ホールケーキ
ホノカチャン,ホノカチャン
最近コス,サイキンコス
それ以外,ソレイガイ
ちゃんの,チャンノ
うpら,ウプラ
色黒,ショククロ
プリキュア達,プリキュアタチ
先行体験,センコウタイケン
ライトニングさん,ライトニングサン
攻め様,ゼメサマ
不正ツール,フセイツール
最初期,サイショキ
風パ,カゼパ
てんりゅう,テンリュウ
同人作家さん,ドウジンサッカサン
会社帰り,カイシャガエリ
日焼け対策,ヒヤケタイサク
双方共,ソウホウドモ
金剛,キムツヨシ
丙提督,ヒノエテイトク
艦これコス,カンコレコス
妻まどか,ツママドカ
男子更衣,ダンシコウイ
ヒロ様,ヒロサマ
俺一,オレイチ
体験会,タイケンカイ
相棒オールスターズ,アイボウオールスターズ
まどかコス,マドカコス
電車内,デンシャナイ
作業台,サギョウダイ
爆睡中,バクスイチュウ
再販企画,サイハンキカク
レン様,レンサマ
ネット上,ネットジョウ
水パ,ミズパ
いちごちゃん,イチゴチャン
男装コス,ダンソウコス
卓番,タクバン
最終的,サイシュウテキ
攻撃力,コウゲキリョク
西住,ニシジュウ
箱詰め中,ハコヅメチュウ
空枠,ソラワク
町館,マチカン
イベント盛り沢山,イベントモリダクサン
人の,ヒトノ
万年,マンネン
フロイト先生,フロイトセンセイ
一枚,イチマイ
男子トイレ,ダンシトイレ
疲れ様,ツカレサマ
引用RT,インヨウアールティー
フォロワー数,フォロワースウ
弾アンケート,ダンアンケート
レイヤー夫婦,レイヤーフウフ
小鳥遊家,タカナシカ
大井北上,オオイホクジョウ
最近の,サイキンノ
俺自身,オレジシン
跡部様,アトベサマ
プリキュアショー,プリキュアショー
ヶ月前,カゲツマエ
先生的,センセイテキ
妻恋,ツマコイ
3Dモデリング,スリーディーモデリング
装備品,ソウビヒン
ファッキンコールド,ファッキンコールド
男性そのもの,ダンセイソノモノ
考え中,カンガエチュウ
艦これ羅針盤,カンコレラシンバン
レギュラーマッチ,レギュラーマッチ
三日月おじいちゃん,ミカヅキオジイチャン
ユリカ様,ユリカサマ
様達,サマタチ
パソコンパーツ,パソコンパーツ
おばちゃん,オバチャン
バニー服,バニーフク
イベント前日,イベントゼンジツ
黒森峰,クロモリミネ
伊東ライフ先生,イトウライフセンセイ
箱詰め作業,ハコヅメサギョウ
螺旋状,ラセンジョウ
六弾,ロクダン
クロエさん,クロエサン
達夫婦,タチフウフ
公式アイテム,コウシキアイテム
スーパー攻め,スーパーゼメ
秋葉原駅前,アキハバラエキマエ
年ぶり,ネンブリ
百円,ヒャクエン
コス売り子,コスウリコ
１０,イチゼロ
モノクル用,モノクルヨウ
らじゃー,ラジャー
女性向け,ジョセイムケ
1日目,ツイタチメ
缶バッヂ,カンバッヂ
コウモリ型,コウモリガタ
フランドールモチーフ,フランドールモチーフ
派手さ,ハデサ
薄い本フラグ,ウスイホンフラグ
授乳中,ジュニュウチュウ
コスプレイヤーあるある,コスプレイヤーアルアル
あと一,アトイチ
二ヶ月,ニカゲツ
フェリちゃん,フェリチャン
会社近く,カイシャチカク
潜水艦,センスイカン
秋葉原万世橋,アキハバラマンセイバシ
改良中,カイリョウチュウ
製作者,セイサクシャ
天子モデル,テンシモデル
ラスダン,ラスダン
想像上,ソウゾウジョウ
保護フィルム,ホゴフィルム
レジン液,レジンエキ
涼ちん,スズカチン
上限解放,ジョウゲンカイホウ
アニメ艦,アニメカン
1日がん,ツイタチガン
コスプレメイク,コスプレメイク
外箱,ソトバコ
ガンガン作品,ガンガンサクヒン
ちぃ薄い本,チィウスイホン
柚咲,ユズサキ
当落結果発表,トウラクケッカハッピョウ
男子高校生,ダンシコウコウセイ
扱い方,アツカイカタ
位前,イマエ
ゴルフゴルフ,ゴルフゴルフ
CA様,カリフォルニアサマ
写真現像,シャシンゲンゾウ
モチーフブローチ,モチーフブローチ
年齢的,ネンレイテキ
アニメ艦これ,アニメカンコレ
夏コミ3日,ナツコミミッカ
年位,ネンイ
疑問点,ギモンテン
老害コスプレイヤー,ロウガイコスプレイヤー
今晩中,コンバンチュウ
アンケート結果,アンケートケッカ
おじいちゃんレシピ,オジイチャンレシピ
御主一,ウシューイチ
放映版,ホウエイバン
デザイン性,デザインセイ
アイカツ！コス,アイカツコス
試行錯誤中,シコウサクゴチュウ
近場,コンジョウ
秋葉原お立ち,アキハバラオタチ
キャラ名,キャラメイ
硬化後,コウカゴ
あと数,アトスウ
件目撃,ケンモクゲキ
ツイアカ,ツイアカ
姫ちゃん好き,ヒメチャンスキ
枕営業本,マクラエイギョウホン
神田明神下,カンダミョウジンカ
水分補給,スイブンホキュウ
録画予約,ロクガヨヤク
霧ハメ,キリハメ
数珠さん,ジュズサン
火傷痕,カショウコン
風呂場,フロジョウ
冷泉ちゃん,レイセンチャン
都産貿浜松,トサンボウハママツ
着用図,チャクヨウズ
徹さん,トオルサン
敵側,テキガワ
コスプレ売り子,コスプレウリコ
フレンドマッチ,フレンドマッチ
テレビ版,テレビバン
受注時期,ジュチュウジキ
用メイク,ヨウメイク
お昼ご飯,オヒルゴハン
直接自分,チョクセツジブン
杏さ,アンズサ
用アクセサリー,ヨウアクセサリー
線圏内,センケンナイ
作家さん,サッカサン
アニメ鑑賞,アニメカンショウ
摩耶ちゃん,マヤチャン
バレンタインイベント,バレンタインイベント
小数点以下,ショウスウテンイカ
改良点,カイリョウテン
魔方陣シート,マホウジンシート
レミリアモデル,レミリアモデル
視聴中,シチョウチュウ
痛バッグ,ツウバッグ
性戦,セイセン
実家近く,ジッカチカク
２０,ニゼロ
コスプレ写真,コスプレシャシン
プリパラルート,プリパラルート
的発言,テキハツゲン
画像検索,ガゾウケンサク
デザインフェスタギャラリー,デザインフェスタギャラリー
関係性,カンケイセイ
ツーショット写真,ツーショットシャシン
ネットワークID,ネットワークアイディー
男性用,ダンセイヨウ
普段通り,フダンドオリ
ごい久しぶり,ゴイヒサシブリ
受付中,ウケツケチュウ
お菓子作り,オカシヅクリ
やつみたい,ヤツミタイ
モチーフリング,モチーフリング
SHOWBY,ショウビーワイ
慧音,トシオン
株式会社アンジュ,カブシキガイシャアンジュ
これ絶対,コレゼッタイ
絵の具ブローチ,エノグブローチ
廃課金者,ハイカキンシャ
秘書艦,ヒショカン
アイカツ！アイカツ！,アイカツアイカツ
ゆうきゆう先生,ユウキユウセンセイ
夕飯時,ユウハンジ
GW中,ガンダムウイングチュウ
自分以外,ジブンイガイ
スーパービバホーム,スーパービバホーム
将来娘,ショウライムスメ
思案中,シアンチュウ
さん(),サンカッコ
エイプリルフールネタ,エイプリルフールネタ
フランドール・スカーレットモチーフ,フランドールスカーレットモチーフ
牢屋ランちゃん,ロウヤランチャン
公式グッズ,コウシキグッズ
別の,ベツノ
十分,ジュウフン
あなた様,アナタサマ
レジン部分,レジンブブン
マネキンヘッド,マネキンヘッド
後藤藤四郎,ゴトウトウシロウ
透明感,トウメイカン
アクセ作ってみた,アクセツクッテミタ
夏イベント,ナツイベント
僕たち,ボクタチ
その他諸々,ソノタモロモロ
今日限り,キョウカギリ
車移動,クルマイドウ
上級者,ジョウキュウシャ
一重,イチジュウ
男女差,ダンジョサ
脇差No.1,ワキザシナンバーワン
夜確認,ヨルカクニン
カラバリ,カラバリ
頒布予定,ハンプヨテイ
シート印刷,シートインサツ
秋葉原周辺,アキハバラシュウヘン
作ってみたん,ツクッテミタン
表面上,ヒョウメンジョウ
風邪菌,カゼキン
一番最初,イチバンサイショ
便利そう,ベンリソウ
ガンバライジング,ガンバライジング
駅員さん,エキインサン
プリキュア敵,プリキュアテキ
今月末,コンゲツマツ
腕時計チョコ,ウデドケイチョコ
宝晶,タカラアキラ
意見感想,イケンカンソウ
白露型,シラツユガタ
在庫僅少,ザイコキンショウ
水爆実験,スイバクジッケン
モチーフバレッタ,モチーフバレッタ
剣伝,ケンデン
歳下,トシカ
性別不詳,セイベツフショウ
ジャージ服,ジャージフク
目土曜日,メドヨウビ
刀剣男子,トウケンダンシ
二期,ニキ
南天ちゃん,ナンテンチャン
皆様情報,ミナサマジョウホウ
クルーソックス,クルーソックス
社畜さん,シャチクサン
コミケ後,コミケゴ
百合,ヒャクゴウ
分後,フンゴ
夫婦共,フウフドモ
可能性大,カノウセイダイ
フレンド申請,フレンドシンセイ
水曜日夜,スイヨウビヨル
志希,ココロザシノゾミ
次郎さん,ジロウサン
北上さん,キタカミサン
人以上,ニンイジョウ
プロフ欄,プロフラン
天龍龍田,テンリュウタツタ
夕ご飯,ユウゴハン
反対側,ハンタイガワ
日用品買出し,ニチヨウヒンカイダシ
ドーム周辺,ドームシュウヘン
透過処理,トウカショリ
テンションマックス,テンションマックス
円代,エンダイ
勃起状態,ボッキジョウタイ
オールスターズみんな,オールスターズミンナ
男性向け,ダンセイムケ
なんやかん,ナンヤカン
加古改,カコアラタメ
万文字,マンモジ
夏頃,ナツゴロ
点一,テンイチ
大人男性,オトナダンセイ
ボクサーショーツ,ボクサーショーツ
用眼鏡,ヨウメガネ
ハンクラ,ハンクラ
んじゃー,ンジャー
クロネ様,クロネサマ
バレンタイン台詞,バレンタインダイシ
精神上,セイシンジョウ
参加者様,サンカシャサマ
価格等,カカクトウ
盛り盛り,ザカリザカリ
話視聴,ハナシシチョウ
作業完了,サギョウカンリョウ
レジン初心者,レジンショシンシャ
社員証,シャインショウ
明石コス,アカシコス
何日,ナンニチ
アクセサリーチェーン,アクセサリーチェーン
カラー図面,カラーズメン
いちイベント,イチイベント
ヨダ爺,ヨダジイ
ユリカさま,ユリカサマ
残り数,ノコリスウ
人形達,ニンギョウタチ
初歩的,ショホテキ
刀繚乱,カタナリョウラン
コミケカタログ,コミケカタログ
杯目,ハイメ
あおいちゃん,アオイチャン
使用感,シヨウカン
製作中,セイサクチュウ
クリーニング屋,クリーニングヤ
風呂掃除,フロソウジ
二対,ニタイ
男女ペア,ダンジョペア
女装コスプレ,ジョソウコスプレ
料理スキル,リョウリスキル
コスプレグラフィックス,コスプレグラフィックス
一位,イチイ
なっちゃったん,ナッチャッタン
会場内,カイジョウナイ
ファイヤーオパール,ファイヤーオパール
ツルツル,ツルツル
二フラグ,ニフラグ
涙無し,ナミダナシ
兄様,アニサマ
クラブさん,クラブサン
深海川内,フカノミガワナイ
現実世界,ゲンジツセカイ
ハロウィンイベント,ハロウィンイベント
所謂同人,イワユルドウジン
女性達,ジョセイタチ
用ネックレス,ヨウネックレス
皆様方,ミナサマカタ
全く一緒,ゼンクイッショ
咲様,サキサマ
ファッションレイバン,ファッションレイバン
女子生徒,ジョシセイト
イベント当日,イベントトウジツ
竹内P,タケウチピー
男の娘レイヤー,オトコノコレイヤー
展示会,テンジカイ
艦これE-5,カンコレイーファイブ
isblind,イズブラインド
メタルフープ,メタルフープ
コミケ男子,コミケダンシ
人きり,ニンキリ
暴力団員谷岡,ボウリョクダンインタニオカ
咲夜さん片眼鏡,サクヤサンカタメガネ
オタクオタク,オタクオタク
大変申し訳,タイヘンモウシワケ
チワワさん,チワワサン
基本的,キホンテキ
近日中,キンジツチュウ
仕事疲れ,シゴトヅカレ
娘達,ムスメタチ
スーパーレイトショー,スーパーレイトショー
坂交差点,ザカコウサテン
博麗神社例大祭用,ハクレイジンジャレイタイサイヨウ
サーバ群,サーバグン
家庭用,カテイヨウ
アクセサークル,アクセサークル
カメラマンさん,カメラマンサン
姉妹モチーフ,シマイモチーフ
いいね数,イイネスウ
オレ達,オレタチ
ツール使用者,ツールシヨウシャ
ブランド物,ブランドブツ
度お越し,ドオコシ
硬化不良,コウカフリョウ
イベント等,イベントトウ
三戦勝負,サンセンショウブ
んジャマイカ,ンジャマイカ
優勝決定,ユウショウケッテイ
数十,スウジュウ
cv.諏訪部,シーブイスワベ
相談中,ソウダンチュウ
3kg,サンケイグラム
明日水曜日,アシタスイヨウビ
二代目,ニダイメ
ポチポチ,ポチポチ
特設サイト,トクセツサイト
虎の子宝,トラノコタカラ
弾予約,ダンヨヤク
UVランプ,ユーブイランプ
実写ドラマ,ジッシャドラマ
ビニール製,ビニールセイ
毛処理,ケショリ
危険性,キケンセイ
通勤途中,ツウキントチュウ
ダメみたい,ダメミタイ
期間中,キカンチュウ
夫婦水入らず,フウフミズイラズ
受注生産,ジュチュウセイサン
感じの,カンジノ
闇落ち,ヤミオチ
初期ガンガン,ショキガンガン
東方キャラ,トウホウキャラ
コスプレイヤー夫婦,コスプレイヤーフウフ
ステージ衣装,ステージイショウ
視聴後,シチョウゴ
台東館,タイトウカン
ですよあれ,デスヨアレ
風見幽香モデル,カザミユウカモデル
何枚,ナンマイ
アイドル達,アイドルタチ
イヤホンジャック,イヤホンジャック
RT数,アールティースウ
直しシート,ナオシシート
開始予定,カイシヨテイ
是非お立ち,ゼヒオタチ
戦闘シーン,セントウシーン
TFTホール,ティーエフティーホール
年後,ネンゴ
askhim,アスクヒム
ラジ館,ラジカン
コス写,コスウツシ
数億,スウオク
清原レジン,キヨハラレジン
ヒラコーさん,ヒラコーサン
島風コスプレ,シマカゼコスプレ
秋葉原近く,アキハバラチカク
目男,メオトコ
水龍敬ランド,ミズリュウケイランド
アクセ制作,アクセセイサク
白雪姉妹,シラユキシマイ
股間部分,コカンブブン
話目,ワメ
サイズ感,サイズカン
夏コミ当落,ナツコミトウラク
フル役,フルヤク
アクセサリー制作,アクセサリーセイサク
水橋パルスィモチーフ,ミズハシパルスィモチーフ
何千,ナンセン
大破撤退,タイハテッタイ
野郎共,ヤロウドモ
アンダーグラウンド展示,アンダーグラウンドテンジ
勢筆頭,ゼイヒットウ
主さん,ヌシサン
コスプレ広場,コスプレヒロバ
住姉妹,ジュウシマイ
女性物,ジョセイブツ
弾スカーレット,ダンスカーレット
授乳服,ジュニュウフク
スターライトステージ,スターライトステージ
結婚式会場,ケッコンシキカイジョウ
キャラクター名,キャラクターメイ
チャリティイベント,チャリティイベント
女性的,ジョセイテキ
ネガティヴツイート,ネガティヴツイート
ツイートしながら,ツイートシナガラ
ツイッターアンケート,ツイッターアンケート
直接寄付,チョクセツキフ
百刀,ヒャクカタナ
掲載許可,ケイサイキョカ
艦これ二,カンコレニ
開発陣,カイハツジン
界義眼,カイギガン
弾丸ネックレス,ダンガンネックレス
モーション,モーション
羊毛フェルトドール,ヨウモウフェルトドール
人全員,ニンゼンイン
男主人公,オトコシュジンコウ
座りっぱなし,スワリッパナシ
艦これ冬,カンコレフユ
プリパラコス,プリパラコス
次郎刀,ジロウカタナ
男性陣,ダンセイジン
咲夜さんモチーフ,サクヤサンモチーフ
子好き,コスキ
コスプレ用,コスプレヨウ
スキル発動,スキルハツドウ
猫画像,ネコガゾウ
艦これE-1,カンコレイーワン
叢雲改,ムラクモアラタメ
指摘人,シテキジン
原宿デザインフェスタ,ハラジュクデザインフェスタ
億万,オクマン
アクセサリーサークル,アクセサリーサークル
二週間,ニシュウカン
花札シーン,ハナフダシーン
姫ちん,ヒメチン
ハロカリ,ハロカリ
毎年恒例,マイトシコウレイ
魔導,マシルベ
系男子,ケイダンシ
君じゃなくて,クンジャナクテ
DAIGOさん,ダイゴサン
ミラージュさん,ミラージュサン
系キャラ,ケイキャラ
個一,コイチ
発売日,ハツバイビ
以前の,イゼンノ
プロデューサーさん,プロデューサーサン
ドンドン,ドンドン
提督コス,テイトクコス
マグナ武器,マグナブキ
コミケ参加,コミケサンカ
是非一,ゼヒイチ
サークル参加時,サークルサンカジ
方指摘,カタシテキ
1日ガンバ,ツイタチガンバ
艦これ公式,カンコレコウシキ
東方クラスタ,トウホウクラスタ
写真撮影,シャシンサツエイ
様好き,サマスキ
髪の毛造形,カミノケゾウケイ
コミケ当落,コミケトウラク
鱗バッグ,ウロコバッグ
大変危険,タイヘンキケン
後ツイート,ゴツイート
展示即売会,テンジソクバイカイ
イベント内容,イベントナイヨウ
おっぱい好き,オッパイスキ
これなに,コレナニ
アカウント名,アカウントメイ
2日目,フツカメ
擬人化ゲーム,ギジンカゲーム
年越し,ネンゴシ
ウィッグセット,ウィッグセット
頃受注,ゴロジュチュウ
一限,イチゲン
んなんだろう,ンナンダロウ
壊滅的,カイメツテキ
ラーメン探訪,ラーメンタンボウ
身分詐称,ミブンサショウ
通知欄,ツウチラン
夏コミ三,ナツコミサン
ちゃんネックレス,チャンネックレス
釣具屋,ツリグヤ
売り子さん,ウリコサン
KOFコス,ケイオウエフコス
自撮り写メ,ジドリシャメ
龍剣,リュウケン
年近く,ネンチカク
今日娘,キョウムスメ
ハロウィン特別,ハロウィントクベツ
スタッフさん,スタッフサン
例大祭情報,レイタイサイジョウホウ
待ち合わせ場所,マチアワセバショ
人様,ニンサマ
アンジュさん,アンジュサン
さんマジ,サンマジ
探訪無鉄砲,タンボウムテッポウ
１５,イチゴ
トーハク,トーハク
男性達,ダンセイタチ
万RT,マンアールティー
コスプレイヤーおじさん,コスプレイヤーオジサン
忠犬,チュウイヌ
毎回毎回,マイカイマイカイ
千円,センエン
リアルタイムツイート,リアルタイムツイート
大変お待,タイヘンオマチ
コス予定,コスヨテイ
作りたいん,ヅクリタイン
ピアスタイプ,ピアスタイプ
シリコンモールド,シリコンモールド
スペース前,スペースマエ
コスプレイベント,コスプレイベント
娘的,ムスメテキ
レミ咲,レミサキ
大洗女子,オオアライジョシ
何層,ナンソウ
神アニメ,カミアニメ
コラボ用,コラボヨウ
森久保祥太郎さん,モリクボショウタロウサン
先生ペア,センセイペア
おっぱいちゃん,オッパイチャン
当落通知,トウラクツウチ
一週間ぶり,イッシュウカンブリ
Loveis,ラブイズ
俺以外,オレイガイ
駄チワワ,ダチワワ
一候補,イチコウホ
配信内容,ハイシンナイヨウ
前の,マエノ
一年,イチネン
記憶操作,キオクソウサ
これ俺,コレオレ
二杯,ニハイ
アイストレー,アイストレー
反省点,ハンセイテン
用テスト,ヨウテスト
メジェド様,メジェドサマ
例大祭前,レイタイサイマエ
作目,サクメ
娘さん,ムスメサン
鬼灯さん,ホオズキサン
コスROM,コスロム
夏コミサークル,ナツコミサークル
無極編,ムキョクヘン
どうたぬき,ドウタヌキ
こちとら,コチトラ
劇場版ガルパン,ゲキジョウバンガルパン
方とお話し,ホウトオハナシ
達全員,タチゼンイン
コウモリモチーフ,コウモリモチーフ
震災時,シンサイジ
春アリス,ハルアリス
晶石,アキラセキ
創作意欲,ソウサクイヨク
高すぎ,ダカスギ
騎空,キソラ
3Dグラ,スリーディーグラ
ちん誕生日,チンタンジョウビ
参拝列,サンパイレツ
虚淵さん,ウロブチサン
提督達,テイトクタチ
予備軍,ヨビグン
初心者コスプレイヤー,ショシンシャコスプレイヤー
魔館,マカン
手塗り,シュヌリ
コスプレ的,コスプレテキ
的にも,テキニモ
画像加工,ガゾウカコウ
FF7リメイク,エフエフセブンリメイク
レミリアお嬢様,レミリアオジョウサマ
ヤンデル,ヤンデル
五弾,ゴダン
０１,ゼロイチ
点手,テンシュ
紅魔,ベニマ
ちび刀剣男士,チビトウケンダンシ
調色,チョウショク
準備完了,ジュンビカンリョウ
金属芯,キンゾクシン
Fアス,エフアス
立体的,リッタイテキ
普通にデカ,フツウニデカ
フリーサイズ,フリーサイズ
じゃなくて他,ジャナクテタ
秋葉原近辺,アキハバラキンペン
フルCG,フルシージー
アーティズムマーケットE-1,アーティズムマーケットイーワン
ネックレス部分,ネックレスブブン
無い分,ムイブン
希ちゃん,ノゾミチャン
狐モチーフ,キツネモチーフ
レジン作品,レジンサクヒン
十六,ジュウロク
敵さん,テキサン
さ半面,サハンメン
両面印刷,リョウメンインサツ
二児,ニジ
グラブル,グラブル
嫁キャラ,ヨメキャラ
ダイヤモンドカット,ダイヤモンドカット
マグナソロ,マグナソロ
青系,アオケイ
パナい,パナイ
見切り発車,ミキリハッシャ
ハードタイプ,ハードタイプ
匠様,タクミサマ
町都産貿,マチトサンボウ
女児熟女,ジョジジュクジョ
文化ホール,ブンカホール
ペンタックスK-1,ペンタックスケイワン
あまぞんで,アマゾンデ
戦隊ヒーロー,センタイヒーロー
親愛度,シンアイド
思春期,シシュンキ
BYROCK,ビーワイロック
計算式,ケイサンシキ
クラウドファンディング再販,クラウドファンディングサイハン
生産終了,セイサンシュウリョウ
DM確認,ダイレクトメールカクニン
用チェーン,ヨウチェーン
モデル受注,モデルジュチュウ
何て事,ナニテゴト
改善点,カイゼンテン
アヒルさん,アヒルサン
トップ部分,トップブブン
