pfiseminar,ピーエフアイセミナー
phototo,フォトトゥ
toFacebook,トゥフェイスブック
MM読了,エムエムドクリョウ
MMコメント,エムエムコメント
読み会,ヨミカイ
jpさん,ジェーピーサン
Shareさん,シェアサン
SlideShare,スライドシェア
深層学習,シンソウガクシュウ
言語処理,ゲンゴショリ
さそう,サソウ
最終的,サイシュウテキ
年前,ネンマエ
なにこれ,ナニコレ
オンライン学習,オンラインガクシュウ
研究者,ケンキュウシャ
NLP若手,エヌエルピーワカテ
居さん,キョサン
得居,トクキョ
万円,マンエン
評価方法,ヒョウカホウホウ
懇親会,コンシンカイ
japanさん,ジャパンサン
自動生成,ジドウセイセイ
具体的,グタイテキ
発表者,ハッピョウシャ
表現学習,ヒョウゲンガクシュウ
byon,ビーワイオン
techcrunchさん,テッククランチサン
jptechcrunch,ジェイピーテッククランチ
前職,マエショク
年次大会,ネンジタイカイ
コードルーム,コードルーム
年ぶり,ネンブリ
衝撃的,ショウゲキテキ
コード生成,コードセイセイ
paragraph,ピーエーアールアグラフ
年目,ネンメ
目的関数,モクテキカンスウ
技術的,ギジュツテキ
何これ,ナニコレ
網羅的,モウラテキ
問題設定,モンダイセッテイ
データ解析,データカイセキ
何年,ナンネン
招待講演,ショウタイコウエン
期間中,キカンチュウ
そう北品川,ソウキタシナガワ
一人,イチニン
本郷三丁目,ホンゴウサンチョウメ
倍速,バイソク
自然文,シゼンブン
表現力,ヒョウゲンリョク
特徴ベクトル,トクチョウベクトル
ITmediaニュース,アイティーメディアニュース
chainer,チェインイーアール
modelzoo,モデルズー
白ヤギ,シロヤギ
gizmodojapan,ギズモードジャパン
pficommon,ピーエフアイコモン
何時,ナンジ
ミニバッチ,ミニバッチ
集中開発,シュウチュウカイハツ
回目,カイメ
想像以上,ソウゾウイジョウ
単語ベクトル,タンゴベクトル
１０,イチゼロ
房家,ボウカ
なにそれ,ナニソレ
００,ゼロゼロ
和牛一,ワギュウイチ
学習率,ガクシュウリツ
NHKニュース,エヌエイチケイニュース
依存ライブラリ,イゾンライブラリ
三丁目店,サンチョウメテン
PFIセミナー,ピーエフアイセミナー
並列化,ヘイレツカ
家本郷,カホンゴウ
agraphvector,アグラフベクター
JIT最適化,ジットサイテキカ
円分,エンブン
一日,イチニチ
標準ズーム,ヒョウジュンズーム
豊洲オクトーバーフェスト,トヨスオクトーバーフェスト
計算グラフ,ケイサングラフ
実行時間,ジッコウジカン
生成モデル,セイセイモデル
画像系,ガゾウケイ
そう和牛,ソウワギュウ
行列分解,ギョウレツブンカイ
そう焼肉,ソウヤキニク
一頭,イチトウ
計算量,ケイサンリョウ
教師無し,キョウシナシ
絶望的,ゼツボウテキ
それ以外,ソレイガイ
評価指標,ヒョウカシヒョウ
ACL読み,エーシーエルヨミ
定期的,テイキテキ
版リアル脱出ゲーム,バンリアルダッシュツゲーム
冷麺房,レイメンボウ
学習データ,ガクシュウデータ
迷惑おかけ,メイワクオカケ
基本的,キホンテキ
ポスター発表,ポスターハッピョウ
センサーデータ,センサーデータ
エラー分析,エラーブンセキ
新規登録,シンキトウロク
公開集中,コウカイシュウチュウ
型チェック,カタチェック
年後,ネンゴ
ジャンボ本郷,ジャンボホンゴウ
学習本,ガクシュウホン
焼肉手打,ヤキニクテウチ
mmフルサイズ,ミリメートルフルサイズ
辻井研,ツジイケン
分類器,ブンルイキ
エンジニア版,エンジニアバン
NL研,エヌエルケン
んすか,ンスカ
大変そう,タイヘンソウ
２回,ニカイ
乾研,イヌイケン
実行時,ジッコウジ
頭焼肉,トウヤキニク
画像認識,ガゾウニンシキ
今週末,コンシュウマツ
ハイパーパラメータ,ハイパーパラメータ
一般的,イッパンテキ
ららぽーと豊洲,ララポートトヨス
本郷店,ホンゴウテン
焼肉ジャンボ,ヤキニクジャンボ
岡野原,オカノゲン
手打冷麺,テウチレイメン
for文,フォーブン
夏季インターン,カキインターン
認知科学会,ニンチカガクカイ
画像検索,ガゾウケンサク
ヤギ勉強会,ヤギベンキョウカイ
発表資料,ハッピョウシリョウ
accepted,アクセプトイーディー
週末ビール,シュウマツビール
インストール時,インストールジ
初歩的,ショホテキ
大変久しぶり,タイヘンヒサシブリ
予想以上,ヨソウイジョウ
インストールパス,インストールパス
記念パーティー,キネンパーティー
単語分割,タンゴブンカツ
革新的,カクシンテキ
一度,イチド
一眼,イチメ
edpaper,イーディーペーパー
PR中,ピーアールチュウ
全体的,ゼンタイテキ
標準ガイド,ヒョウジュンガイド
屋さん,ヤサン
構造学習,コウゾウガクシュウ
何回,ナンカイ
局所的,キョクショテキ
正則化項,セイソクカコウ
製品名,セイヒンメイ
線形分類,センケイブンルイ
年振り,ネンフリ
参加費,サンカヒ
GPUインスタンス,ジーピーユーインスタンス
劣モジュラ,レツモジュラ
１週間,イチシュウカン
特化,トクカ
一回,イチカイ
知識ベース,チシキベース
行列演算,ギョウレツエンザン
２０,ニゼロ
就職先,シュウショクサキ
会サマースクール,カイサマースクール
構造解析,コウゾウカイセキ
安定感,アンテイカン
倍位,バイイ
インストール周り,インストールマワリ
テキスト化,テキストカ
係り受け解析,カカリウケカイセキ
情報祭,ジョウホウサイ
特徴空間,トクチョウクウカン
規模データ,キボデータ
処理基盤,ショリキバン
パッケージ管理,パッケージカンリ
半年前,ハントシマエ
自動化標準,ジドウカヒョウジュン
Togetterまとめ,トゥギャッターマトメ
CUDA環境,クーダカンキョウ
インターン募集,インターンボシュウ
自然言語処理技術,シゼンゲンゴショリギジュツ
AWSアカウント,アマゾンウェブサービスアカウント
特徴次元,トクチョウジゲン
密ベクトル,ミツベクトル
牛スジ,ウシスジ
全部python,ゼンブパイソン
データ分析,データブンセキ
スジカレー,スジカレー
sublimetext,サブライムテクスト
予想外,ヨソウガイ
NLP的,エヌエルピーテキ
１年,イチネン
勾配計算,コウバイケイサン
モデル化,モデルカ
経営計画,ケイエイケイカク
言語処理学会年次,ゲンゴショリガッカイネンジ
週間位,シュウカンイ
交差検定,コウサケンテイ
焼肉銀座,ヤキニクギンザ
マルチスレッド,マルチスレッド
メモリ帯域,メモリタイイキ
感動的,カンドウテキ
プログラム委員,プログラムイイン
最小値,サイショウチ
再帰的,サイキテキ
ハイアマチュア,ハイアマチュア
システムテスト自動化,システムテストジドウカ
３年,サンネン
日本酒,ニッポンシュ
１回,イチカイ
文京体育館,ブンキョウタイイクカン
言語化,ゲンゴカ
最小化,サイショウカ
文書要約,ブンショヨウヤク
平易な文章,ヘイイナブンショウ
シリコンバレー出張,シリコンバレーシュッチョウ
生成用,セイセイヨウ
賞金首,ショウキンクビ
特徴設計,トクチョウセッケイ
ベクトル表現,ベクトルヒョウゲン
インターン生,インターンセイ
screen上,スクリーンジョウ
講演資料,コウエンシリョウ
お客さん,オキャクサン
イベント的,イベントテキ
良記事,リョウキジ
年代的,ネンダイテキ
損失関数,ソンシツカンスウ
双対分解,ソウツイブンカイ
map実装,マップジッソウ
GPU対応,ジーピーユータイオウ
階層DQN,カイソウドキュン
表現形式,ヒョウゲンケイシキ
直感的,チョッカンテキ
目豊洲,メトヨス
空間中,クウカンチュウ
実験的,ジッケンテキ
更新頻度,コウシンヒンド
外出中,ガイシュツチュウ
次元毎,ジゲンゴト
英国海兵隊,エイコクカイヘイタイ
分野特,ブンヤトク
go製,ゴーセイ
P社,ピーシャ
一番簡単,イチバンカンタン
文字単位,モジタンイ
CS研,シーエスケン
統数,ミツルスウ
vectorproduct,ベクタープロダクト
バニーボーイ,バニーボーイ
効率的,コウリツテキ
自在道具,ジザイドウグ
人が異常,ジンガイジョウ
進小数,シンショウスウ
ゾクゾク感,ゾクゾクカン
帯域ネック,タイイキネック
日本語入力,ニホンゴニュウリョク
分散処理,ブンサンショリ
リモート参加,リモートサンカ
秒間,ビョウカン
学部生,ガクブセイ
肉キター,ニクキター
武田さん,タケダサン
晴れたー,ハレレター
ビルド方法,ビルドホウホウ
表層的,ヒョウソウテキ
グループごと,グループゴト
文圧縮,ブンアッシュク
花型,ハナガタ
業界的,ギョウカイテキ
想定通り,ソウテイドオリ
twitter研究会,ツイッターケンキュウカイ
固有表現,コユウヒョウゲン
学習アルゴリズム,ガクシュウアルゴリズム
参照関係,サンショウカンケイ
座席表,ザセキヒョウ
subcommand,サブスクリプトコマンド
杯目,ハイメ
人がいない,ジンガイナイ
方とお話,ホウトオハナシ
二宮さん,ニノミヤサン
更新率,コウシンリツ
buf3,ビーユーエフスリー
フルサイズ待ち,フルサイズマチ
分野横断,ブンヤオウダン
レンズ構成,レンズコウセイ
岡崎さん,オカザキサン
意味的,イミテキ
ローカルアテンション,ローカルアテンション
一発,イチハツ
奥田さん,オクダサン
最新動向,サイシンドウコウ
入力１,ニュウリョクイチ
次元配列,ジゲンハイレツ
既存機能,キソンキノウ
ワルドナー,ワルドナー
科学的,カガクテキ
文長,ブンチョウ
ことないす,コトナイス
シンポジウム合宿,シンポジウムガッシュク
優先度,ユウセンド
ノートPC,ノートピーシー
CUDA実装,クーダジッソウ
学吉田キャンパス,ガクヨシダキャンパス
perlスクリプト,パールスクリプト
論文あるある,ロンブンアルアル
順伝播,ジュンデンパ
世界的,セカイテキ
core数,コアスウ
４年,ヨンネン
.stab,ドッツタブ
能地さん,ノチサン
第9回,ダイクカイ
エラー時,エラージ
付き関数,ツキカンスウ
それ以降,ソレイコウ
られんく,ラレンク
東海支部,トウカイシブ
出現頻度,シュツゲンヒンド
検索結果,ケンサクケッカ
企業系,キギョウケイ
隠れ状態,カクレジョウタイ
内部的,ナイブテキ
１人,イチニン
テスト環境,テストカンキョウ
暗黙的,アンモクテキ
時系列モデリング,ジケイレツモデリング
CSVファイル,シーエスブイファイル
頻度語,ヒンドゴ
化問題,カモンダイ
３回,サンカイ
異様さ,イヨウサ
コンテンツ力,コンテンツリョク
ホテル海,ホテルウミ
発表会,ハッピョウカイ
オンライン機械学習,オンラインキカイガクシュウ
何なんだろう,ナニナンダロウ
観測系列,カンソクケイレツ
フルサイズ用,フルサイズヨウ
１出力,イチシュツリョク
いつから,イツカラ
参加募集,サンカボシュウ
正式リリース,セイシキリリース
時間管理,ジカンカンリ
エンジンみたい,エンジンミタイ
出てきた,ダシテキタ
travisみたい,トラビスミタイ
職時代,ショクジダイ
政治的,セイジテキ
中幕張メッセ,チュウマクハリメッセ
週間後,シュウカンゴ
処理若手,ショリワカテ
確率モデル,カクリツモデル
人人人人,ヒトビトヒトビト
ツーショット写真,ツーショットシャシン
ビルド時,ビルドジ
中間発表,チュウカンハッピョウ
インストール先,インストールサキ
２週間,ニシュウカン
井手さん,イデサン
単語集合,タンゴシュウゴウ
関数呼び出し,カンスウヨビダシ
Python力,パイソンリョク
トピックモデル,トピックモデル
tipsページ,ティップスページ
ハンズオンEC2,ハンズオンイーシーツー
曖昧性,アイマイセイ
帰宅成功,キタクセイコウ
mmレンズ,ミリメートルレンズ
研究テーマ,ケンキュウテーマ
側の,ガワノ
イメージ的,イメージテキ
実行編,ジッコウヘン
辺参照,アタリサンショウ
万画素,マンガソ
全部自動,ゼンブジドウ
これ便利,コレベンリ
持橋,ジキョウ
アーチ上手,アーチジョウズ
樽生,タルセイ
日本女子,ニッポンジョシ
建設プロジェクト,ケンセツプロジェクト
パラメタ付き,パラメタツキ
創薬,ソウヤク
局所特徴,キョクショトクチョウ
緩和解,カンワカイ
画素CMOS,ガソシーモス
人位,ニンイ
分野外,ブンヤガイ
agraph固有,アグラフコユウ
医療情報処理,イリョウジョウホウショリ
試行錯誤,シコウサクゴ
無し形態素解析,ナシケイタイソカイセキ
生成語彙論,セイセイゴイロン
持続可能,ジゾクカノウ
長期依存,チョウキイゾン
武蔵野日記,ムサシノニッキ
得感,トクカン
万華鏡カメラ,マンゲキョウカメラ
twitter上,ツイッタージョウ
開発者アカウント,カイハツシャアカウント
学習勉強会,ガクシュウベンキョウカイ
億円,オクエン
NHK国際,エヌエイチケイコクサイ
機械学習チュートリアル,キカイガクシュウチュートリアル
見事城南宮,ミゴトジョウナングウ
戸さん,トサン
半分終了,ハンブンシュウリョウ
印象的,インショウテキ
分離平面,ブンリヘイメン
橋さん,キョウサン
言語情報,ゲンゴジョウホウ
デンソーIT,デンソーアイティー
ページ数,ページスウ
展示棟,テンジトウ
プロフェッショナルシリーズ,プロフェッショナルシリーズ
ニュース記事,ニュースキジ
ウマイこと,ウマイコト
高そう,ダカソウ
JackDaniel,ジャックダニエル
回避策,カイヒサク
東京ビッグサイト東,トウキョウビッグサイトヒガシ
収束性,シュウソクセイ
検証システム,ケンショウシステム
難しすぎ,ナンシスギ
基礎的,キソテキ
大変あれ,タイヘンアレ
nVidiaGPU,エヌビディアジーピーユー
動的型,ドウテキガタ
データそのもの,データソノモノ
理論的,リロンテキ
回シンポジウム,カイシンポジウム
類似度,ルイジド
京都大学,キョウトダイガク
学習みたい,ガクシュウミタイ
行列ライブラリ,ギョウレツライブラリ
投獄生活,トウゴクセイカツ
野原焼き,ノハラヤキ
時間以上,ジカンイジョウ
遷移行列,センイギョウレツ
経験的,ケイケンテキ
一番大事,イチバンダイジ
回位,カイイ
コマ収差,コマシュウサ
デモ発表,デモハッピョウ
分析ワークショップ,ブンセキワークショップ
検索インデックス,ケンサクインデックス
発表募集,ハッピョウボシュウ
iOS開発者,アイオーエスカイハツシャ
キビシイ,キビシイ
１日,イチニチ
コアセット,コアセット
あと何,アトナン
nvidia公式,エヌビディアコウシキ
大事さ,ダイジサ
発表タイトル,ハッピョウタイトル
企業側,キギョウガワ
横断的,オウダンテキ
女子団体,ジョシダンタイ
企業経営,キギョウケイエイ
辻井先生,ツジイセンセイ
会シンポジウム,カイシンポジウム
スマニュー,スマニュー
cuda.i,シーユーダアイ
分散実行,ブンサンジッコウ
自動同期,ジドウドウキ
政治家,セイジカ
ごと重み,ゴトオモミ
開発イベント,カイハツイベント
速位,ソクイ
クライアントライブラリ,クライアントライブラリ
何個,ナンコ
ビッグデータ分析,ビッグデータブンセキ
ツール・ド・フランス,ツールドフランス
依存関係,イゾンカンケイ
機械学習プロフェッショナル,キカイガクシュウプロフェッショナル
フルサイズセンサー,フルサイズセンサー
優秀賞,ユウシュウショウ
メモリ領域,メモリリョウイキ
浦島太郎状態,ウラシマタロウジョウタイ
ロス関数,ロスカンスウ
統計モデル,トウケイモデル
１行,イチコウ
☆☆☆PDCAサイクル,ミツボシピーディーシーエーサイクル
最適化コンパイラ,サイテキカコンパイラ
誤差逆伝播法,ゴサギャクデンパホウ
人工知能技術,ジンコウチノウギジュツ
内容自体,ナイヨウジタイ
脳若手,ノウワカテ
人工知能研究,ジンコウチノウケンキュウ
HPSGパーザー,エイチピースジーパーザー
カジュアルトーク,カジュアルトーク
大変ため,タイヘンタメ
グラフ解析,グラフカイセキ
ゲーム木探索,ゲームキタンサク
数時間,スウジカン
機能追加,キノウツイカ
日本サイド,ニッポンサイド
1次元目,イチジゲンメ
WSJさん,ダブリューエスジェイサン
二重,ニジュウ
シーズベース,シーズベース
公式チャンネル,コウシキチャンネル
製鉄所建設,セイテツジョケンセツ
Schemaon,スケーマオン
環境依存,カンキョウイゾン
レビュー中,レビューチュウ
休憩中,キュウケイチュウ
ファイル名,ファイルメイ
GPU上,ジーピーユージョウ
そう豊洲,ソウトヨス
センサー搭載,センサートウサイ
異常検知編,イジョウケンチヘン
Google社員,グーグルシャイン
画質劣化,ガシツレッカ
CMOSセンサー,シーモスセンサー
パラメータチューニング,パラメータチューニング
in京都,インキョウト
接地問題,セッチモンダイ
mmF1,ミリメートルエフワン
紳士靴,シンシクツ
高村先生,タカムラセンセイ
３年間,サンネンカン
国内発売,コクナイハツバイ
図解入門,ズカイニュウモン
パスまとめ,パスマトメ
帰宅中,キタクチュウ
protobu,プロトコーポレーションビーユー
人類最強,ジンルイサイキョウ
情報処理祭,ジョウホウショリサイ
人向け,ヒトムケ
マイナークラス,マイナークラス
クラスローダー,クラスローダー
数研,スウケン
回データマイニング,カイデータマイニング
バッチ化,バッチカ
千本鳥居,センボントリイ
最先端NLP,サイセンタンエヌエルピー
対象データ,タイショウデータ
CPU実験,シーピーユージッケン
北方三国志,ホッポウサンゴクシ
通信周り,ツウシンマワリ
本質的,ホンシツテキ
実用上,ジツヨウジョウ
海望,ウミモチ
若手飲み会,ワカテノミカイ
最適化,サイテキカ
以上積読,イジョウツンドク
博士学生,ハカセガクセイ
ジャッジシステム,ジャッジシステム
旦那さん,ダンナサン
祭in,サイイン
スマホ時代,スマホジダイ
業界全体,ギョウカイゼンタイ
死刑囚,シケイシュウ
ライブ配信,ライブハイシン
環境構築,カンキョウコウチク
準備完了,ジュンビカンリョウ
窓幅,マドハバ
なんやろ,ナンヤロ
分散表現,ブンサンヒョウゲン
主催講演会,シュサイコウエンカイ
ベルギービール屋,ベルギービールヤ
継続的,ケイゾクテキ
選択的,センタクテキ
正規化,セイキカ
鈴鹿きた,スズカキタ
発売日,ハツバイビ
データ量,データリョウ
研究所運営,ケンキュウジョウンエイ
小林さん,コバヤシサン
目黒川,メグロガワ
何人,ナンニン
日本語版開発,ニホンゴバンカイハツ
マルチモーダル,マルチモーダル
最大値,サイダイチ
年台,ネンダイ
特徴的,トクチョウテキ
学習時代,ガクシュウジダイ
ここ数,ココスウ
機械学習エンジン,キカイガクシュウエンジン
特徴抽出,トクチョウチュウシュツ
スポンサー費,スポンサーヒ
NLP勉強会,エヌエルピーベンキョウカイ
デジタル一,デジタルイチ
ビルドシステム,ビルドシステム
複数バージョン,フクスウバージョン
脳アーキテクチャ,ノウアーキテクチャ
高級コンデジ,コウキュウコンデジ
絶賛募集中,ゼッサンボシュウチュウ
鶴岡さん,ツルオカサン
生成済み,セイセイズミ
比戸,ヒト
VM上,ブイエムジョウ
ITラボ,アイティーラボ
記号接地,キゴウセッチ
動画撮影,ドウガサツエイ
数単語,スウタンゴ
次元ベクトル,ジゲンベクトル
大野さん,オオノサン
芸術家,ゲイジュツカ
ヤリマショウ,ヤリマショウ
最短路,サイタンロ
東展示,ヒガシテンジ
最適点,サイテキテン
年以上,ネンイジョウ
勉強会的,ベンキョウカイテキ
０年,ゼロネン
参加人数,サンカニンズウ
