ショートボブ,ショートボブ
対談本,タイダンホン
みんな死ねばいいのに,ミンナシネバイイノニ
薬物所持,ヤクブツショジ
一年前,イチネンマエ
目的以外,モクテキイガイ
艷美さ,エンビサ
したたかさ,シタタカサ
謙虚さ,ケンキョサ
陽気さ,ヨウキサ
キュートさ,キュートサ
何度もおなか,ナンドモオナカ
おなかいっぱい,オナカイッパイ
何度も夢,ナンドモユメ
年一,トシイチ
一回,イチカイ
月一,ツキイチ
一回,イチカイ
ミュージックビデオみたい,ミュージックビデオミタイ
高級寿司屋,コウキュウスシヤ
人生ハード,ジンセイハード
ハードモード,ハードモード
要素いっぱい,ヨウソイッパイ
一本,イチホン
会いたい人,カイイタイジン
ルパンめ,ルパンメ
心かしらね,シンカシラネ
ホームステイ先,ホームステイサキ
明日帰国,アシタキコク
帰国予定,キコクヨテイ
正面図,ショウメンズ
図凸,ズトツ
側面図,ソクメンズ
図日,ズビ
平面図,ヘイメンズ
図目,ズメ
モテそう,モテソウ
頭の中,アタマノナカ
社交性,シャコウセイ
ため息混じり,タメイキマジリ
とこ誰,トコダレ
回転遊具,カイテンユウグ
男子たち,ダンシタチ
横回転,ヨコカイテン
高速回転,コウソクカイテン
的見方,テキミカタ
ショートボブ,ショートボブ
みんな死ねばいいのに,ミンナシネバイイノニ
一年前,イチネンマエ
くまさ,クマサ
言うこ,ゲンウコ
ことしようよ,コトシヨウヨ
かさんじゅう,カサンジュウ
おかあさんみたい,オカアサンミタイ
24時間以内,ニジュウヨジカンイナイ
一手間,イチテマ
幸せそう,シアワセソウ
なにそれ,ナニソレ
血液型トーク,ケツエキガタトーク
本人登場,ホンニントウジョウ
クラッシュタイプ,クラッシュタイプ
強制的,キョウセイテキ
さんびき,サンビキ
じんせい,ジンセイ
singit,シングイット
ウチら,ウチラ
ら女子,ラジョシ
女子達,ジョシタチ
敵無し,テキナシ
socool,ソークール
虫けらども,ムシケラドモ
全部それ,ゼンブソレ
びしろ,ビシロ
盛り上がりがち,モリアガリガチ
魔王め,マオウメ
上目づかい,ウエメヅカイ
おばあさんは川,オバアサンハカワ
単純じゃなくて,タンジュンジャナクテ
一枚,イチマイ
ミルクレープみたい,ミルクレープミタイ
家電たち,カデンタチ
四限,ヨンゲン
何時,ナンジ
二段,ニダン
段ベッド,ダンベッド
コンクリートロード,コンクリートロード
かまやつ,カマヤツ
かまやつ,カマヤツ
かまやつ,カマヤツ
二人,ニニン
何ヶ所,ナンカショ
何十,ナンジュウ
十ヶ所,ジュウカショ
めちゃくちゃ気,メチャクチャキ
度不安,タビフアン
最近しあわせ,サイキンシアワセ
具体的,グタイテキ
目的以外,モクテキイガイ
オセロみたい,オセロミタイ
言語処理,ゲンゴショリ
年外,トシガイ
みんな寿司,ミンナスシ
寿司アイコン,スシアイコン
回転寿司みたい,カイテンズシミタイ
言い方予想,イイカタヨソウ
斜線斜線,シャセンシャセン
期待通り,キタイドオリ
通りシンプル,ドオリシンプル
ミュージックビデオみたい,ミュージックビデオミタイ
ラーメンズ小林,ラーメンズコバヤシ
男特有,オトコトクユウ
深刻そう,シンコクソウ
八割,ハチワリ
特別深刻,トクベツシンコク
男体,オトコタイ
高級寿司屋,コウキュウスシヤ
一生一緒,イッショウイッショ
一番加速,イチバンカソク
シャリ部分,シャリブブン
音的,オトテキ
の朝飯前,ノアサメシマエ
抽象的,チュウショウテキ
同姓愛,ドウセイアイ
幸せそう,シアワセソウ
酔っぱらいたち,ヨッパライタチ
ミュージカルみたい,ミュージカルミタイ
それ以上,ソレイジョウ
以上言及,イジョウゲンキュウ
全部茶番,ゼンブチャバン
一本,イチホン
家で一,イエデイチ
一人,イチニン
一番好き,イチバンスキ
一番好きな音楽,イチバンスキナオンガク
一番好き,イチバンスキ
深夜料金,シンヤリョウキン
延長料金,エンチョウリョウキン
タカシじいちゃん,タカシジイチャン
結束力,ケッソクリョク
二人,ニニン
それ用,ソレヨウ
俺たち,オレタチ
たちこれ,タチコレ
ネットサービス,ネットサービス
考えそのもの,カンガエソノモノ
全部日陰,ゼンブヒカゲ
一番真っ暗,イチバンマックラ
会いたい人,カイイタイジン
股間まわり,コカンマワリ
長いまばたき,ナガイマバタキ
ルパンめ,ルパンメ
心かしらね,シンカシラネ
おばあさんは川,オバアサンハカワ
使用上,シヨウジョウ
用法用量,ヨウホウヨウリョウ
パンツハイテク,パンツハイテク
山手線,ヤマテセン
ゴミ袋左手,ゴミブクロヒダリテ
機械みたい,キカイミタイ
バカみたい,バカミタイ
１階,イチカイ
２階,ニカイ
階ボタン,カイボタン
２階,ニカイ
やつマジ,ヤツマジ
８階,ハチカイ
大変失礼,タイヘンシツレイ
夢の中以外,ユメノナカイガイ
弊社一同,ヘイシャイチドウ
ショート寸前,ショートスンゼン
モテそう,モテソウ
それ以外,ソレイガイ
お前みたい,オマエミタイ
何十,ナンジュウ
十年,ジュウネン
一人,イチニン
あとオムツ,アトオムツ
翼以外,ツバサイガイ
以外全部,イガイゼンブ
ルームシェア相手,ルームシェアアイテ
ハズカム,ハズカム
さっちゃんパ,サッチャンパ
たび簡単,タビカンタン
自分がいや,ジブンガイヤ
鼻ちょうちん,ハナチョウチン
投球済み,トウキュウズミ
疑いよう,ウタガイヨウ
非公開リスト,ヒコウカイリスト
洗濯物,センタクブツ
ライブ情報,ライブジョウホウ
伝聞調,デンブンチョウ
cm分,センチメートルブン
kg分,キログラムブン
バタ子,バタコ
子さん,コサン
メモリアル定規,メモリアルジョウギ
コッチャナイ,コッチャナイ
二徹,ニテッ
五円,ゴエン
円玉,エンダマ
的見方,テキミカタ
のろけツイート,ノロケツイート
百年,ヒャクネン
一番楽,イチバンラク
ショートボブ,ショートボブ
レポート体操,レポートタイソウ
社交性,シャコウセイ
ため息混じり,タメイキマジリ
１本,イチホン
２本,ニホン
４本,ヨンホン
6月生まれ,ロクガツウマレ
占いみたい,ウラナイミタイ
テスト何,テストナン
何点,ナンテン
何点,ナンテン
玄関ピンポン,ゲンカンピンポン
森君,モリクン
意味不明,イミフメイ
対談本,タイダンホン
保存方法,ホゾンホウホウ
肉詰め,ニクツメ
三度,サンド
六度,ロクド
度眼,ドメ
コミュニケーション力,コミュニケーションリョク
低い人,テイイジン
全員髪,ゼンインカミ
めちゃくちゃ素敵,メチャクチャステキ
みんな死ねばいいのに,ミンナシネバイイノニ
男子所持,ダンシショジ
小さい人,コサイジン
二度目,ニドメ
一年前,イチネンマエ
分我慢,フンガマン
カップラーメンふたつ,カップラーメンフタツ
私たち文字通り,ワタシタチモジドオリ
文字通り痙攣,モジドオリケイレン
店員さん,テンインサン
万円,マンエン
円世界,エンセカイ
世界旅行,セカイリョコウ
インディアンアイドル,インディアンアイドル
それドロップ,ソレドロップ
三倍,サンバイ
全員最悪,ゼンインサイアク
言葉自体である,コトバジタイデアル
ヨエロ,ヨエロ
エロ寸,エロスン
ヨエロ,ヨエロ
エロ寸,エロスン
大体友達,ダイタイトモダチ
願わくば御名,ネガワクバギョメイ
自分以外,ジブンイガイ
以外みんな,イガイミンナ
自分以外,ジブンイガイ
以外みんな,イガイミンナ
アナグラムづくり,アナグラムヅクリ
かいぶん,カイブン
くまさ,クマサ
言うこ,ゲンウコ
ジブリみたい,ジブリミタイ
重要性,ジュウヨウセイ
野菜生活生活,ヤサイセイカツセイカツ
ハンコお願い,ハンコオネガイ
普通に大丈夫,フツウニダイジョウブ
虫達,ムシタチ
ものたち,モノタチ
戦闘シーン,セントウシーン
ゴキブリ出て,ゴキブリダシテ
顔しや,カオシヤ
おかあさんみたい,オカアサンミタイ
た芸人,タゲイジン
人誰,ジンダレ
理数系,リスウケイ
ラブ放題,ラブホウダイ
満足げ,マンゾクゲ
げ下,ゲカ
頃一番,コロイチバン
一番好き,イチバンスキ
3年B組以外,サンネンビーグミイガイ
金八先生以外,キンパチセンセイイガイ
顔全部,カオゼンブ
パリ以外,パリイガイ
以外ソレ,イガイソレ
君以外,キミイガイ
生き甲斐以外,イキガイイガイ
丸一,マルイチ
一日,イチニチ
時私,トキワタシ
ものカヤ,モノカヤ
カヤちゃん,カヤチャン
エボシちゃん,エボシチャン
サンちゃん,サンチャン
何個,ナンコ
幸せそう,シアワセソウ
なにそれ,ナニソレ
鏡以外,カガミイガイ
血液型トーク,ケツエキガタトーク
本人登場,ホンニントウジョウ
画面設定,ガメンセッテイ
自動調節,ジドウチョウセツ
中野ブロードウェイ付近,ナカノブロードウェイフキン
一日,イチニチ
君それ,キミソレ
いいねぇ好き,イイネェスキ
しょう君,ショウクン
強制的,キョウセイテキ
盛り上がりがち,モリアガリガチ
ラックスさん,ラックスサン
最終的,サイシュウテキ
暖かい話,ダンカイバナシ
家電たち,カデンタチ
バイト先,バイトサキ
自分以外,ジブンイガイ
以外全員,イガイゼンイン
全員ゴリラ,ゼンインゴリラ
あら料理,アラリョウリ
玉ねぎ苦手,タマネギニガテ
たぬき丼,タヌキドンブリ
店員さん,テンインサン
誰だお前,ダレダオマエ
もっともっと理解,モットモットリカイ
公式Web,コウシキWeb
全部それ,ゼンブソレ
びしろ,ビシロ
ハク様,ハクサマ
の自分,ノジブン
上目づかい,ウエメヅカイ
おばあさんは川,オバアサンハカワ
デタラメ病,デタラメビョウ
ボーイズビーアンビシャス,ボーイズビーアンビシャス
アンビシャス以外,アンビシャスイガイ
以外全部,イガイゼンブ
大志以外,タイシイガイ
以外全部,イガイゼンブ
四限,ヨンゲン
何時,ナンジ
二段,ニダン
段ベッド,ダンベッド
一十,イチジュウ
午牛,ウマウシ
牛生,ウシセイ
あとひざ,アトヒザ
ひざまくら,ヒザマクラ
単純じゃなくて,タンジュンジャナクテ
一枚,イチマイ
ミルクレープみたい,ミルクレープミタイ
二人,ニニン
臨終間際,リンジュウマギワ
ひらがなカタカナ,ヒラガナカタカナ
カタカナ漢字,カタカナカンジ
考えすぎ,カンガエスギ
回転寿司店,カイテンズシテン
寿司達,スシタチ
何ヶ所,ナンカショ
何十,ナンジュウ
十ヶ所,ジュウカショ
金田一コナン,キンダイチコナン
一人,イチニン
画像検索,ガゾウケンサク
ページ目,ページメ
オセロみたい,オセロミタイ
言語処理,ゲンゴショリ
処理限界,ショリゲンカイ
効率化,コウリツカ
空色ペン,ソライロペン
男子高校生,ダンシコウコウセイ
切符切符,キップキップ
切符どこ,キップドコ
改札突入,カイサツトツニュウ
一回,イチカイ
回一,カイイチ
一回,イチカイ
ジョヤ顔,ジョヤガオ
電話代,デンワダイ
人がたくさん,ジンガタクサン
頃RPGツクール,コロアールピージーツクール
ランダム移動,ランダムイドウ
一本,イチホン
〆切ヤバイ,シメキリヤバイ
年外,トシガイ
８人,ハチニン
風呂上がり,フロアガリ
ブリーフ姿,ブリーフスガタ
四年間,ヨンネンカン
三回,サンカイ
それ青春,ソレセイシュン
ママとパパ,ママトパパ
言い方予想,イイカタヨソウ
斜線斜線,シャセンシャセン
期待通り,キタイドオリ
通りシンプル,ドオリシンプル
みんな寿司,ミンナスシ
寿司アイコン,スシアイコン
回転寿司みたい,カイテンズシミタイ
ベンザブロック,ベンザブロック
ミュージックビデオみたい,ミュージックビデオミタイ
深刻そう,シンコクソウ
八割,ハチワリ
特別深刻,トクベツシンコク
高級寿司屋,コウキュウスシヤ
仕方がない事,シカタガナイゴト
コンクリートミキサー,コンクリートミキサー
ミキサー車,ミキサーシャ
声マネ,コエマネ
二種類,ニシュルイ
仲間たち,ナカマタチ
一番加速,イチバンカソク
人間観察,ニンゲンカンサツ
きっと当たり前,キットアタリマエ
時折うんこ,トキオリウンコ
オリジナル役,オリジナルヤク
一期,イチキ
大体しあわせ,ダイタイシアワセ
一度,イチド
三ヶ月,サンカゲツ
三ヶ月,サンカゲツ
半年間,ハントシカン
音的,オトテキ
中学生同士,チュウガクセイドウシ
の朝飯前,ノアサメシマエ
キャラクター柄,キャラクターガラ
わき毛ショリ,ワキゲショリ
音的,オトテキ
高校男児,コウコウダンジ
四コマ漫画集,ヨンコママンガシュウ
前実家,マエジッカ
中国語,チュウゴクゴ
一寸先,イッスンサキ
いつか僕,イツカボク
抽象的,チュウショウテキ
幸せそう,シアワセソウ
酔っぱらいたち,ヨッパライタチ
ミュージカルみたい,ミュージカルミタイ
同姓愛,ドウセイアイ
矛盾だらけ,ムジュンダラケ
本来馬鹿,ホンライバカ
全部茶番,ゼンブチャバン
一生懸命茶番,イッショウケンメイチャバン
きれいな皿,キレイナサラ
三年,サンネン
年前,ネンマエ
ファミマ入店,ファミマニュウテン
入店メロディー,ニュウテンメロディー
同じく視聴者,ドウジクシチョウシャ
深夜料金,シンヤリョウキン
延長料金,エンチョウリョウキン
それドロップ,ソレドロップ
あんたサン,アンタサン
紙状,カミジョウ
僕たち,ボクタチ
なんなんだろう,ナンナンダロウ
これ王蟲,コレオウム
バルスだし,バルスダシ
それラピュタ,ソレラピュタ
歌声ホント,ウタゴエホント
ホント最高,ホントサイコウ
俺たち,オレタチ
たちこれ,タチコレ
タカシじいちゃん,タカシジイチャン
ネットサービス,ネットサービス
一番好き,イチバンスキ
一番好きな音楽,イチバンスキナオンガク
一番好き,イチバンスキ
週刊マイケルジャクソン,シュウカンマイケルジャクソン
みんな根っこ,ミンナネッコ
考えそのもの,カンガエソノモノ
全部日陰,ゼンブヒカゲ
一番真っ暗,イチバンマックラ
牛乳好き,ギュウニュウスキ
好き達,スキタチ
毎日確実,マイニチカクジツ
個人契約,コジンケイヤク
三本,サンホン
会いたい人,カイイタイジン
股間まわり,コカンマワリ
そこ君,ソコキミ
イケメン落語家,イケメンラクゴカ
長いまばたき,ナガイマバタキ
単位ヤバい,タンイヤバイ
単位ヤバい,タンイヤバイ
ルパンめ,ルパンメ
心かしらね,シンカシラネ
おばあさんは川,オバアサンハカワ
おばあさんは川,オバアサンハカワ
おばあさんは川,オバアサンハカワ
正面図,ショウメンズ
図凸,ズトツ
側面図,ソクメンズ
図日,ズビ
平面図,ヘイメンズ
図目,ズメ
正面図,ショウメンズ
図凸,ズトツ
側面図,ソクメンズ
図凸,ズトツ
平面図,ヘイメンズ
正面図,ショウメンズ
図凸,ズトツ
側面図,ソクメンズ
図凸,ズトツ
平面図,ヘイメンズ
図回,ズカイ
さ確認,サカクニン
loveyou,ラブユウ
わたし綺麗,ワタシキレイ
夏目四迷,ナツメシメイ
四迷二葉,シメイフタバ
二葉亭,フタバテイ
亭漱石,テイソウセキ
見知りおき,ミシリオキ
真ん中あたり,マンナカアタリ
使用上,シヨウジョウ
用法用量,ヨウホウヨウリョウ
パンツハイテク,パンツハイテク
三通目,サンツウメ
Re:Re:,アールイーアールイー
Re:Re:,アールイーアールイー
山手線,ヤマテセン
ジョークみたい,ジョークミタイ
卑屈さ,ヒクツサ
会いたい人,カイイタイジン
コックさん,コックサン
味見味見,アジミアジミ
ゴミ袋左手,ゴミブクロヒダリテ
機械みたい,キカイミタイ
馬鹿みたい,バカミタイ
豊かそう,ユタカソウ
いないし生活,イナイシセイカツ
いかんいかん,イカンイカン
勉強勉強,ベンキョウベンキョウ
おさるさん,オサルサン
南の島,ミナミノトウ
島の,トウノ
１階,イチカイ
２階,ニカイ
階ボタン,カイボタン
２階,ニカイ
やつマジ,ヤツマジ
８階,ハチカイ
ポッターリーチ,ポッターリーチ
ビリビリ,ビリビリ
モテそう,モテソウ
何回,ナンカイ
何回,ナンカイ
何回,ナンカイ
それ以外,ソレイガイ
こと愚,コトグ
愚菌,グキン
マッチいっぱい,マッチイッパイ
人びっくり,ヒトビックリ
数日,スウニチ
日分,ニチブン
お前みたい,オマエミタイ
ブラックジャック以外,ブラックジャックイガイ
以外全員,イガイゼンイン
髪の毛全部,カミノケゼンブ
何十,ナンジュウ
十年,ジュウネン
一人,イチニン
あとオムツ,アトオムツ
翼以外,ツバサイガイ
以外全部,イガイゼンブ
陰陽マーク,インヨウマーク
マークみたい,マークミタイ
階数ボタン,カイスウボタン
さっちゃんパ,サッチャンパ
義父さん,ギフサン
筋合いパない,スジアイパナイ
防弾チョッキ作ってみた,ボウダンチョッキツクッテミタ
作ってみたい,ツクッテミタイ
たび簡単,タビカンタン
自分がいや,ジブンガイヤ
人が寿,ジンガコトブキ
寿退社,コトブキタイシャ
鼻ちょうちん,ハナチョウチン
目つきヤバい,メツキヤバイ
逆立ち安定,サカダチアンテイ
お前ら,オマエラ
穴かっぽ,アナカッポ
かっぽじって,カッポジッテ
山手線,ヤマテセン
疑いよう,ウタガイヨウ
洗濯物,センタクブツ
海賊王,カイゾクオウ
ミッキーマウスクラブマーチ,ミッキーマウスクラブマーチ
子供達,コドモタチ
ミッキマウス,ミッキマウス
ライブ情報,ライブジョウホウ
SOUL'd OUTチケット,ソウルドアウトチケット
バタ子,バタコ
子さん,コサン
ルームシェア相手,ルームシェアアイテ
それ中二病,ソレチュウニビョウ
小さい馬,コサイバ
メモリアル定規,メモリアルジョウギ
みんな裸,ミンナハダカ
コッチャナイ,コッチャナイ
男の子嫌い,オトコノコギライ
ネコバス,ネコバス
下校途中,ゲコウトチュウ
年生ムカ,ネンセイムカ
年生ムカ,ネンセイムカ
駅近く,エキチカク
三人,サンニン
三人,サンニン
的見方,テキミカタ
のろけツイート,ノロケツイート
百年,ヒャクネン
それ骨,ソレホネ
唇テカテカ,クチビルテカテカ
レポート体操,レポートタイソウ
台所で水,ダイドコロデミズ
何枚,ナンマイ
音響文化,オンキョウブンカ
文化論,ブンカロン
生徒達,セイトタチ
今一,イマイチ
一人,イチニン
テスト何,テストナン
何点,ナンテン
何点,ナンテン
エラー君,エラークン
ファーイブ,ファーイブ
そこじゃなくて,ソコジャナクテ
玄関ピンポン,ゲンカンピンポン
マジ死ぬかと思った,マジシヌカトオモッタ
子バーバパパ,コバーバパパ
バーバパパ好き,バーバパパスキ
森君,モリクン
意味不明,イミフメイ
相手力士,アイテリキシ
精神的,セイシンテキ
的相撲,テキスモウ
対談本,タイダンホン
人が嫌い,ジンガギライ
キーボードパカパカ,キーボードパカパカ
肉詰め,ニクツメ
毎回それ,マイカイソレ
三度,サンド
六度,ロクド
度眼,ドメ
ルームシェア相手,ルームシェアアイテ
ノイズキャンセラ,ノイズキャンセラ
掃除しな,ソウジシナ
造語発想,ゾウゴハッソウ
発想力,ハッソウリョク
中居君,ナカイクン
貝殻パカパカ,カイガラパカパカ
男子所持,ダンシショジ
卑屈さ,ヒクツサ
小さい人,コサイジン
二度目,ニドメ
一年前,イチネンマエ
私たち文字通り,ワタシタチモジドオリ
文字通り痙攣,モジドオリケイレン
おれもの,オレモノ
おまえもの,オマエモノ
ルームシェア相手,ルームシェアアイテ
チャンチャンチャ,チャンチャンチャ
やあトム,ヤアトム
全員最悪,ゼンインサイアク
掛け算マジ,カケザンマジ
マジ簡単,マジカンタン
三倍,サンバイ
言葉自体である,コトバジタイデアル
ヨエロ,ヨエロ
エロ寸,エロスン
ヨエロ,ヨエロ
エロ寸,エロスン
大体友達,ダイタイトモダチ
全部擬音語,ゼンブギオンゴ
願わくば御名,ネガワクバギョメイ
アナグラムづくり,アナグラムヅクリ
かいぶん,カイブン
寒ブリ野球,カンブリヤキュウ
野球伝,ヤキュウデン
カンブリア期,カンブリアキ
自分以外,ジブンイガイ
以外みんな,イガイミンナ
自分以外,ジブンイガイ
以外みんな,イガイミンナ
一つ歳,ヒトツトシ
旅行先,リョコウサキ
重要性,ジュウヨウセイ
ハンコお願い,ハンコオネガイ
普通に大丈夫,フツウニダイジョウブ
Underworldみたい,アンダーワールドミタイ
虫達,ムシタチ
そりゃあ野菜生活,ソリャアヤサイセイカツ
野菜生活生活,ヤサイセイカツセイカツ
ものたち,モノタチ
悪い人,アクイジン
ブタたち,ブタタチ
ナイス肺活量,ナイスハイカツリョウ
ゴキブリ出て,ゴキブリダシテ
顔しや,カオシヤ
おかあさんみたい,オカアサンミタイ
理数系,リスウケイ
押し寿司持ち寄り,オシズシモチヨリ
しいかたち,シイカタチ
中央線,チュウオウセン
一度,イチド
新宿以外,シンジュクイガイ
肉踊り,ニクオドリ
踊り皮,オドリガワ
皮笑い,ガワワライ
笑い骨,ワライボネ
おしゃれデブ,オシャレデブ
一生一緒に,イッショウイッショニ
一緒にHelvetica,イッショニヘルベチカ
誰にも言えないこと,ダレニモイエナイコト
効果音みたい,コウカオンミタイ
一年前,イチネンマエ
何度も抜き差し,ナンドモヌキサシ
エイプリルフールみたい,エイプリルフールミタイ
三分,サンフン
顔全部,カオゼンブ
芝刈り,シバガリ
家で手,イエデシュ
三面鏡,サンメンキョウ
洗面台,センメンダイ
風呂上がり,フロアガリ
視力2.0,シリョクニーテンゼロ
3年B組以外,サンネンビーグミイガイ
金八先生以外,キンパチセンセイイガイ
君以外,キミイガイ
生き甲斐以外,イキガイイガイ
七味唐,シチミトウ
めちゃくちゃ味,メチャクチャミ
スピード通り,スピードドオリ
丸一,マルイチ
一日,イチニチ
パリ以外,パリイガイ
以外ソレ,イガイソレ
画像サムネイル,ガゾウサムネイル
時私,トキワタシ
好きだ。ベルト,スキダベルト
何個,ナンコ
アイス自販機,アイスジハンキ
鏡以外,カガミイガイ
血液型トーク,ケツエキガタトーク
本人登場,ホンニントウジョウ
画面設定,ガメンセッテイ
自動調節,ジドウチョウセツ
子持ちシシャモ,コモチシシャモ
ルームシェア相手,ルームシェアアイテ
マジかー,マジカー
かーそう,カーソウ
中野ブロードウェイ付近,ナカノブロードウェイフキン
一日,イチニチ
桃屋じゃなくて,モモヤジャナクテ
じゃなくて中華料理,ジャナクテチュウカリョウリ
桃じゃなくて,モモジャナクテ
じゃなくてごはんですよ,ジャナクテゴハンデスヨ
盛り上がりがち,モリアガリガチ
facebookページ,フェイスブックページ
facebookユーザー,フェイスブックユーザー
活動記録,カツドウキロク
歳差,サイサ
差カップル,サカップル
家電たち,カデンタチ
暖かい話,ダンカイバナシ
ビール片手,ビールカタテ
バイト先,バイトサキ
全員B型,ゼンインビーガタ
僕以外,ボクイガイ
以外全員,イガイゼンイン
全員ゴリラ,ゼンインゴリラ
顔好き,カオスキ
脳内TOKIO,ノウナイトキオ
公式Web,コウシキWeb
一般大,イッパンダイ
ぱんだい,パンダイ
安定感,アンテイカン
上目づかい,ウエメヅカイ
一日,イチニチ
日中北,ニチナカキタ
中北北西,ナカキタホクセイ
おばあさんは川,オバアサンハカワ
ころ急,コロキュウ
デタラメ病,デタラメビョウ
色じゃなくて,イロジャナクテ
ボーイズビーアンビシャス,ボーイズビーアンビシャス
アンビシャス以外,アンビシャスイガイ
以外全部,イガイゼンブ
大志以外,タイシイガイ
以外全部,イガイゼンブ
パスタ以外,パスタイガイ
以外全部,イガイゼンブ
スヌーズ機能,スヌーズキノウ
先祖代,センゾダイ
四限,ヨンゲン
何時,ナンジ
人が爆笑,ジンガバクショウ
低い人,テイイジン
一十,イチジュウ
午牛,ウマウシ
牛生,ウシセイ
ナイフランプ,ナイフランプ
ランプかばん,ランプカバン
あとひざ,アトヒザ
ひざまくら,ヒザマクラ
どうぶつの森みたい,ドウブツノモリミタイ
僕みたい,ボクミタイ
単純じゃなくて,タンジュンジャナクテ
一枚,イチマイ
ミルクレープみたい,ミルクレープミタイ
いつか一番,イツカイチバン
一番好き,イチバンスキ
一番好き,イチバンスキ
ことひとつだけ,コトヒトツダケ
二分休,ニブンキュウ
休符,キュウフ
全休符,ゼンキュウフ
全休符,ゼンキュウフ
符ですよ,フデスヨ
一緒に約束,イッショニヤクソク
二人,ニニン
臨終間際,リンジュウマギワ
三行,サンコウ
人が魚,ジンガギョ
魚屋,ギョヤ
屋さん,ヤサン
ひらがなカタカナ,ヒラガナカタカナ
カタカナ漢字,カタカナカンジ
ウソップ海賊,ウソップカイゾク
海賊団,カイゾクダン
考えすぎ,カンガエスギ
ことなに,コトナニ
回転寿司屋,カイテンズシヤ
寿司達,スシタチ
一回,イチカイ
空色ペン,ソライロペン
それ以上,ソレイジョウ
電話代,デンワダイ
何回,ナンカイ
おなかいっぱい,オナカイッパイ
たくさん字,タクサンジ
ルームシェア相手,ルームシェアアイテ
線香花火みたい,センコウハナビミタイ
人がたくさん,ジンガタクサン
頃RPGツクール,コロアールピージーツクール
ランダム移動,ランダムイドウ
三文字,サンモジ
年外,トシガイ
風呂上がり,フロアガリ
ブリーフ姿,ブリーフスガタ
８人,ハチニン
アスカ派,アスカハ
レッドアスカ,レッドアスカ
小学生三,ショウガクセイサン
三人,サンニン
ママとパパ,ママトパパ
暇そう,ヒマソウ
いちまんえん,イチマンエン
ミュージックビデオみたい,ミュージックビデオミタイ
滝登り,タキノボリ
みんな寿司,ミンナスシ
寿司アイコン,スシアイコン
回転寿司みたい,カイテンズシミタイ
寿司占い師,スシウラナイシ
お客さん,オキャクサン
いつか結婚,イツカケッコン
反射的,ハンシャテキ
寿司だらけ,スシダラケ
高級寿司屋,コウキュウスシヤ
車運転,クルマウンテン
マタニティージョーク,マタニティージョーク
運賃代,ウンチンダイ
田舎者,イナカシャ
コンクリートミキサー,コンクリートミキサー
ミキサー車,ミキサーシャ
これ僕,コレボク
仕方がない事,シカタガナイゴト
無臭なんだろう,ムシュウナンダロウ
歌無し,ウタナシ
無しクリスマスソング,ナシクリスマスソング
一人,イチニン
一枚,イチマイ
オリジナル間接照明,オリジナルカンセツショウメイ
%信用,パーセントシンヨウ
100%信用,ヒャクパーセントシンヨウ
ワタシ,ワタシ
声マネ,コエマネ
加速一,カソクイチ
一番,イチバン
人間観察,ニンゲンカンサツ
きっと当たり前,キットアタリマエ
時折うんこ,トキオリウンコ
みんな人間,ミンナニンゲン
大体友達,ダイタイトモダチ
人が右,ジンガミギ
秒速5センチ,ビョウソクゴセンチ
5センチなん,ゴセンチナン
五倍,ゴバイ
中学生同士,チュウガクセイドウシ
オリジナル役,オリジナルヤク
一期,イチキ
語感的,ゴカンテキ
の朝飯前,ノアサメシマエ
大体しあわせ,ダイタイシアワセ
キャラクター柄,キャラクターガラ
わき毛ショリ,ワキゲショリ
音的,オトテキ
住所氏名,ジュウショシメイ
氏名年齢,シメイネンレイ
年齢電話番号,ネンレイデンワバンゴウ
目蓋,メフタ
学級内,ガッキュウナイ
一大ブーム,イチダイブーム
授業中,ジュギョウチュウ
カメレオン色,カメレオンショク
何匹,ナンヒキ
学生くん,ガクセイクン
トークイベント,トークイベント
発売開始,ハツバイカイシ
１ヶ月,イチカゲツ
１度,イチド
度ペース,ドペース
中国語,チュウゴクゴ
きっとビーム,キットビーム
神保町,ジンボウマチ
語感的,ゴカンテキ
語感的,ゴカンテキ
夜九,ヨルキュウ
九時,キュウジ
時以降,ジイコウ
一寸先,イッスンサキ
それ以降,ソレイコウ
以降沈黙,イコウチンモク
沈黙バージョン,チンモクバージョン
らすごい,ラスゴイ
誰か人,ダレカジン
幸せそう,シアワセソウ
酔っぱらいたち,ヨッパライタチ
ミュージカルみたい,ミュージカルミタイ
好きだ。逆,スキダギャク
ユニクロ社長,ユニクロシャチョウ
黒力士,クロリキシ
きれいな皿,キレイナサラ
きれいな顔,キレイナガオ
きれいな人,キレイナジン
ファミマ入店,ファミマニュウテン
入店メロディー,ニュウテンメロディー
何人,ナンニン
三年,サンネン
年前,ネンマエ
文字全て,モジスベテ
完全濁音,カンゼンダクオン
濁音語,ダクオンゴ
指毛,ユビケ
完全濁音,カンゼンダクオン
濁音語,ダクオンゴ
地獄レベル,ジゴクレベル
焼肉安楽亭,ヤキニクアンラクテイ
ボタン以降,ボタンイコウ
曲分,キョクブン
U-zhaanさん,ユザーンサン
インド楽器,インドガッキ
同じく視聴者,ドウジクシチョウシャ
１号,イチゴウ
号エラ,ゴウエラ
エラ通信,エラツウシン
印刷方法,インサツホウホウ
日本各地,ニッポンカクチ
エラ通信,エラツウシン
エラ通信,エラツウシン
１号,イチゴウ
１号,イチゴウ
号エラ,ゴウエラ
エラ通信,エラツウシン
yahooニュース,ヤフーニュース
プリント枚数,プリントマイスウ
学級通信,ガッキュウツウシン
通信みたい,ツウシンミタイ
絶対遅刻,ゼッタイチコク
それドロップ,ソレドロップ
節子さん,セツコサン
スーパー鈴,スーパースズ
鈴カステラ,スズカステラ
カステラタイム,カステラタイム
それドロップ,ソレドロップ
紙状,カミジョウ
おれさま,オレサマ
小林製薬感,コバヤシセイヤクカン
ルームシェア相手,ルームシェアアイテ
四番,ヨンバン
番レジ,バンレジ
四番,ヨンバン
四番,ヨンバン
うちにレジ,ウチニレジ
レジ四つ,レジヨッツ
一番好き,イチバンスキ
一番好きな音楽,イチバンスキナオンガク
一番好き,イチバンスキ
夕刊ガジェット通信,ユウカンガジェットツウシン
二本,ニホン
本更新,ホンコウシン
ツイートふぁ,ツイートファ
ツイートはふ,ツイートハフ
週刊マイケルジャクソン,シュウカンマイケルジャクソン
考えそのもの,カンガエソノモノ
みんな根っこ,ミンナネッコ
牛乳好き,ギュウニュウスキ
好き達,スキタチ
かわりジャンケン,カワリジャンケン
個人契約,コジンケイヤク
三本,サンホン
会いたい人,カイイタイジン
股間まわり,コカンマワリ
イケメン落語家,イケメンラクゴカ
二人,ニニン
人あやとり,ニンアヤトリ
長いまばたき,ナガイマバタキ
単位ヤバい,タンイヤバイ
単位ヤバい,タンイヤバイ
秘密話,ヒミツバナシ
女の子ひとり,オンナノコヒトリ
ルパンめ,ルパンメ
心かしらね,シンカシラネ
おばあさんは川,オバアサンハカワ
芝刈り,シバガリ
おばあさんは川,オバアサンハカワ
おばあさんは川,オバアサンハカワ
正面図,ショウメンズ
側面図,ソクメンズ
図二,ズニ
平面図,ヘイメンズ
図三,ズサン
正面図,ショウメンズ
図凸,ズトツ
側面図,ソクメンズ
図日,ズビ
平面図,ヘイメンズ
図目,ズメ
正面図,ショウメンズ
図凸,ズトツ
側面図,ソクメンズ
図凸,ズトツ
平面図,ヘイメンズ
正面図,ショウメンズ
図凸,ズトツ
側面図,ソクメンズ
図凸,ズトツ
平面図,ヘイメンズ
図回,ズカイ
見知りおき,ミシリオキ
loveyou,ラブユウ
わたし綺麗,ワタシキレイ
夏目四迷,ナツメシメイ
四迷二葉,シメイフタバ
二葉亭,フタバテイ
亭漱石,テイソウセキ
使用上,シヨウジョウ
用法用量,ヨウホウヨウリョウ
真ん中あたり,マンナカアタリ
三通目,サンツウメ
Re:Re:,アールイーアールイー
Re:Re:,アールイーアールイー
パンツハイテク,パンツハイテク
僕以外,ボクイガイ
以外みんな,イガイミンナ
会いたい人,カイイタイジン
コックさん,コックサン
味見味見,アジミアジミ
厳しめ,イムシメ
機械みたい,キカイミタイ
部屋メチャクチャ,ヘヤメチャクチャ
メチャクチャ綺麗,メチャクチャキレイ
おい銃,オイジュウ
洗濯物,センタクブツ
二人,ニニン
カレンダー確認,カレンダーカクニン
おさるさん,オサルサン
南の島,ミナミノトウ
島の,トウノ
１階,イチカイ
２階,ニカイ
階ボタン,カイボタン
２階,ニカイ
やつマジ,ヤツマジ
８階,ハチカイ
反射的,ハンシャテキ
モテそう,モテソウ
サブカルドンキホーテ,サブカルドンキホーテ
雑学自慢,ザツガクジマン
無理無理,ムリムリ
無理無理,ムリムリ
無理無理,ムリムリ
何回,ナンカイ
何回,ナンカイ
二倍,ニバイ
具体的,グタイテキ
四倍,ヨンバイ
届けよう,トドケヨウ
よう僕ら,ヨウボクラ
twitterer,ツイッターイーアール
erたち,イーアールタチ
１度,イチド
肩に衝突,カタニショウトツ
二回,ニカイ
回目,カイメ
乗り換え時,ノリカエジ
最近シャワー,サイキンシャワー
恐竜かわいそう,キョウリュウカワイソウ
毎日終電,マイニチシュウデン
数日,スウニチ
日分,ニチブン
中学二年生,チュウガクニネンセイ
お前みたい,オマエミタイ
カルピス原液,カルピスゲンエキ
水道水ガブ,スイドウスイガブ
絶対嘘,ゼッタイウソ
ブラックジャック以外,ブラックジャックイガイ
以外全員,イガイゼンイン
髪の毛全部,カミノケゼンブ
裏側みたい,ウラガワミタイ
翼以外,ツバサイガイ
以外全部,イガイゼンブ
中学生男子,チュウガクセイダンシ
火花爆発,ヒバナバクハツ
いつかお前,イツカオマエ
階数ボタン,カイスウボタン
さっちゃんパ,サッチャンパ
義父さん,ギフサン
筋合いパない,スジアイパナイ
コンビニ店員,コンビニテンチョウイン
運転手,ウンテンシュ
名前つけ,ナマエツケ
三三,サンサン
三七,サンナナ
七拍子,ナナヒョウシ
黒人たち,コクジンタチ
ピザ食い,ピザグイ
目つきヤバい,メツキヤバイ
一万,イチマン
万年,マンネン
二千,ニセン
千年,センネン
年前,ネンマエ
創聖,ソウヒジリ
逆立ち安定,サカダチアンテイ
二日間,ニニチカン
指２,ユビニ
２本,ニホン
山手線,ヤマテセン
疑いよう,ウタガイヨウ
アイドル視,アイドルシ
海賊王,カイゾクオウ
洗濯物,センタクブツ
ミッキーマウスクラブマーチ,ミッキーマウスクラブマーチ
子供達,コドモタチ
ミッキマウス,ミッキマウス
金持ちは長,カネモチハチョウ
は長財布,ハチョウサイフ
金持ちは長,カネモチハチョウ
は長財布,ハチョウサイフ
シルバニアファミリー２,シルバニアファミリーニ
２匹,ニヒキ
匹分,ヒキブン
バタ子,バタコ
子さん,コサン
ノーライフ,ノーライフ
メモリアル定規,メモリアルジョウギ
口二,クチニ
二度,ニド
程しあわせ,ホドシアワセ
語感的,ゴカンテキ
中央線,チュウオウセン
みんな裸,ミンナハダカ
機能追加,キノウツイカ
いつだってそう,イツダッテソウ
駅近く,エキチカク
三人,サンニン
三人,サンニン
武士みたい,ブシミタイ
財布覗き,サイフノゾキ
的見方,テキミカタ
殺人鬼みたい,サツジンキミタイ
踏切前,フミキリマエ
大体怠惰,ダイタイタイダ
自己紹介回文,ジコショウカイカイブン
それ骨,ソレホネ
唇テカテカ,クチビルテカテカ
台所で水,ダイドコロデミズ
何枚,ナンマイ
こここ,コココ
音響文化,オンキョウブンカ
文化論,ブンカロン
生徒達,セイトタチ
今一,イマイチ
一人,イチニン
この木なんの木気,コノキナンノキキ
ワカワカ,ワカワカ
ワカ部分,ワカブブン
スクラッチ風,スクラッチフウ
閉経B4,ヘイケイビーフォー
玄関ピンポン,ゲンカンピンポン
マジ死ぬかと思った,マジシヌカトオモッタ
好きだ。昔,スキダムカシ
神聖視,シンセイシ
好きだ。僕,スキダボク
一緒にどこ,イッショニドコ
森君,モリクン
人が胸焼け,ジンガムネヤケ
意味不明,イミフメイ
相手力士,アイテリキシ
精神的,セイシンテキ
的相撲,テキスモウ
回目,カイメ
ルームシェア相手,ルームシェアアイテ
半角ひらがな,ハンカクヒラガナ
髪の毛全部,カミノケゼンブ
二年,ニネン
年前,ネンマエ
驚異的,キョウイテキ
ネーミングセンス,ネーミングセンス
一見どこ,イッケンドコ
人が嫌い,ジンガギライ
１本,イチホン
２本,ニホン
４本,ヨンホン
プロゴルファー誰,プロゴルファーダレ
毎回カルピス,マイカイカルピス
全部生命線,ゼンブセイメイセン
毎回それ,マイカイソレ
三度,サンド
六度,ロクド
度眼,ドメ
かんたん洗浄,カンタンセンジョウ
洗浄丸,センジョウマル
殺菌率,サッキンリツ
洗浄丸,センジョウマル
殺菌力,サッキンリョク
殺菌力,サッキンリョク
何問,ナンモン
問目,モンメ
月曜一,ゲツヨウイチ
一限,イチゲン
子守唄,コモリウタ
定期post,テイキポスト
掃除しな,ソウジシナ
僕以外,ボクイガイ
根こそぎ誘拐,ネコソギユウカイ
中居君,ナカイクン
貝殻パカパカ,カイガラパカパカ
男友達,オトコトモダチ
めかくしオニ,メカクシオニ
オニスタート,オニスタート
警察登場,ケイサツトウジョウ
男子所持,ダンシショジ
一回,イチカイ
卑屈さ,ヒクツサ
クーポン券,クーポンケン
一年前,イチネンマエ
私たち文字通り,ワタシタチモジドオリ
文字通り痙攣,モジドオリケイレン
iosono,イオソノ
漢字一,カンジイチ
一文字,イチモジ
オビタダ,オビタダ
のかー,ノカー
やあトム,ヤアトム
全員最悪,ゼンインサイアク
黒ゴマ,クロゴマ
言葉自体である,コトバジタイデアル
掛け算マジ,カケザンマジ
マジ簡単,マジカンタン
三倍,サンバイ
ヨエロ,ヨエロ
エロ寸,エロスン
ヨエロ,ヨエロ
エロ寸,エロスン
大体友達,ダイタイトモダチ
願わくば御名,ネガワクバギョメイ
アナグラムづくり,アナグラムヅクリ
かいぶん,カイブン
寒ブリ野球,カンブリヤキュウ
野球伝,ヤキュウデン
カンブリア期,カンブリアキ
一つ歳,ヒトツトシ
旅行先,リョコウサキ
重要性,ジュウヨウセイ
ハンコお願い,ハンコオネガイ
普通に大丈夫,フツウニダイジョウブ
Underworldみたい,アンダーワールドミタイ
虫達,ムシタチ
そりゃあ野菜生活,ソリャアヤサイセイカツ
野菜生活生活,ヤサイセイカツセイカツ
二人,ニニン
悪い人,アクイジン
ブタたち,ブタタチ
ナイス肺活量,ナイスハイカツリョウ
ゴキブリ出て,ゴキブリダシテ
3Dメガネ,スリーディーメガネ
赤青,アカアオ
青メガネ,アオメガネ
平面的,ヘイメンテキ
立体的,リッタイテキ
立体性,リッタイセイ
理数系,リスウケイ
地震デモ,ジシンデモ
地震反対,ジシンハンタイ
油じゃなくて,アブラジャナクテ
一年前,イチネンマエ
一年前,イチネンマエ
何回,ナンカイ
数人,スウニン
異性関係,イセイカンケイ
肉踊り,ニクオドリ
踊り皮,オドリガワ
皮笑い,ガワワライ
笑い骨,ワライボネ
おしゃれデブ,オシャレデブ
一生一緒に,イッショウイッショニ
一緒にHelvetica,イッショニヘルベチカ
ビニール袋,ビニールブクロ
効果音みたい,コウカオンミタイ
こいつ塩酸,コイツエンサン
塩酸ぶっかけ,エンサンブッカケ
顔全部,カオゼンブ
ローマ字入力派,ローマジニュウリョクハ
かな入力派,カナニュウリョクハ
本や絵,ホンヤエ
ようやく気,ヨウヤクキ
家で手,イエデシュ
三面鏡,サンメンキョウ
洗面台,センメンダイ
風呂上がり,フロアガリ
視力2.0,シリョクニーテンゼロ
三分,サンフン
フルパワー,フルパワー
フルパワー,フルパワー
スピード通り,スピードドオリ
パリ以外,パリイガイ
以外ソレ,イガイソレ
七味唐,シチミトウ
めちゃくちゃ味,メチャクチャミ
丸一,マルイチ
一日,イチニチ
それこだま,ソレコダマ
時私,トキワタシ
好きだ。ベルト,スキダベルト
何個,ナンコ
キリンさん,キリンサン
それ以来,ソレイライ
血液型トーク,ケツエキガタトーク
本人登場,ホンニントウジョウ
iPhone画面,アイフォンガメン
自動調節,ジドウチョウセツ
調節機能,チョウセツキノウ
クリスマスグッズ,クリスマスグッズ
子持ちシシャモ,コモチシシャモ
ルームシェア相手,ルームシェアアイテ
かーそう,カーソウ
中野ブロードウェイ付近,ナカノブロードウェイフキン
学校全体,ガッコウゼンタイ
ハッピバースデー,ハッピバースデー
バースデートゥーユー,バースデートゥーユー
ポテチ開封,ポテチカイフウ
夢見てるの,ユメミテルノ
一日,イチニチ
バイト先,バイトサキ
小さい声,コサイゴエ
今日これ,キョウコレ
これあと,コレアト
あと三,アトサン
三回,サンカイ
回やろう,カイヤロウ
恋愛カップル,レンアイカップル
五分間,ゴフンカン
全員B型,ゼンインビーガタ
僕以外,ボクイガイ
以外全員,イガイゼンイン
全員ゴリラ,ゼンインゴリラ
ビール片手,ビールカタテ
入試バイト,ニュウシバイト
受験生たち,ジュケンセイタチ
合法的犯罪,ゴウホウテキハンザイ
犯罪感,ハンザイカン
肩もみ,カタモミ
馬鹿みたい,バカミタイ
キッチンバサミ,キッチンバサミ
公式Web,コウシキWeb
試し期間,タメシキカン
闘牛さ,トウギュウサ
一般大,イッパンダイ
美大特別,ビダイトクベツ
１．,イチ．
．５,．ゴ
５リットル,ゴリットル
アラーム設定,アラームセッテイ
まま奇声,ママキセイ
一日,イチニチ
日中,ニチチュウ
中南南東,チュウナンナントウ
みんな苦,ミンナク
人なんてい,ヒトナンテイ
リストカット的,リストカットテキ
緊張するー,キンチョウスルー
君本当,クンホントウ
ころ急,コロキュウ
色じゃなくて,イロジャナクテ
もんじゃなくて,モンジャナクテ
じゃなくて春,ジャナクテハル
時毎回,トキマイカイ
先祖代,センゾダイ
四限,ヨンゲン
何時,ナンジ
二人,ニニン
人が爆笑,ジンガバクショウ
沸点低い,フッテンテイイ
低い人,テイイジン
嘘でもいいから定期,ウソデモイイカラテイキ
定期的,テイキテキ
ナイフランプ,ナイフランプ
ランプかばん,ランプカバン
あとひざ,アトヒザ
ひざまくら,ヒザマクラ
僕みたい,ボクミタイ
二分休,ニブンキュウ
休符,キュウフ
全休符,ゼンキュウフ
全休符,ゼンキュウフ
符ですよ,フデスヨ
定期post,テイキポスト
一緒に約束,イッショニヤクソク
臨終間際,リンジュウマギワ
ルームシェア相手,ルームシェアアイテ
ことお願い,コトオネガイ
何お願い,ナニオネガイ
フラヌイ,フラヌイ
フラヌイ,フラヌイ
気分なんだろう,キブンナンダロウ
三行,サンコウ
人が魚,ジンガギョ
魚屋,ギョヤ
屋さん,ヤサン
慣用句的,カンヨウクテキ
ひらがなカタカナ,ヒラガナカタカナ
カタカナ漢字,カタカナカンジ
三行,サンコウ
オードリー若林,オードリーワカバヤシ
宗教上,シュウキョウジョウ
回転寿司屋,カイテンズシヤ
寿司達,スシタチ
人間達,ニンゲンタチ
一回,イチカイ
空色ペン,ソライロペン
バイト先,バイトサキ
エラーさん,エラーサン
これマジ,コレマジ
辞退宣言,ジタイセンゲン
あきおめ,アキオメ
今日一番,キョウイチバン
ルームシェア相手,ルームシェアアイテ
電話代,デンワダイ
干支全部,エトゼンブ
毎年登場,マイトシトウジョウ
午前６,ゴゼンロク
６時,ロクジ
あなたにインタビュー,アナタニインタビュー
風呂上がり,フロアガリ
パンツ姿,パンツスガタ
年外,トシガイ
外いって,ガイイッテ
いってみたい,イッテミタイ
８人,ハチニン
アスカ派,アスカハ
レッドアスカ,レッドアスカ
小学生三,ショウガクセイサン
三人,サンニン
暇そう,ヒマソウ
いちまんえん,イチマンエン
エラーさん,エラーサン
ミュージックビデオみたい,ミュージックビデオミタイ
ターミネーターみたい,ターミネーターミタイ
携帯用外部,ケイタイヨウガイブ
外部バッテリー,ガイブバッテリー
銀歯,ギンハ
歯金歯,ハキンバ
金歯銀,キンバギン
銀歯,ギンハ
歯金歯,ハキンバ
金歯銀,キンバギン
銀歯,ギンハ
歯金歯,ハキンバ
反射的,ハンシャテキ
中学生集団,チュウガクセイシュウダン
レポート課題,レポートカダイ
文字数いっぱい,モジスウイッパイ
高級寿司屋,コウキュウスシヤ
運賃代,ウンチンダイ
田舎者,イナカシャ
粉末,コナマツ
末状,マツジョウ
海外産,カイガイサン
完全英語表記,カンゼンエイゴヒョウキ
ジップロックみたい,ジップロックミタイ
さそう,サソウ
一年前,イチネンマエ
持ち物検査,モチモノケンサ
のこれ,ノコレ
一言コメント,ヒトコトコメント
持ち物検査,モチモノケンサ
最終的,サイシュウテキ
黒人部,コクジンブ
歌無し,ウタナシ
無しクリスマスソング,ナシクリスマスソング
メニュー画面,メニューガメン
見所シーン,ミドコロシーン
シーン集,シーンシュウ
集みたい,シュウミタイ
字以内,ジイナイ
%信用,パーセントシンヨウ
100%信用,ヒャクパーセントシンヨウ
人間観察,ニンゲンカンサツ
きっと当たり前,キットアタリマエ
時折うんこ,トキオリウンコ
みんな人間,ミンナニンゲン
ウォッシュレット,ウォッシュレット
私たち人間,ワタシタチニンゲン
分おき,フンオキ
肩に糸,カタニイト
大体友達,ダイタイトモダチ
定期post,テイキポスト
人が右,ジンガミギ
中学生同士,チュウガクセイドウシ
の朝飯前,ノアサメシマエ
大体しあわせ,ダイタイシアワセ
キャラクター柄,キャラクターガラ
みんなぶさいく,ミンナブサイク
偶数列,グウスウレツ
住所氏名,ジュウショシメイ
氏名年齢,シメイネンレイ
年齢電話番号,ネンレイデンワバンゴウ
わき毛ショリ,ワキゲショリ
音的,オトテキ
目蓋,メフタ
学級内,ガッキュウナイ
一大ブーム,イチダイブーム
授業中,ジュギョウチュウ
肉屋さん,ニクヤサン
小学生男子,ショウガクセイダンシ
ちびっこたち,チビッコタチ
やつ僕,ヤツボク
赤面気味,セキメンギミ
塩コショウ,シオコショウ
ガムみたい,ガムミタイ
RT電車,アールティーデンシャ
１ヶ月,イチカゲツ
１度,イチド
度ペース,ドペース
中国語,チュウゴクゴ
神保町,ジンボウマチ
語感的,ゴカンテキ
語感的,ゴカンテキ
誰一,ダレイチ
一人,イチニン
一寸先,イッスンサキ
CR茂木健一郎,シーアールモギケンイチロウ
大当たり確定,オオアタリカクテイ
それ以降,ソレイコウ
以降沈黙,イコウチンモク
沈黙バージョン,チンモクバージョン
日本最強,ニッポンサイキョウ
好きだ。逆,スキダギャク
誰か人,ダレカジン
幸せそう,シアワセソウ
酔っぱらいたち,ヨッパライタチ
ミュージカルみたい,ミュージカルミタイ
ユニクロ社長,ユニクロシャチョウ
たもうひとり,タモウヒトリ
黒力士,クロリキシ
体勢である,タイセイデアル
そっかガチャピン,ソッカガチャピン
万円,マンエン
激安,ゲキヤス
安電動,ヤスデンドウ
電動式,デンドウシキ
人いるよ,ヒトイルヨ
メタルバンド,メタルバンド
お菓子きた,オカシキタ
お菓子きた,オカシキタ
ミュータントタートルズみたい,ミュータントタートルズミタイ
三三,サンサン
三七,サンナナ
七拍子,ナナヒョウシ
元気付け,ゲンキヅケ
付けよう,ヅケヨウ
ファミマ入店,ファミマニュウテン
入店メロディー,ニュウテンメロディー
努力家,ドリョクカ
一切努力,イッサイドリョク
何人,ナンニン
所全て,トコロスベテ
完全濁点,カンゼンダクテン
濁点語,ダクテンゴ
指毛,ユビケ
完全濁点,カンゼンダクテン
濁点語,ダクテンゴ
左右反転,サユウハンテン
following,フォローアイエヌジー
焼肉安楽亭,ヤキニクアンラクテイ
マジシャン家,マジシャンカ
マジック何,マジックナン
何回,ナンカイ
何回,ナンカイ
女性運転,ジョセイウンテン
運転手,ウンテンシュ
ポリポリ,ポリポリ
風呂上がり,フロアガリ
エラー君,エラークン
それドロップ,ソレドロップ
節子さん,セツコサン
問目,モンメ
問目,モンメ
高校一,コウコウイチ
一年生,イチネンセイ
一年ぶり,イチネンブリ
スーパー鈴,スーパースズ
鈴カステラ,スズカステラ
カステラタイム,カステラタイム
それドロップ,ソレドロップ
絶対遅刻,ゼッタイチコク
スチームアイロン,スチームアイロン
五秒,ゴビョウ
迷彩柄,メイサイガラ
紙状,カミジョウ
ルームシェア相手,ルームシェアアイテ
四番,ヨンバン
番レジ,バンレジ
四番,ヨンバン
四番,ヨンバン
うちにレジ,ウチニレジ
レジ四つ,レジヨッツ
千と千尋関係,セントチヒロカンケイ
関係無い,カンケイムイ
何人,ナンニン
ことだらけ,コトダラケ
西野カナみたい,ニシノカナミタイ
ツイートふぁ,ツイートファ
あとリスト,アトリスト
中ツイート,ナカツイート
ツイートはふ,ツイートハフ
大体友達,ダイタイトモダチ
考えそのもの,カンガエソノモノ
みんな根っこ,ミンナネッコ
牛乳好き,ギュウニュウスキ
個人契約,コジンケイヤク
契約結び,ケイヤクムスビ
毎日三,マイニチサン
三本,サンホン
1番レジ,イチバンレジ
レジお願い,レジオネガイ
番レジ,バンレジ
レジお願い,レジオネガイ
一匹,イチヒキ
執事じゃなくて,シツジジャナクテ
二度,ニド
定期post,テイキポスト
イケメン落語家,イケメンラクゴカ
股間辺り,コカンアタリ
二人,ニニン
人あやとり,ニンアヤトリ
天才てれびくん育ち,テンサイテレビクンソダチ
単位ヤバい,タンイヤバイ
単位ヤバい,タンイヤバイ
出して家,ダシテカ
ココ日本,ココニッポン
ソシテ空手,ソシテカラテ
ルームシェア相手,ルームシェアアイテ
毛が前髪,ケガマエガミ
ルパンめ,ルパンメ
心かしらね,シンカシラネ
おばあさんは川,オバアサンハカワ
おばあさんは川,オバアサンハカワ
おばあさんは川,オバアサンハカワ
芝刈り,シバガリ
おばあさんは川,オバアサンハカワ
見知りおき,ミシリオキ
正面図,ショウメンズ
側面図,ソクメンズ
平面図,ヘイメンズ
正面図,ショウメンズ
側面図,ソクメンズ
図口,ズグチ
平面図,ヘイメンズ
図目,ズメ
正面図,ショウメンズ
図凸,ズトツ
側面図,ソクメンズ
図凸,ズトツ
平面図,ヘイメンズ
正面図,ショウメンズ
図凸,ズトツ
側面図,ソクメンズ
図凸,ズトツ
平面図,ヘイメンズ
図回,ズカイ
一緒に丘,イッショニオカ
何回,ナンカイ
木数,キスウ
数子,スウシ
美大生,ビダイセイ
生たち,セイタチ
美大生,ビダイセイ
美大生,ビダイセイ
生頭,セイアタマ
部活動中,ブカツドウチュウ
目線ごっこ,メセンゴッコ
ルームシェア相手,ルームシェアアイテ
赤ワインみたい,アカワインミタイ
数分,スウフン
分後,フンゴ
真ん中あたり,マンナカアタリ
場所ごめん,バショゴメン
公式web,コウシキウェブ
弱虫ちゃん,ヨワムシチャン
お前ら,オマエラ
loveyou,ラブユウ
わたし綺麗,ワタシキレイ
夏目四迷,ナツメシメイ
四迷二葉,シメイフタバ
二葉亭,フタバテイ
亭漱石,テイソウセキ
使用上,シヨウジョウ
用法用量,ヨウホウヨウリョウ
パンツハイテク,パンツハイテク
Re:Re:,アールイーアールイー
Re:Re:,アールイーアールイー
僕以外,ボクイガイ
以外みんな,イガイミンナ
死刑囚,シケイシュウ
会いたい人,カイイタイジン
洗濯物,センタクブツ
おい銃,オイジュウ
のカウント,ノカウント
二・,ニ・
・三,・サン
三口,サンクチ
ポテトうすしお,ポテトウスシオ
桃太郎たち,モモタロウタチ
桃太郎たち,モモタロウタチ
一人,イチニン
人が好き,ジンガスキ
平和協定,ヘイワキョウテイ
3D版,スリーディーバン
版トイ・ストーリー,バントイストーリー
トイ・ストーリー３,トイストーリーサン
男性諸君,ダンセイショクン
二文字釈然,フタモジシャクゼン
何度,ナンド
涙頂戴,ナミダチョウダイ
二人,ニニン
カレンダー指,カレンダーユビ
指差し,ユビサシ
差し確認,サシカクニン
エクストラバージン,エクストラバージン
バージンオリーブオイル,バージンオリーブオイル
ものキッチン,モノキッチン
格言作り,カクゲンヅクリ
人が好きだ。,ジンガスキダ
おさるさん,オサルサン
南の島,ミナミノトウ
島の,トウノ
左右対称,サユウタイショウ
前期成績,ゼンキセイセキ
成績表,セイセキヒョウ
成績表,セイセキヒョウ
１階,イチカイ
２階,ニカイ
階ボタン,カイボタン
２階,ニカイ
やつマジ,ヤツマジ
８階,ハチカイ
ゾンビ映画監督,ゾンビエイガカントク
最終的,サイシュウテキ
映画館,エイガカン
お客さん,オキャクサン
さん全員,サンゼンイン
全員白目,ゼンインシロメ
状況あるかな,ジョウキョウアルカナ
劣等感マン,レットウカンマン
劣等チョップ,レットウチョップ
独学ボイスパーカッション,ドクガクボイスパーカッション
雑学自慢,ザツガクジマン
無理無理,ムリムリ
無理無理,ムリムリ
無理無理,ムリムリ
一人,イチニン
一本,イチホン
一発,イチハツ
何回,ナンカイ
何回,ナンカイ
二倍,ニバイ
具体的,グタイテキ
四倍,ヨンバイ
倍キツ,バイキツ
キツい,キツイ
肩に衝突,カタニショウトツ
チキン鳩胸,チキンハトムネ
鳩胸鳥頭,ハトムネトリアタマ
二回,ニカイ
回目,カイメ
乗り換え時,ノリカエジ
届けよう,トドケヨウ
よう僕ら,ヨウボクラ
twitterer,ツイッターイーアール
erたち,イーアールタチ
１度,イチド
人以上,ニンイジョウ
１コマ,イチコマ
コマ目,コマメ
ため用,タメヨウ
右側にリンク,ミギガワニリンク
毎日終電,マイニチシュウデン
数日,スウニチ
日分,ニチブン
おつとめ品コーナー,オツトメヒンコーナー
ガッツ以外,ガッツイガイ
URL短縮,ユーアールエルタンシュク
中学二,チュウガクニ
二年生,ニネンセイ
ウインク気味,ウインクギミ
釈迦偉人,シャカイジン
お前みたい,オマエミタイ
コラーゲン玉,コラーゲンダマ
お茶以外,オチャイガイ
カルピス原液,カルピスゲンエキ
水道水ガブ,スイドウスイガブ
ブラックジャック以外,ブラックジャックイガイ
以外全員,イガイゼンイン
全校朝会,ゼンコウチョウカイ
いいねいいね,イイネイイネ
名曲にんげんっていいな,メイキョクニンゲンッテイイナ
にんげんっていいなに学ぶ,ニンゲンッテイイナニマナブ
に学ぶ勝利,ニマナブショウリ
勝利学,ショウリガク
一章,イチショウ
バブル破裂,バブルハレツ
バブル消滅,バブルショウメツ
雑に後,ゾウニゴ
後付け,ゴツケ
高い所,コウイショ
中学生男子,チュウガクセイダンシ
パンダ交尾,パンダコウビ
画像検索,ガゾウケンサク
ミニ天丼,ミニテンドン
天丼セット,テンドンセット
マトリョーシカみたい,マトリョーシカミタイ
Perfumeみたい,パフュームミタイ
ひとつひとり,ヒトツヒトリ
ふたつ不本意,フタツフホンイ
以降数え歌,イコウカゾエウタ
いつかお前,イツカオマエ
二人,ニニン
人一,ニンイチ
一組,イチクミ
階数ボタン,カイスウボタン
さっちゃんパ,サッチャンパ
義父さん,ギフサン
筋合いパない,スジアイパナイ
何県,ナンケン
全部雨上がり,ゼンブアメアガリ
ことコネ,コトコネ
コネコネ,コネコネ
コンビニ店員,コンビニテンチョウイン
運転手,ウンテンシュ
後ろ受身,ウシロウケミ
自分計量,ジブンケイリョウ
全員本州,ゼンインホンシュウ
家具家電,カグカデン
アイスまとめ買い,アイスマトメガイ
三個,サンコ
個目,コメ
エンジョイサマー,エンジョイサマー
ルームシェア相手,ルームシェアアイテ
一発,イチハツ
発芸,ハツゲイ
ソープランド北海道,ソープランドホッカイドウ
名前つけ,ナマエツケ
コノ３,コノサン
全部同時,ゼンブドウジ
見エナイ,ミエナイ
ナイ状態,ナイジョウタイ
ヤリマス,ヤリマス
ダークパワー,ダークパワー
パワー感,パワーカン
米達,ベイタチ
数日,スウニチ
日後,ニチゴ
奴め,ヤッコメ
目つきヤバい,メツキヤバイ
NO枕,ノーマクラ
ルール追加,ルールツイカ
二日間,ニニチカン
指２,ユビニ
２本,ニホン
山手線,ヤマテセン
耐震グッズ,タイシングッズ
砂肝,スナキモ
ことアリエッティ,コトアリエッティ
ペディグリーチャム,ペディグリーチャム
グロシーン,グロシーン
抜き足差し足忍び足暇,ヌキアシサシアシシノビアシヒマ
逆立ち安定,サカダチアンテイ
高い所,コウイショ
お金たくさん,オカネタクサン
洗濯物,センタクブツ
ミッキーマウスクラブマーチ,ミッキーマウスクラブマーチ
子供達,コドモタチ
ミッキマウス,ミッキマウス
アイドル視,アイドルシ
シルバニアファミリー２,シルバニアファミリーニ
２匹,ニヒキ
匹分,ヒキブン
熱さま,ネツサマ
さまシート,サマシート
シート熱,シートネツ
バタ子,バタコ
子さん,コサン
ワタシ,ワタシ
ノーライフ,ノーライフ
ニューシングル,ニューシングル
いまそ,イマソ
電脳ハック,デンノウハック
正直こいつ,ショウジキコイツ
こいつ何,コイツナニ
週替わり,シュウガワリ
替わりメニュー,ガワリメニュー
ほか見た目,ホカミタメ
メモリアル定規,メモリアルジョウギ
動物園動物園,ドウブツエンドウブツエン
動物園海,ドウブツエンカイ
脳内ZOO,ノウナイズー
家族たち,カゾクタチ
程しあわせ,ホドシアワセ
寿司大好き,スシダイスキ
ルームシェア相手,ルームシェアアイテ
語感的,ゴカンテキ
自動スイッチ,ジドウスイッチ
スイッチ設定,スイッチセッテイ
二度見and,フタミアンド
and高速,アンドコウソク
高速まばたき,コウソクマバタキ
みんな全裸,ミンナゼンラ
林雄司,ハヤシユウジ
一緒にご飯,イッショニゴハン
そっそれ,ソッソレ
やけ買い,ヤケカイ
二匹,ニヒキ
消しゴム借りて,ケシゴムカリテ
的見方,テキミカタ
僕以外,ボクイガイ
以外みんな,イガイミンナ
私の頭の中の消しゴムたち,ワタシノアタマノナカノケシゴムタチ
出てこいや,ダシテコイヤ
一番上,イチバンジョウ
駅近く,エキチカク
三人,サンニン
三人,サンニン
ルームシェア相手,ルームシェアアイテ
テキトー,テキトー
殺人鬼みたい,サツジンキミタイ
オール強,オールキョウ
映画ミュウツー,エイガミュウツー
％醤油,パーセントショウユ
％酒,パーセントシュ
％みりん,パーセントミリン
ヤク中,ヤクチュウ
中みたい,チュウミタイ
雑巾みたい,ゾウキンミタイ
意味深げ,イミシンゲ
なになに,ナニナニ
アシタカ状態,アシタカジョウタイ
踏切前,フミキリマエ
大体怠惰,ダイタイタイダ
救急車,キュウキュウシャ
頭イカれた,アタマイカレタ
イカれたん,イカレタン
イカれたふり,イカレタフリ
サムライじゃなくて,サムライジャナクテ
台所で水,ダイドコロデミズ
ことピュピュ,コトピュピュ
名前コピー用紙,ナマエコピーヨウシ
何枚,ナンマイ
ネオヤリチン,ネオヤリチン
音響文化,オンキョウブンカ
生徒達,セイトタチ
それ骨,ソレホネ
唇テカテカ,クチビルテカテカ
本格的,ホンカクテキ
抽象的,チュウショウテキ
こここ,コココ
高校生時代,コウコウセイジダイ
今一,イマイチ
一人,イチニン
参考資料,サンコウシリョウ
人が好き,ジンガスキ
エキサイト翻訳,エキサイトホンヤク
慣用句辞典,カンヨウクジテン
ロボ感,ロボカン
三度目の正直そう,サンドメノショウジキソウ
仏の顔,ホトケノガオ
劇場ヴァン,ゲキジョウヴァン
可能性等,カノウセイトウ
オリジナルアイコン,オリジナルアイコン
わたくしエラー,ワタクシエラー
正体これ,ショウタイコレ
ワカワカ,ワカワカ
ワカ部分,ワカブブン
スクラッチ風,スクラッチフウ
ルームシェア相手,ルームシェアアイテ
じゃなくてiPod touch,ジャナクテアイポッドタッチ
いとこみたい,イトコミタイ
プーさんみたい,プーサンミタイ
閉経B4,ヘイケイビーフォー
アイコン決定,アイコンケッテイ
投票数一,トウヒョウスウイチ
一位,イチイ
犯罪さん,ハンザイサン
主さん,アルジサン
三位,サンイ
四位,ヨンイ
五位,ゴイ
一日,イチニチ
スーパーエゴサーチ,スーパーエゴサーチ
エゴサーチとふ,エゴサーチトフ
二年,ニネン
榎本俊二さん,エノモトシュンジサン
漫画家さん,マンガカサン
ゴールデンラッキー,ゴールデンラッキー
ラッキー上巻,ラッキージョウカン
榎本さん,エノモトサン
何年,ナンネン
年ぶり,ネンブリ
玄関ピンポン,ゲンカンピンポン
マジ死ぬかと思った,マジシヌカトオモッタ
メガネどこ,メガネドコ
マンガかく,マンガカク
小学生男子,ショウガクセイダンシ
おばあさんは川,オバアサンハカワ
おじいちゃんブブゼラ,オジイチャンブブゼラ
森君,モリクン
人が胸焼け,ジンガムネヤケ
ラブアンド,ラブアンド
アンド<censored>,アンドセンサード
インターネットブラウザ,インターネットブラウザ
意味不明,イミフメイ
伊藤君,イトウクン
相手力士,アイテリキシ
精神的,セイシンテキ
的相撲,テキスモウ
回目,カイメ
女子更衣室,ジョシコウイシツ
白子みたい,シラコミタイ
賞味期限一,ショウミキゲンイチ
一ヶ月,イチカゲツ
ヶ月前,カゲツマエ
レイディオ風,レイディオフウ
ぶどうジュース,ブドウジュース
プリクラ機,プリクラキ
デカ目,デカメ
目機能,メキノウ
小四,ショウヨン
木下君,キノシタクン
んじゃなくて,ンジャナクテ
じゃなくて僕,ジャナクテボク
高い声,コウイゴエ
説教中,セッキョウチュウ
声がよく,コエガヨク
がよく反響,ガヨクハンキョウ
シャッフル再生,シャッフルサイセイ
再生一,サイセイイチ
一曲,イチキョク
曲目,キョクメ
シャッフル再生,シャッフルサイセイ
行動パターン,コウドウパターン
おばあちゃんビシバシチャンプ,オバアチャンビシバシチャンプ
半角ひらがな,ハンカクヒラガナ
髪の毛全部,カミノケゼンブ
シャワー中,シャワーチュウ
風呂場,フロジョウ
め物思い,メモノオモイ
マジシャンコンビ,マジシャンコンビ
地方営業,チホウエイギョウ
神保町,ジンボウマチ
一年前,イチネンマエ
驚異的,キョウイテキ
ネーミングセンス,ネーミングセンス
一見どこ,イッケンドコ
ユパ様,ユパサマ
俺ユパ,オレユパ
ユパ様,ユパサマ
様みたい,サマミタイ
冬来い,フユライイ
俺たち,オレタチ
みたいだし,ミタイダシ
だし次,ダシジ
布ガムテープ,ヌノガムテープ
人が嫌い,ジンガギライ
全部ひらがな,ゼンブヒラガナ
１本,イチホン
２本,ニホン
３本,サンホン
3D円グラフ,スリーディーエングラフ
三人,サンニン
帝王ニキビ,テイオウニキビ
検索結果,ケンサクケッカ
三度,サンド
六度,ロクド
度眼,ドメ
ウーロン茶瑛太,ウーロンチャエイタ
〇〇,レイレイ
〇離れ,レイバナレ
離れ記事,バナレキジ
記事離れ,キジバナレ
takeit,タケイット
itso,イットソウ
soso,ソウソウ
イントロ部分,イントロブブン
授業最初,ジュギョウサイショ
Timeis,タイムイズ
糞野郎,クソヤロウ
2010年サブアカ,ニセンジュウネンサブアカ
サブアカ一揆,サブアカイッキ
三度,サンド
電源消し,デンゲンケシ
全部生命線,ゼンブセイメイセン
８倍,ハチバイ
靴脱い,クツダツイ
５本,ゴホン
本指,ホンユビ
指靴下,ユビクツシタ
虚無感,キョムカン
定期post,テイキポスト
掃除しな,ソウジシナ
焼きそば一平ちゃん,ヤキソバイッペイチャン
一平君,イッペイクン
一平君,イッペイクン
僕以外,ボクイガイ
根こそぎ誘拐,ネコソギユウカイ
男友達,オトコトモダチ
鬼ごっこスタート,オニゴッコスタート
警察登場,ケイサツトウジョウ
月曜一,ゲツヨウイチ
一限,イチゲン
子守唄,コモリウタ
こげ茶色,コゲチャショク
布団カバー,フトンカバー
ウンコみたい,ウンコミタイ
二回,ニカイ
バックミュージック,バックミュージック
ミュージック無視,ミュージックムシ
飯食,メシショク
盗撮野郎,トウサツヤロウ
て直視,テナオシシ
何問,ナンモン
問目,モンメ
二人,ニニン
人一,ニンイチ
一組,イチクミ
ワル君,ワルクン
子ちゃん,コチャン
男子所持,ダンシショジ
ヤングドーナツ,ヤングドーナツ
それ以外,ソレイガイ
幾何学概論,キカガクガイロン
メチャクチャ孫悟空,メチャクチャソンゴクウ
タイル張り,タイルバリ
一回,イチカイ
ルームシェア相手,ルームシェアアイテ
毎日バナナ,マイニチバナナ
残念キャラ,ザンネンキャラ
一日,イチニチ
日中,ニチチュウ
排水口,ハイスイグチ
人が僕,ジンガボク
手で口,テデグチ
残酷シーン,ザンコクシーン
鼻血まみれ,ハナヂマミレ
番組中,バングミチュウ
飲酒運転,インシュウンテン
かんたん洗浄,カンタンセンジョウ
洗浄丸,センジョウマル
殺菌率,サッキンリツ
洗浄丸,センジョウマル
殺菌力,サッキンリョク
殺菌力,サッキンリョク
一生懸命相槌,イッショウケンメイアイヅチ
あんあん,アンアン
卑屈さ,ヒクツサ
沖縄地方,オキナワチホウ
二色,ニショク
ミストサウナ,ミストサウナ
グロ中尉,グロチュウイ
エロ中尉,エロチュウイ
グロ中尉,グロチュウイ
るしエロ,ルシエロ
エロ中尉,エロチュウイ
数分,スウフン
まさそ,マサソ
産婦人科医,サンフジンカイ
曽根崎さん,ソネザキサン
きっとガスコンロ,キットガスコンロ
あゆファン,アユファン
エラーくん,エラークン
挨拶程度,アイサツテイド
カップラーメン側,カップラーメンガワ
鷹はログイン,タカハログイン
ログイン状態,ログインジョウタイ
多目的おじさん,タモクテキオジサン
猫好き,ネコスキ
アイダホスペシャル,アイダホスペシャル
一年前,イチネンマエ
日焼け止めクリーム,ヒヤケドメクリーム
日焼けドリーム,ヒヤケドリーム
私たち文字通り,ワタシタチモジドオリ
文字通り痙攣,モジドオリケイレン
エラー君,エラークン
iosono,イオソノ
アメリカでは,アメリカデハ
翻訳RT,ホンヤクアールティー
売り切れご免,ウリキレゴメン
漢字一,カンジイチ
一文字,イチモジ
オビタダ,オビタダ
のかー,ノカー
２つ顔出,フタツカオダシ
低反発枕木,テイハンパツマクラギ
いくつになっても反抗期,イクツニナッテモハンコウキ
安心感,アンシンカン
不安感,フアンカン
オシャレ居酒屋,オシャレイザカヤ
夫人,オットジン
クリーニング屋,クリーニングヤ
屋店長,ヤテンチョウ
わるいご,ワルイゴ
あと遺影,アトイエイ
やれ馬鹿野郎,ヤレバカヤロウ
目くじら立て,メクジラダテ
GW配合,ガンダムウイングハイゴウ
若さエキス,ワカサエキス
三角関係状態,サンカクカンケイジョウタイ
A子さん,エイコサン
B子さん,ビーコサン
黒ゴマ,クロゴマ
あなたポリゴン,アナタポリゴン
やあトム,ヤアトム
高い色,コウイショク
言葉自体である,コトバジタイデアル
掛け算マジ,カケザンマジ
マジ簡単,マジカンタン
三倍,サンバイ
妙法蓮,ミョウホウレン
今日何,キョウナン
何曜日,ナンヨウビ
遅刻遅刻,チコクチコク
みんな目,ミンナメ
ヨエロ,ヨエロ
エロ寸,エロスン
ヨエロ,ヨエロ
エロ寸,エロスン
大体友達,ダイタイトモダチ
願わくば御名,ネガワクバギョメイ
なんなん,ナンナン
発声練習,ハッセイレンシュウ
回×3,カイトリプル
×3セット,トリプルセット
これ後半,コレコウハン
太陽みたい,タイヨウミタイ
お前ら,オマエラ
らミックスベジタブル,ラミックスベジタブル
おい緑,オイミドリ
一度,イチド
ログイン状態,ログインジョウタイ
一つ歳,ヒトツトシ
旅行先,リョコウサキ
お葬式ミュージック,オソウシキミュージック
ミュージックカマン,ミュージックカマン
重要性,ジュウヨウセイ
自転車乗り,ジテンシャノリ
めて下,メテカ
三分,サンフン
悪い天気,アクイテンキ
ハンコお願い,ハンコオネガイ
普通に大丈夫,フツウニダイジョウブ
ユルいかん,ユルイカン
おじいさん教授,オジイサンキョウジュ
話してたん,ハナシテタン
草食人間,ソウショクニンゲン
意味不明アピール,イミフメイアピール
Underworldみたい,アンダーワールドミタイ
虫達,ムシタチ
饅頭サイズ,マンジュウサイズ
モンスター想像,モンスターソウゾウ
そりゃあ野菜生活,ソリャアヤサイセイカツ
野菜生活生活,ヤサイセイカツセイカツ
BEGIN解散,ビギンカイサン
二人,ニニン
悪い人,アクイジン
何すべて,ナニスベテ
あなた人間,アナタニンゲン
ブタたち,ブタタチ
ナイス肺活量,ナイスハイカツリョウ
ハチ公前,ハチコウマエ
定期post,テイキポスト
ゴキブリ出て,ゴキブリダシテ
カレールー,カレールー
野菜たち,ヤサイタチ
尾はヘビ,オハヘビ
ビヨンセみたい,ビヨンセミタイ
そそくそ,ソソクソ
内心反吐,ナイシンヘド
そそくそ,ソソクソ
エラーくん,エラークン
下品編,ゲヒンヘン
掃除機ソーソー,ソウジキソーソー
作業中断,サギョウチュウダン
読書中,ドクショチュウ
中トイレ,チュウトイレ
リステリンひとつ,リステリンヒトツ
お湯割り,オユワリ
全く関係,ゼンクカンケイ
傍聴人,ボウチョウジン
理数系,リスウケイ
ルームシェア相手,ルームシェアアイテ
競馬場行,ケイバジョウユキ
二倍,ニバイ
骨全部,ホネゼンブ
おしゃれデブ,オシャレデブ
肉踊り,ニクオドリ
踊り皮,オドリガワ
皮笑い,ガワワライ
笑い骨,ワライボネ
ブレーキランプ,ブレーキランプ
ランプ５,ランプゴ
５回,ゴカイ
回点滅,カイテンメツ
それ以外,ソレイガイ
通話終了,ツウワシュウリョウ
終了ボタン,シュウリョウボタン
loveyou,ラブユウ
ルームシェア相手,ルームシェアアイテ
油じゃなくて,アブラジャナクテ
お気に入りクッション,オキニイリクッション
白化粧,シロケショウ
偏見でもの,ヘンケンデモノ
全員マザコン,ゼンインマザコン
ビニール袋,ビニールブクロ
なにこれ,ナニコレ
東京ドーム１,トウキョウドームイチ
１個,イチコ
個分,コブン
五文字,ゴモジ
一日,イチニチ
鷹は爪,タカハツメ
ルームシェア相手,ルームシェアアイテ
ポーカー昔,ポーカームカシ
乾性接着剤,カンセイセッチャクザイ
漢字六,カンジロク
六文字,ロクモジ
もし速,モシソク
速乾性,ソクカンセイ
乾性接着剤,カンセイセッチャクザイ
めちゃくちゃ緊張,メチャクチャキンチョウ
ローマ字入力派,ローマジニュウリョクハ
かな入力派,カナニュウリョクハ
ノーライフ,ノーライフ
芝刈り,シバガリ
本や絵,ホンヤエ
ようやく気,ヨウヤクキ
フルパワー,フルパワー
フルパワー,フルパワー
モーニングメール,モーニングメール
頭イカ,アタマイカ
イカレ,イカレ
スピード通り,スピードドオリ
七味唐,シチミトウ
めちゃくちゃ味,メチャクチャミ
秒以内,ビョウイナイ
以内前,イナイマエ
秒前後,ビョウゼンゴ
前後前,ゼンゴマエ
表記いつ,ヒョウキイツ
全員文系,ゼンインブンケイ
ダメージジーンズ,ダメージジーンズ
見た目的,ミタメテキ
好きだ、ベルト,スキダベルト
子持ちシシャモ,コモチシシャモ
きまぐれシェフ,キマグレシェフ
やさぐれウェイトレス,ヤサグレウェイトレス
血まみれ店長,チマミレテンチョウ
これ歌詞,コレカシ
セクシーボイス,セクシーボイス
つくれぽ100人,ツクレポヒャクニン
postしよう,ポストシヨウ
定期的,テイキテキ
血液型トーク,ケツエキガタトーク
本人登場,ホンニントウジョウ
時私,トキワタシ
あなたたま,アナタタマ
死体処理,シタイショリ
処理班,ショリハン
人が自殺,ジンガジサツ
布ガムテープ,ヌノガムテープ
どんだけゆとり,ドンダケユトリ
どしゃぶり,ドシャブリ
社員割引,シャインワリビキ
特別欠席,トクベツケッセキ
ルームシェア相手,ルームシェアアイテ
上野樹里さん,ウエノジュリサン
対照的,タイショウテキ
下野提出,ゲヤテイシュツ
提出さん,テイシュツサン
バイト先,バイトサキ
者パジャマ,モノパジャマ
今日バイト,キョウバイト
全員B型,ゼンインビーガタ
僕以外,ボクイガイ
以外全員,イガイゼンイン
全員ゴリラ,ゼンインゴリラ
バイト先,バイトサキ
僕以外,ボクイガイ
以外全員,イガイゼンイン
全員Wi-Fi,ゼンインワィファイ
公式HP,コウシキエイチピー
キャッチフレーズ考案,キャッチフレーズコウアン
考案者,コウアンシャ
星野数子,ホシノカズコ
星野数子,ホシノカズコ
右肩下がり,ミギカタサガリ
人が右肩上がり,ジンガミギカタアガリ
12号館,ジュウニゴウカン
館下,カンカ
レミオロメンボーカル,レミオロメンボーカル
カップスープ,カップスープ
粉雪風,コユキフウ
アイボン使用,アイボンシヨウ
使用後,シヨウゴ
後みたい,ゴミタイ
ポケットモンスター骨太,ポケットモンスターホネブト
特別欠席,トクベツケッセキ
避妊具,ヒニング
回復魔法,カイフクマホウ
魔法みたい,マホウミタイ
白魔導師,ハクマドウシ
避妊なんだろう,ヒニンナンダロウ
僕ファッション,ボクファッション
ホビット族,ホビットゾク
人いるよ,ヒトイルヨ
過多幅,カタハバ
コンプレックス城,コンプレックスジョウ
眼玉,メダマ
父さん母さん,トウサンカアサン
我々人類,ワレワレジンルイ
身体能力,シンタイノウリョク
小袋背面,コブクロハイメン
色じゃなくて,イロジャナクテ
じゃなくて青,ジャナクテアオ
もんじゃなくて,モンジャナクテ
じゃなくて春,ジャナクテハル
キムタクみたい,キムタクミタイ
時毎回,トキマイカイ
先祖代,センゾダイ
非公式ファンサイト,ヒコウシキファンサイト
非公式ファンサイト,ヒコウシキファンサイト
ファンサイトどっち,ファンサイトドッチ
えなりかずき公式,エナリカズキコウシキ
非公式ファンサイト,ヒコウシキファンサイト
ファンサイト並,ファンサイトナミ
鹿が土,シカガド
瞬間形象,シュンカンケイショウ
形象文字,ケイショウモジ
ところ想像,トコロソウゾウ
web上,ウェブジョウ
懐古ポスト,カイコポスト
黒歴史入り,クロレキシイリ
RT女房,アールティーニョウボウ
料理家,リョウリカ
人みたい,ヒトミタイ
四限,ヨンゲン
何時,ナンジ
こっちおいで,コッチオイデ
こっちおいで,コッチオイデ
人がたま,ジンガタマ
耳以外,ミミイガイ
二種,ニシュ
箱ティッシュ,ハコティッシュ
何枚,ナンマイ
一部分チラ見,イチブブンチラミ
あとひざ,アトヒザ
ひざまくら,ヒザマクラ
近隣住民,キンリンジュウミン
学生たち,ガクセイタチ
朝鮮大学校,チョウセンダイガッコウ
アカウント名,アカウントメイ
一緒に約束,イッショニヤクソク
りな顔,リナガオ
生後三,セイゴサン
三ヶ月,サンカゲツ
爺ちゃん,ジイチャン
平均20歳,ヘイキンニジュッサイ
魔法のじゅうたんみたい,マホウノジュウタンミタイ
ディズニーっ子,ディズニーッコ
ミュージカル映像,ミュージカルエイゾウ
段々声,ダンダンゴエ
身振り手振り,ミブリテブリ
コマおき,コマオキ
打ち合わせ無し,ウチアワセナシ
二人,ニニン
絶対フォロー,ゼッタイフォロー
携帯ストラップ,ケイタイストラップ
一匹,イチヒキ
高校時代,コウコウジダイ
変顔写メ,ヘンガオシャメ
写メ選手権,シャメセンシュケン
画像発見,ガゾウハッケン
これ僕,コレボク
優勝作品,ユウショウサクヒン
君さっき,クンサッキ
美大生,ビダイセイ
生全員,セイゼンイン
明日親戚,アシタシンセキ
三人,サンニン
人消滅,ニンショウメツ
初期設定,ショキセッテイ
大体友達,ダイタイトモダチ
地黒,チクロ
オードリー若林,オードリーワカバヤシ
回転寿司屋,カイテンズシヤ
寿司達,スシタチ
人間達,ニンゲンタチ
ひらがなカタカナ,ヒラガナカタカナ
カタカナ漢字,カタカナカンジ
漢字身,カンジミ
頭柔らか,アタマヤワラカ
魚様,サカナサマ
だめファン,ダメファン
なにこれ,ナニコレ
完全濁音,カンゼンダクオン
濁音文,ダクオンブン
一緒にエレベーター,イッショニエレベーター
それっきり,ソレッキリ
っきり対消滅,ッキリツイショウメツ
葉山ルナ,ハヤマルナ
田尾子,タオコ
ドンドン,ドンドン
会いたかった会いたかった,アイタカッタアイタカッタ
会いたかった会いたかった,アイタカッタアイタカッタ
会いたかったイエス,アイタカッタイエス
宗教上,シュウキョウジョウ
一回,イチカイ
色分析,イロブンセキ
空色ペン,ソライロペン
電話代,デンワダイ
差別大量,サベツタイリョウ
大量フォロー,タイリョウフォロー
差別大量,サベツタイリョウ
大量フォロー,タイリョウフォロー
人混み感,ヒトゴミカン
差別大量,サベツタイリョウ
差別大量,サベツタイリョウ
ピアノ楽曲,ピアノガッキョク
楽曲たち,ガッキョクタチ
天才ピアノ,テンサイピアノ
ピアノ少年,ピアノショウネン
ちな夜,チナヨル
車庫前,シャコマエ
玄関前,ゲンカンマエ
二重,ニジュウ
重扉,ジュウトビラ
さ対策,サタイサク
雪鍋,ユキナベ
ンプレックス,ンプレックス
ダイレクトメッセージ,ダイレクトメッセージ
定評のあるエラー,テイヒョウノアルエラー
電飾,デンカザリ
挙げ句フリップボード,アゲクフリップボード
TV番組タイトル,テレビバングミタイトル
の何,ノナニ
全員集合,ゼンインシュウゴウ
集合症候群,シュウゴウショウコウグン
三文字,サンモジ
リスマス,リスマス
クリスマス前,クリスマスマエ
何回,ナンカイ
選曲ビートルズ,センキョクビートルズ
ビートルズスーパー,ビートルズスーパー
スーパー鼻歌,スーパーハナウタ
鼻歌メドレー,ハナウタメドレー
瞬間鼻血,シュンカンハナヂ
中止中止,チュウシチュウシ
チャンタチャン,チャンタチャン
ドラッグストア店内,ドラッグストアテンナイ
大量鮭,タイリョウサケ
一時間,イチジカン
時間後,ジカンゴ
北海道行き,ホッカイドウイキ
スーツ一,スーツイチ
一枚,イチマイ
自然落下,シゼンラッカ
奇跡的,キセキテキ
飛び込み舌,トビコミシタ
一度,イチド
何十,ナンジュウ
十人,ジュウニン
一度,イチド
何十,ナンジュウ
十人,ジュウニン
下校中,ゲコウチュウ
六億,ロクオク
億円,オクエン
まま居間,ママイマ
トランプ兵,トランプヘイ
方研究,カタケンキュウ
二時間,ニジカン
アスカ派,アスカハ
レッドアスカ,レッドアスカ
マトペ,マトペ
ペさん,ペサン
ふぁぼったー終了,ファボッターシュウリョウ
twitterer,ツイッターイーアール
フィンランド在住,フィンランドザイジュウ
フィンランド行き,フィンランドイキ
ホルモンバランス,ホルモンバランス
そそくそ,ソソクソ
そそくさ,ソソクサ
なすさん,ナスサン
なすさん,ナスサン
DASH村直下型地震,ダッシュムラチョッカガタジシン
二匹,ニヒキ
そこ捕獲,ソコホカク
格ゲー恋愛,カクゲーレンアイ
音ゲー洋ゲー,オトゲーヨウゲー
洋ゲー作業,ヨウゲーサギョウ
自分次第,ジブンシダイ
一生懸命消化,イッショウケンメイショウカ
音ゲー大好物,オトゲーダイコウブツ
音ゲー好きな人,オトゲースキナヒト
複数人協力,フクスウニンキョウリョク
協力プレイ,キョウリョクプレイ
プレイ可能,プレイカノウ
アーティストCD,アーティストシーディー
楽め,ラクメ
あれ最高,アレサイコウ
ミュージックビデオみたい,ミュージックビデオミタイ
それ以上,ソレイジョウ
部屋ウロウロ,ヘヤウロウロ
ボイラー室,ボイラーシツ
室みたい,シツミタイ
パンツ一,パンツイチ
一丁,イチチョウ
アニマル浜口みたい,アニマルハマグチミタイ
笑い方,ワライカタ
文字数ギリギリ,モジスウギリギリ
ギリギリpost,ギリギリポスト
ききさん,キキサン
みなさん帽子,ミナサンボウシ
サンタ気分,サンタキブン
レポート提出,レポートテイシュツ
提出日,テイシュツビ
日いつ,ビイツ
ゆるふわ系,ユルフワケイ
個分,コブン
お葬式みたい,オソウシキミタイ
カタカナ出,カタカナデ
トレーナー戦,トレーナーセン
僕twitter,ボクツイッター
twitter冬眠,ツイッタートウミン
三時,サンジ
一人,イチニン
SAWみたい,エスエーダブリュミタイ
%信用,パーセントシンヨウ
100%信用,ヒャクパーセントシンヨウ
ポニーテール好き,ポニーテールスキ
ジャファー,ジャファー
頭イカ,アタマイカ
兄弟みたい,キョウダイミタイ
絶対妹,ゼッタイイモウト
三回,サンカイ
回目,カイメ
twitter有料,ツイッターユウリョウ
有料アカウント,ユウリョウアカウント
報告書みたい,ホウコクショミタイ
もも内側,モモウチガワ
肩に糸,カタニイト
昨日僕,キノウボク
みんな気持ち,ミンナキモチ
人間観察,ニンゲンカンサツ
きっと当たり前,キットアタリマエ
私時折,ワタシトキオリ
時折うんこ,トキオリウンコ
考察力,コウサツリョク
切れ痔,キレジ
大体友達,ダイタイトモダチ
一人,イチニン
満足感,マンゾクカン
これ三,コレサン
三人前,サンニンマエ
醤油団子,ショウユダンゴ
さっきオバサン,サッキオバサン
リンゴ一,リンゴイチ
一個,イチコ
個分,コブン
2008年4月,ニセンハチネンシガツ
二番目,ニバンメ
森井さん,モリイサン
三番目,サンバンメ
ラブプラスみたい,ラブプラスミタイ
とこ想像,トコソウゾウ
ん朝飯前,ンアサメシマエ
人だれ,ヒトダレ
吽吽,ウンウン
一人,イチニン
タコ焼きパーティー,タコヤキパーティー
ハッシュタグ作りました,ハッシュタグツクリマシタ
今何,イマナニ
恋愛関係,レンアイカンケイ
関係成立,カンケイセイリツ
表現力,ヒョウゲンリョク
バウムクーヘン繊維,バウムクーヘンセンイ
繊維方向,センイホウコウ
韓国人留学生,カンコクジンリュウガクセイ
スイーツバイキング,スイーツバイキング
キャラクター柄,キャラクターガラ
仮病オア,ケビョウオア
オアダイ,オアダイ
二回,ニカイ
回目,カイメ
目の,メノ
牧師ロボ,ボクシロボ
ミュージシャン名,ミュージシャンメイ
名表記,メイヒョウキ
非科学的,ヒカガクテキ
住所氏名,ジュウショシメイ
氏名電話番号,シメイデンワバンゴウ
ユニクロ紺,ユニクロコン
紺パーカ,コンパーカ
ユニクロ紺,ユニクロコン
紺パーカ,コンパーカ
返却日,ヘンキャクビ
いわくつき,イワクツキ
つき物件,ツキブッケン
間メンテナンス,マメンテナンス
筆字,フデジ
将棋駒,ショウギコマ
の久しぶり,ノヒサシブリ
わき毛ショリ,ワキゲショリ
オノマトペ的,オノマトペテキ
的観点,テキカンテン
今僕,イマボク
大学一,ダイガクイチ
一年生,イチネンセイ
テツアンド,テツアンド
アンドなんとか,アンドナントカ
指毛むし,ユビケムシ
指毛,ユビモウ
ワルイージみたい,ワルイージミタイ
おばさんタッグ,オバサンタッグ
二人,ニニン
ニコラスケイジみたい,ニコラスケイジミタイ
赤信号無視,アカシンゴウムシ
はじめたん,ハジメタン
ポトシかー,ポトシカー
かーthx,カーティーエイチエックス
犬みたい,イヌミタイ
もの用,モノヨウ
言葉特集,コトバトクシュウ
落書き漫画,ラクガキマンガ
骨しゃぶり,ホネシャブリ
映画化,エイガカ
なんとか家,ナントカカ
デス声,デスゴエ
一日,イチニチ
じゃなくて北海道,ジャナクテホッカイドウ
キャラクター靴下,キャラクタークツシタ
とこずっとずっと,トコズットズット
ずっとずっと下痢,ズットズットゲリ
下痢以外,ゲリイガイ
以外健康,イガイケンコウ
津田さん,ツダサン
自動デカ,ジドウデカ
デカ眼,デカメ
眼加工,メカコウ
自制方法,ジセイホウホウ
何かしら自制,ナニカシラジセイ
んじゃなくて,ンジャナクテ
じゃなくて方法,ジャナクテホウホウ
たくさん外,タクサンガイ
平均顔,ヘイキンガオ
顔写真,ガオシャシン
写真ステッカー,シャシンステッカー
大体しあわせ,ダイタイシアワセ
インナー外部,インナーガイブ
アウター内部,アウターナイブ
インナー外部,インナーガイブ
アウター内部,アウターナイブ
梅ラボさん,ウメラボサン
展示会場,テンジカイジョウ
底なし沼,ソコナシヌマ
中国語,チュウゴクゴ
神保町,ジンボウマチ
語感的,ゴカンテキ
ボイラーON,ボイラーオン
分おき,フンオキ
公式bot,コウシキボット
運賃代,ウンチンダイ
田舎者,イナカシャ
廃人具合,ハイジングアイ
信号左,シンゴウヒダリ
五本,ゴホン
本指,ホンユビ
指タイプ,ユビタイプ
タイプの,タイプノ
カラクリ人形,カラクリニンギョウ
人形みたい,ニンギョウミタイ
ガムみたい,ガムミタイ
ギャラガみたい,ギャラガミタイ
ミニチャーシュー,ミニチャーシュー
精神的,セイシンテキ
ジャックニコルソン顔,ジャックニコルソンガオ
一寸先,イッスンサキ
雑巾みたい,ゾウキンミタイ
完全濁音,カンゼンダクオン
濁音語,ダクオンゴ
らくひ,ラクヒ
くひいふ,クヒイフ
時間以上,ジカンイジョウ
味噌味,ミソミ
僕深夜,ボクシンヤ
人が好き,ジンガスキ
人がそこ,ジンガソコ
誰か人,ダレカジン
それ以降,ソレイコウ
以降沈黙,イコウチンモク
沈黙バージョン,チンモクバージョン
語感的,ゴカンテキ
健康維持,ケンコウイジ
一生懸命タイカレー,イッショウケンメイタイカレー
ゾイドみたい,ゾイドミタイ
元彼女さん,モトカノサン
人が言い訳,ジンガイイワケ
黒力士,クロリキシ
区切り所,クギリショ
激安,ゲキヤス
安電動,ヤスデンドウ
電動式,デンドウシキ
人いるよ,ヒトイルヨ
これあれ,コレアレ
お父さんお母さん,オトウサンオカアサン
ちゃん付け,チャンヅケ
おまえさん,オマエサン
あぶらとり紙みたい,アブラトリガミミタイ
韓国語読みで,カンコクゴヨミデ
カンリュウ,カンリュウ
日本語読み,ニホンゴヨミ
アキレス君,アキレスクン
一万,イチマン
万円,マンエン
円マウンテンバイク,エンマウンテンバイク
五時間,ゴジカン
erro,イーアールアールオー
ror40,アールオーアールヨンジュウ
メタルバンド,メタルバンド
二人,ニニン
１人,イチニン
人暗闇,ニンクラヤミ
鼓動三,コドウサン
三三,サンサン
三七,サンナナ
七拍子,ナナヒョウシ
平沢さん,ヒラサワサン
一緒に散歩,イッショニサンポ
ミュータントタートルズみたい,ミュータントタートルズミタイ
手作り肉まん,テヅクリニクマン
すそわけ,スソワケ
たくさん努力,タクサンドリョク
大事みたい,ダイジミタイ
ジェンガ終盤,ジェンガシュウバン
終盤状態,シュウバンジョウタイ
万円,マンエン
万円,マンエン
音楽ノリノリ,オンガクノリノリ
インド舞踊,インドブヨウ
舞踊みたい,ブヨウミタイ
無い場合,ムイバアイ
側面焼き,ソクメンヤキ
カップスープ,カップスープ
アンドロイド美大,アンドロイドビダイ
美大生,ビダイセイ
ゴルゴンゾーラチーズ,ゴルゴンゾーラチーズ
指毛,ユビケ
所全て,トコロスベテ
完全濁点,カンゼンダクテン
濁点語,ダクテンゴ
完全濁点,カンゼンダクテン
濁点語,ダクテンゴ
たこ焼きレントゲン,タコヤキレントゲン
サンシャイン樹海,サンシャインジュカイ
ひとりケチャ,ヒトリケチャ
間接的,カンセツテキ
アクアク,アクアク
アクみたい,アクミタイ
個タブ,コタブ
エラーくん,エラークン
タコ物語,タコモノガタリ
物語みたい,モノガタリミタイ
なにこいつ,ナニコイツ
人がtwitter,ジンガツイッター
何人,ナンニン
普通な人間,フツウナニンゲン
焼肉安楽亭,ヤキニクアンラクテイ
金魚反対,キンギョハンタイ
抽象的,チュウショウテキ
RT2008年,アールティーニセンハチネン
2008年11月4日,ニセンハチネンジュウイチガツヨッカ
森久美子さん,モリクミコサン
一年前,イチネンマエ
風呂上がり,フロアガリ
店好き,ミセスキ
ポリポリ,ポリポリ
人が好きなんだけど,ジンガスキナンダケド
みんな服,ミンナフク
アメリらしくない,アメリラシクナイ
らしくないクシャミ,ラシクナイクシャミ
対対,タイタイ
平沢進風,ヒラサワススムフウ
ロード時間,ロードジカン
スーパー鈴,スーパースズ
鈴カステラ,スズカステラ
カステラタイム,カステラタイム
皮肉たっぷり,ヒニクタップリ
ミラーハウス,ミラーハウス
ハウス大好き,ハウスダイスキ
これ僕,コレボク
それドロップ,ソレドロップ
もも新宿,モモシンジュク
しこまんさん,シコマンサン
芝刈り,シバガリ
大学生は川,ダイガクセイハカワ
マジックカット式,マジックカットシキ
百歩,ヒャクホ
人がエージェントスミス,ジンガエージェントスミス
センスいいね,センスイイネ
おいでよどうぶつの森久美子,オイデヨドウブツノモリクミコ
茂木さん,モギサン
僕明日,ボクアシタ
明日死んでもいい,アシタシンデモイイ
シンイチ,シンイチ
紙状,カミジョウ
ゴッドブレス,ゴッドブレス
映画化,エイガカ
トレーラー映像,トレーラーエイゾウ
グロTシャツ,グロティーシャツ
精肉店,セイニクテン
テニス興味,テニスキョウミ
美大無双,ビダイムソウ
室伏選手,ムロフシセンシュ
融点どっち,ユウテンドッチ
雑誌BRUTUS,ザッシブルータス
BRUTUS最新,ブルータスサイシン
最新号,サイシンゴウ
YouTube茂木健一郎,ユーチューブモギケンイチロウ
恋愛脳科学,レンアイノウカガク
ソーリーアイアイアイ,ソーリーアイアイアイ
だるまーさ,ダルマーサ
ゲームスタート,ゲームスタート
首に装着,クビニソウチャク
斜め下,ナナメカ
三度,サンド
四度,ヨンド
君今,キミイマ
取扱説明書,トリアツカイセツメイショ
減税減税,ゲンゼイゲンゼイ
減税補助金,ゲンゼイホジョキン
補助金補助金,ホジョキンホジョキン
スパイダーマンみたい,スパイダーマンミタイ
前新宿,マエシンジュク
チョコレートハウス,チョコレートハウス
洗濯物干,センタクモノホシ
ヤバいヤバい,ヤバイヤバイ
何盛り,ナニザカリ
江原さん,エバラサン
美輪さん,ミワサン
外人さん,ガイジンサン
人差し,ヒトサシ
親指スタート,オヤユビスタート
スタート文化,スタートブンカ
カレンダー日曜日,カレンダーニチヨウビ
日曜日スタート,ニチヨウビスタート
スタート文化,スタートブンカ
スケッチブック必死,スケッチブックヒッシ
一度,イチド
レジ横,レジヨコ
無印良品社長,ムジルシリョウヒンシャチョウ
ショートケーキ一,ショートケーキイチ
一個,イチコ
個分,コブン
カロリー消費,カロリーショウヒ
の好きだ。,ノスキダ
好きだ。脚,スキダアシ
脚てきとう,アシテキトウ
オレみたい,オレミタイ
人が何,ジンガナン
何人,ナンニン
洗濯物,センタクブツ
円陣組,エンジングミ
組ん,グミン
サンシャイン牧場アプリ,サンシャインボクジョウアプリ
男女混合,ダンジョコンゴウ
混合編成,コンゴウヘンセイ
編成中高生,ヘンセイチュウコウセイ
中高生軍,チュウコウセイグン
軍青春,グンセイシュン
青春下校,セイシュンゲコウ
陣突破,ジントッパ
Webスペース,Webスペース
きっと魔界,キットマカイ
一億,イチオク
二千,ニセン
千名,センメイ
自由参加,ジユウサンカ
ゆきんこさん,ユキンコサン
ゆきんこさん,ユキンコサン
さんゆきんこ,サンユキンコ
ゆきんこさん,ユキンコサン
パンツ一,パンツイチ
一丁,イチチョウ
牛乳ガブ,ギュウニュウガブ
薄切りハム,ウスギリハム
弟さん,オトウトサン
そっか姉,ソッカアネ
社会担当,シャカイタントウ
ガングロ40代,ガングロヨンジュウダイ
40代後半,ヨンジュウダイコウハン
後半教師,コウハンキョウシ
日清サラダ油,ニッシンサラダユ
g当たり,グラムアタリ
おじいさんおばあさん,オジイサンオバアサン
室伏選手,ムロフシセンシュ
モテる気,モテルキ
わたしハエ,ワタシハエ
CR茂木健一郎,シーアールモギケンイチロウ
歌真似,ウタマネ
これ醤油,コレショウユ
醤油つけ,ショウユツケ
ピタゴラ装置なん,ピタゴラソウチナン
牛乳好き,ギュウニュウスキ
個人契約,コジンケイヤク
契約結び,ケイヤクムスビ
毎日三,マイニチサン
三本,サンホン
いびり子,イビリシ
り子豚,リシブタ
子豚,コブタ
オッサン二,オッサンニ
二人,ニニン
CRボブとはたらくブーブーズ,シーアールボブトハタラクブーブーズ
NHK週刊こどもニュース,エヌエイチケイシュウカンコドモニュース
黒毛和牛一年,クロゲワギュウイチネン
一年分,イチネンブン
一日,イチニチ
日分,ニチブン
スーパー消臭,スーパーショウシュウ
手動感,シュドウカン
欲望だらけ,ヨクボウダラケ
今年一,コトシイチ
一番,イチバン
自信作,ジシンサク
11月12月,ジュウイチガツジュウニガツ
億馬券,オクバケン
イケメン落語家,イケメンラクゴカ
最近毎日,サイキンマイニチ
毎日誰,マイニチダレ
耳糞,ミミクソ
早送りみたい,ハヤオクリミタイ
エラー君,エラークン
なんか体,ナンカタイ
始発電車,シハツデンシャ
特別ベース,トクベツベース
ベースライン,ベースライン
iTunesライブラリ,アイチューンズライブラリ
一通り,イチトオリ
毛が前髪,ケガマエガミ
天才てれびくん育ち,テンサイテレビクンソダチ
猫欲,ネコヨク
お湯きって,オユキッテ
中華スープ,チュウカスープ
単位ヤバい,タンイヤバイ
僕たち,ボクタチ
たち私たち,タチワタシタチ
１秒,イチビョウ
秒ハイ,ビョウハイ
ハイ終了,ハイシュウリョウ
コンクリートなめらか,コンクリートナメラカ
裏twitter,ウラツイッター
暖衣眼鏡,ダンイメガネ
眼鏡男子,メガネダンシ
ダニエルクレイグさん,ダニエルクレイグサン
障害者役,ショウガイシャヤク
自慰経験,ジイケイケン
中高生女子,チュウコウセイジョシ
中高生女子,チュウコウセイジョシ
中高男子,ナカダカダンシ
べらぼうに興奮,ベラボウニコウフン
美大生,ビダイセイ
HDボタン,エイチディーボタン
グロ映画,グロエイガ
小学三年生頃,ショウガクサンネンセイゴロ
創造力,ソウゾウリョク
きっと夢の中,キットユメノナカ
ジャンピングベッドイン,ジャンピングベッドイン
そっかじゃあね,ソッカジャアネ
DJ粗品,ディージェイソシナ
意味わからん,イミワカラン
わからんロマンチック,ワカランロマンチック
ロマンチックpost,ロマンチックポスト
カラー芯,カラーシン
受験終了,ジュケンシュウリョウ
終了後,シュウリョウゴ
ペッパー医師,ペッパーイシ
仕事上,シゴトジョウ
娘さん,ムスメサン
ペッパーさん,ペッパーサン
押井守監督,オシイマモルカントク
おい店長,オイテンチョウ
店長さん,テンチョウサン
鏡設置,カガミセッチ
じんくん,ジンクン
野暮用,ヤボヨウ
安定した職,アンテイシタショク
ルパンめ,ルパンメ
心かしらね,シンカシラネ
ホラー風,ホラーフウ
手袋装着,テブクロソウチャク
森ガール久美子,モリガールクミコ
ルービックキューブ完成,ルービックキューブカンセイ
今夜僕,コンヤボク
尻部分,シリブブン
名古屋旅行,ナゴヤリョコウ
旅行中,リョコウチュウ
の失敗,ノシッパイ
ターザンみたい,ターザンミタイ
RT正面,アールティーショウメン
正面図,ショウメンズ
側面図,ソクメンズ
平面図,ヘイメンズ
正面図,ショウメンズ
側面図,ソクメンズ
図口,ズグチ
平面図,ヘイメンズ
図目,ズメ
正面図,ショウメンズ
図凸,ズトツ
側面図,ソクメンズ
図凸,ズトツ
平面図,ヘイメンズ
図回,ズカイ
favorite機能,フェイバリットキノウ
errorくん,エラークン
くんネット,クンネット
老若男女100人,ロウニャクナンニョヒャクニン
一人,イチニン
真ん中あたり,マンナカアタリ
おばあさんは川,オバアサンハカワ
ちぃさん,チィサン
ちぃさん,チィサン
飴玉,アメダマ
名古屋料理,ナゴヤリョウリ
twitterユーザー,ツイッターユーザー
ちぃさん,チィサン
きっと次,キットジ
馬鹿みたい,バカミタイ
ごはん何,ゴハンナニ
ダイニングメッセージ,ダイニングメッセージ
いち道民,イチドウミン
今さっき,イマサッキ
積雪量,セキセツリョウ
パンツハイテク,パンツハイテク
誰かさんログイン,ダレカサンログイン
ログイン状態,ログインジョウタイ
分前,フンマエ
tumblrカス,タンブラーカス
時口,トキクチ
口開か,クチカイカ
人号泣,ヒトゴウキュウ
とたんfollow,トタンフォロー
follow返し,フォローガエシ
めちゃくちゃ馬鹿,メチャクチャバカ
ジューシー丸太,ジューシーマルタ
丸太棒,マルタボウ
Re:Re:,アールイーアールイー
Re:Re:,アールイーアールイー
ビックリインド人,ビックリインドジン
マッコリインド人,マッコリインドジン
美しい人素敵,ウツクシイヒトステキ
人面白い,ジンメンハクイ
白い人,ハクイジン
ピザ屋,ピザヤ
牛丼屋,ギュウドンヤ
餅つき名人,モチツキメイジン
一秒,イチビョウ
指毛,ユビケ
マウスホイール,マウスホイール
人が元気,ジンガゲンキ
人が愛,ジンガアイ
ミッシー・エリオットみたい,ミッシーエリオットミタイ
タイトル画面,タイトルガメン
ジャケット詐欺,ジャケットサギ
田舎出身,イナカシュッシン
ローカルCMソング,ローカルシーエムソング
CMソング対決,シーエムソングタイケツ
対決みたい,タイケツミタイ
自分以外,ジブンイガイ
野球中継延長,ヤキュウチュウケイエンチョウ
ため休止,タメキュウシ
卵ふたつ,タマゴフタツ
ゆでたまごふたつ,ユデタマゴフタツ
前TV,マエテレビ
出てないか,ダシテナイカ
リズム天国みたい,リズムテンゴクミタイ
搾乳機,サクニュウキ
高校卒業アルバム,コウコウソツギョウアルバム
シャア専用口紅,シャアセンヨウクチベニ
保存料着色料,ホゾンリョウチャクショクリョウ
潤いはいつ,ウルオイハイツ
ノリ弁当,ノリベントウ
弁当みたい,ベントウミタイ
前カラオケ,マエカラオケ
空き部屋,アキヘヤ
部屋待ち,ヘヤマチ
の絶対,ノゼッタイ
絶対中二病,ゼッタイチュウニビョウ
三人,サンニン
肌色の,ハダイロノ
みんとさん,ミントサン
あと一,アトイチ
一週間,イチシュウカン
チィさん,チィサン
野球部キャプテン,ヤキュウブキャプテン
家付近,イエフキン
付近の川,フキンノガワ
桃だらけ,モモダラケ
桃好き,モモスキ
同時上映,ドウジジョウエイ
ターボボタン,ターボボタン
シールカタログ,シールカタログ
肩掛けバック,カタカケバック
柔軟剤入り,ジュウナンザイイリ
洗濯物,センタクブツ
一生元,イッショウモト
オフ会みたい,オフカイミタイ
午後三,ゴゴサン
三時,サンジ
きっとそう,キットソウ
昨日誕生日,キノウタンジョウビ
紙相撲的,カミズモウテキ
的変動,テキヘンドウ
蝶々たち,チョウチョウタチ
歩いてる夢,アルイテルユメ
ポカリ君,ポカリクン
回転寿司屋,カイテンズシヤ
柔軟剤入り,ジュウナンザイイリ
一人,イチニン
肉食系森ガール,ニクショクケイモリガール
一二,イチニ
二三,ニサン
三二,サンニ
二一,ニイチ
一二,イチニ
二三,ニサン
三二,サンニ
二一,ニイチ
モテたくない,モテタクナイ
みんとさん,ミントサン
さんみんと,サンミント
みんとさん,ミントサン
落書き漫画,ラクガキマンガ
なっちゃったの,ナッチャッタノ
キレイしょ,キレイショ
ゾンビ映画化,ゾンビエイガカ
かずおくん,カズオクン
回文post,カイブンポスト
擬人化,ギジンカ
何歳,ナンサイ
20歳未満,ニジュッサイミマン
歳以上,サイイジョウ
闇選挙,ヤミセンキョ
山手線,ヤマテセン
西武新宿,セイブシンジュク
新宿線,シンジュクセン
おさるさん,オサルサン
南の島,ミナミノトウ
最終的,サイシュウテキ
西森君,ニシモリクン
昨日メゾン・ド・ヒミコ,キノウメゾンドヒミコ
日本人以上,ニッポンジンイジョウ
秒前,ビョウマエ
僕時間,ボクジカン
妖精なんだろう,ヨウセイナンダロウ
脳内会議,ノウナイカイギ
エクストラバージン,エクストラバージン
バージンオリーブオイル,バージンオリーブオイル
触覚味覚,ショッカクミカク
味覚聴覚,ミカクチョウカク
聴覚視覚,チョウカクシカク
視覚嗅覚,シカクキュウカク
仕方がない人たち,シカタガナイヒトタチ
セカンド自分,セカンドジブン
フラッシュゲーム,フラッシュゲーム
斜め下,ナナメカ
髭美大,ヒゲビダイ
美大生,ビダイセイ
ピザソース,ピザソース
物や事,モノヤゴト
影分身,カゲブンシン
白い世界,ハクイセカイ
全体的,ゼンタイテキ
恋愛感情,レンアイカンジョウ
い人美しい人,イジンウツクシイヒト
みんな幸せ,ミンナシアワセ
幸せそう,シアワセソウ
グラスグリーン,グラスグリーン
鏡さん,カガミサン
視覚的,シカクテキ
的回文,テキカイブン
名前ごと,ナマエゴト
中学三,チュウガクサン
三年,サンネン
かっぱeverything,カッパエブリシング
客観的視点,キャッカンテキシテン
コーヒーカップ無し,コーヒーカップナシ
無しバージョン,ナシバージョン
脳内再生,ノウナイサイセイ
日本画学科,ニホンガガッカ
赤瀬川さん,アカセガワサン
一回,イチカイ
回マジ,カイマジ
中学生さん,チュウガクセイサン
GEOなん,ゲオナン
食卓テーブル,ショクタクテーブル
頃ポケモン,コロポケモン
ポケモンシール,ポケモンシール
尻用,シリヨウ
用立体,ヨウリッタイ
立体椅子,リッタイイス
今日も一日がん,キョウモイチニチガン
がんばる,ガンバル
五時半,ゴジハン
一人,イチニン
二人,ニニン
二人,ニニン
一人,イチニン
時間Perfume,ジカンパフューム
ボーカルかわいそう,ボーカルカワイソウ
一ヶ月,イチカゲツ
作品一,サクヒンイチ
一個,イチコ
GReeeeNまじ,グリーンマジ
グッチさん,グッチサン
KY少年,ケイワイショウネン
少年くん,ショウネンクン
くん誕生日,クンタンジョウビ
一番素敵,イチバンステキ
毎週金曜日,マイシュウキンヨウビ
普通科一,フツウカイチ
一人,イチニン
寿司屋さん,スシヤサン
ギャンブル要素,ギャンブルヨウソ
人いない,ヒトイナイ
値段表示,ネダンヒョウジ
小さい機械,コサイキカイ
機械みたい,キカイミタイ
ネタいたん,ネタイタン
具体的,グタイテキ
健康的,ケンコウテキ
24時間TV,ニジュウヨジカンテレビ
TVみたい,テレビミタイ
語感じゃなくて,ゴカンジャナクテ
とこ毎日,トコマイニチ
部屋本,ヘヤホン
一回,イチカイ
回IKEA,カイイケア
ニュースZERO,ニュースゼロ
イケメン食券,イケメンショッケン
秒針チート,ビョウシンチート
時計レース,トケイレース
時針だいじ,ジシンダイジ
error家,エラーカ
建築設計事務所バケラッタ,ケンチクセッケイジムショバケラッタ
指毛,ユビケ
君ショボショボ,キミショボショボ
ないと映画,ナイトエイガ
映画好き,エイガスキ
目薬駆使,メグスリクシ
字×3,ジトリプル
×3枚,トリプルマイ
レポート課題,レポートカダイ
ジブリ映画,ジブリエイガ
オールカラーフィルムコミック,オールカラーフィルムコミック
フィルムコミックシリーズ,フィルムコミックシリーズ
漫画風,マンガフウ
アキレス君,アキレスクン
馬鹿みたい,バカミタイ
のあさん,ノアサン
さん僕,サンボク
僕並,ボクナミ
一生もの,イッショウモノ
劣等感マン,レットウカンマン
劣等チョップ,レットウチョップ
鳩山さん,ハトヤマサン
田中義武,タナカヨシタケ
三回,サンカイ
うちTV,ウチテレビ
TVないし,テレビナイシ
イカスミカレー,イカスミカレー
にも苗字,ニモミョウジ
苗字本,ミョウジホン
おは黒,オハクロ
人間全員,ニンゲンゼンイン
全員強制,ゼンインキョウセイ
手塚先生,テヅカセンセイ
2ちゃんねる外部,ニチャンネルガイブ
外部リンク,ガイブリンク
レゴブロック,レゴブロック
ブロックふたつ,ブロックフタツ
ひたすらにきっかけ,ヒタスラニキッカケ
得ヤフオク,トクヤフオク
ヤフオク商品,ヤフオクショウヒン
自分発見,ジブンハッケン
右耳,ミギミミ
愛でんがな,アイデンガナ
愛でんがな,アイデンガナ
好きだ。語感,スキダゴカン
語感的,ゴカンテキ
待ち人コズミック,マチビトコズミック
大学生男女,ダイガクセイダンジョ
男女混合,ダンジョコンゴウ
混合集団,コンゴウシュウダン
栗コーダーカルテット耳コピー,クリコーダーカルテットミミコピー
かつ間違い,カツマチガイ
ピンクスケルトン,ピンクスケルトン
料理失敗,リョウリシッパイ
ドライマンゴー,ドライマンゴー
めろーさん,メローサン
かずお君,カズオクン
何かしら後悔,ナニカシラコウカイ
EXILE体操,エグザイルタイソウ
フバさん,フバサン
一人,イチニン
精神的,セイシンテキ
的ダメージ,テキダメージ
想像以上,ソウゾウイジョウ
CR矛盾,シーアールムジュン
RADWIMPSみたい,ラッドウィンプスミタイ
三時,サンジ
オズボーンみたい,オズボーンミタイ
スタジオ観覧,スタジオカンラン
近所さん,キンジョサン
誰一,ダレイチ
一人,イチニン
人耳元,ニンミミモト
メール本文,メールホンブン
twitpicデビュー,ツイットピクデビュー
古傷みたい,フルキズミタイ
さ紹介,サショウカイ
みんな朝,ミンナアサ
汗師,アセシ
ワタルさん,ワタルサン
デブ腹,デブハラ
中学二,チュウガクニ
二年生,ニネンセイ
友人検索,ユウジンケンサク
ともだちコレクション,トモダチコレクション
もうご飯,モウゴメシ
めハブ,メハブ
ハブション,ハブション
森井さん,モリイサン
ボルト選手,ボルトセンシュ
中央線,チュウオウセン
ファッキンなん,ファッキンナン
ドライマンゴー,ドライマンゴー
四人,ヨンニン
アダムスファミリーみたい,アダムスファミリーミタイ
横ボーダー,ヨコボーダー
縦ボーダー,タテボーダー
果物ですよ,クダモノデスヨ
ですよアラ,デスヨアラ
ゲロ袋,ゲロブクロ
独りずいずいずっころばし,ヒトリズイズイズッコロバシ
明日僕,アシタボク
僕秋葉原,ボクアキハバラ
万円,マンエン
姉上,アネジョウ
毛まみれ,ケマミレ
女性向け,ジョセイムケ
向け雑誌,ムケザッシ
好きだ。理由,スキダリユウ
厚焼き,アツヤキ
焼き卵,ヤキタマゴ
卵注文,タマゴチュウモン
僧職系,ソウショクケイ
系男子,ケイダンシ
男子アイコン,ダンシアイコン
アイコンクラスタ,アイコンクラスタ
クラスタ代表,クラスタダイヒョウ
代表error,ダイヒョウエラー
今夜東京,コンヤトウキョウ
半年前,ハントシマエ
意味わからん,イミワカラン
わからんコケシ,ワカランコケシ
矢印いっぱい,ヤジルシイッパイ
ふぁぼる感覚,ファボルカンカク
森川君,モリカワクン
君２,クンニ
２号,ニゴウ
男子高校生,ダンシコウコウセイ
誰一,ダレイチ
一人,イチニン
誰一,ダレイチ
一人,イチニン
一人,イチニン
セクス,セクス
嘘みたい,ウソミタイ
中学生男子,チュウガクセイダンシ
みんな暇,ミンナヒマ
鑑賞終了,カンショウシュウリョウ
終了後,シュウリョウゴ
二人,ニニン
哲学的,テツガクテキ
レフトサイド,レフトサイド
方言暗号,ホウゲンアンゴウ
暗号北海道,アンゴウホッカイドウ
北海道編,ホッカイドウヘン
まらわや,マラワヤ
ゴミステーション,ゴミステーション
三度,サンド
制限ビュッフェ,セイゲンビュッフェ
釈迦偉人,シャカイジン
上中下巻,カミナカゲカン
昔デカルト,ムカシデカルト
脳室,ノウシツ
ヵ月ぶり,カゲツブリ
羅羅,ララ
羅羅,ララ
羅世羅,ラセラ
世羅羅,セララ
羅羅,ララ
RPGやらないから,アールピージーヤラナイカラ
現実世界,ゲンジツセカイ
豆乳飲料,トウニュウインリョウ
ニュース番組見よう,ニュースバングミミヨウ
中学二年生,チュウガクニネンセイ
理系型,リケイガタ
型思考,ガタシコウ
直感混じり,チョッカンマジリ
理系型,リケイガタ
型思考,ガタシコウ
クレイジー野郎,クレイジーヤロウ
野郎ちゃん,ヤロウチャン
ナイスシュール,ナイスシュール
姿勢の,シセイノ
ゆゆ,ユユ
ゆゆ,ユユ
猫ちゃん外,ネコチャンガイ
事件発生,ジケンハッセイ
外出経験,ガイシュツケイケン
箱入り猫娘,ハコイリネコムスメ
ゆちゃん,ユチャン
たうたう,タウタウ
たうさん,タウサン
さん元気,サンゲンキ
なっちゃったん,ナッチャッタン
最近宇宙,サイキンウチュウ
みんとさん,ミントサン
一人,イチニン
一人,イチニン
理解度,リカイド
暗中模索オフ,アンチュウモサクオフ
夏休み後半,ナツヤスミコウハン
昼ご飯,ヒルゴハン
のかー,ノカー
そそんそ,ソソンソ
そんそくん,ソンソクン
あさとさん,アサトサン
さんあさと,サンアサト
あさとさん,アサトサン
さんお金,サンオカネ
RSR参加,ライジングサンロックフェスサンカ
お菓子プレゼント,オカシプレゼント
ふきのんちゃん,フキノンチャン
のんちゃんとそ,ノンチャントソ
とそそんそ,トソソンソ
そんそくん,ソンソクン
くん握手,クンアクシュ
前夢精,マエムセイ
ヤン坊マー坊天気予報双子,ヤンボウマーボウテンキヨホウフタゴ
カルピス好き,カルピススキ
一番外,イチバンガイ
番外側,バンガイガワ
一番外,イチバンガイ
番外側,バンガイガワ
草なぎ君,クサナギクン
あとドリキャス,アトドリキャス
BBQセット,バーベキューセット
焼き肉用,ヤキニクヨウ
用ホットプレート,ヨウホットプレート
たこ焼き機,タコヤキキ
全員覚せい剤,ゼンインカクセイザイ
人間観察,ニンゲンカンサツ
みんな発泡スチロール,ミンナハッポウスチロール
ため鏡,タメカガミ
全員集合,ゼンインシュウゴウ
コミュニケーション圏内,コミュニケーションケンナイ
一人,イチニン
深夜番組みたい,シンヤバングミミタイ
典型的,テンケイテキ
雰囲気映画,フンイキエイガ
ベリースローペース,ベリースローペース
ツルハゲ,ツルハゲ
ハゲやましん,ハゲヤマシン
やましんさん,ヤマシンサン
元気出して,ゲンキダシテ
まろさん,マロサン
その間東京,ソノカントウキョウ
鍋ぶた,ナベブタ
コンビニ店員,コンビニテンチョウイン
かずお君,カズオクン
ティッシュ一,ティッシュイチ
一枚,イチマイ
何人,ナンニン
2009年8月9日,ニセンクネンハチガツココノカ
北海道盆踊り,ホッカイドウボンオドリ
盆踊りシーズン,ボンオドリシーズン
シーズン到来,シーズントウライ
音楽分野,オンガクブンヤ
ぜんぶ湯船,ゼンブユブネ
十代,ジュウダイ
代最後,ダイサイゴ
tumblrdashboard,タンブラーダッシュボード
それ一時的,ソレイチジテキ
友達大好き,トモダチダイスキ
物理的,ブツリテキ
宮崎駿監督,ミヤザキハヤオカントク
シワシワ,シワシワ
シワおばあちゃん,シワオバアチャン
おばあちゃん入場,オバアチャンニュウジョウ
入場料,ニュウジョウリョウ
料無料,リョウムリョウ
字ギリギリ,ジギリギリ
ワラジレース,ワラジレース
ワラジムシいない,ワラジムシイナイ
性交開始,セイコウカイシ
あぁ！僕,アァボク
あはは最低,アハハサイテイ
美大生,ビダイセイ
生みたい,セイミタイ
好きだからあと,スキダカラアト
美大生,ビダイセイ
生みたい,セイミタイ
映画館,エイガカン
水道代,スイドウダイ
電気代,デンキダイ
ガス代,ガスダイ
洗濯物,センタクブツ
実家暮らし,ジッカクラシ
映画予告,エイガヨコク
馬鹿みたい,バカミタイ
ハンカチフル,ハンカチフル
フル活用,フルカツヨウ
億年,オクネン
たこ焼き機,タコヤキキ
一回,イチカイ
つかれさまー,ツカレサマー
友達みたい,トモダチミタイ
8km,ハチケーメートル
収録中,シュウロクチュウ
粘着力,ネンチャクチカラ
右脚,ミギアシ
シャワールーム,シャワールーム
ルーム用意,ルームヨウイ
ネーミングセンス,ネーミングセンス
なにあれ,ナニアレ
エロい顔,エロイガオ
ブサイクパーツ,ブサイクパーツ
山手線,ヤマテセン
メガネオジサン,メガネオジサン
オジサン三,オジサンサン
三人,サンニン
オフィスピン,オフィスピン
ワンコインメニュー,ワンコインメニュー
コミックブック,コミックブック
ショーシャンクの空に久しぶり,ショーシャンクノソラニヒサシブリ
スーツ姿,スーツスガタ
姿格好,スガタカッコウ
黒人スーツ,コクジンスーツ
クールミント,クールミント
救急車,キュウキュウシャ
今田さん,イマダサン
マイクロダイエットグランプリ,マイクロダイエットグランプリ
デブ集会,デブシュウカイ
茂木さん,モギサン
四列,ヨンレツ
列消し,レツケシ
ゴロ寝読書,ゴロネドクショ
Used感,ユーズドカン
絶対ムサビ,ゼッタイムサビ
死界,シカイ
笑い声練習,ワライゴエレンシュウ
社交的,シャコウテキ
インターネット回線,インターネットカイセン
精肉店,セイニクテン
店店長,テンテンチョウ
DVDレンタル,ディーブイディーレンタル
レンタルショップ,レンタルショップ
８日,ハチニチ
日後,ニチゴ
一年以上,イチネンイジョウ
mixiエコー,ミクシィエコー
二ヶ月,ニカゲツ
ヶ月後,カゲツゴ
映画モノクロ,エイガモノクロ
モノクロ用,モノクロヨウ
除湿能力,ジョシツノウリョク
除湿ボタン,ジョシツボタン
人分,ニンブン
斜め下,ナナメカ
全部トイレ,ゼンブトイレ
２ｌ,ニリットル
映画シャイニング,エイガシャイニング
幽霊ドン,ユウレイドン
イカレ,イカレ
宗教ばあさん,シュウキョウバアサン
パジェロコール,パジェロコール
ジェロい,ジェロイ
スクランブル交差,スクランブルコウサ
愚民ども,グミンドモ
ども感覚,ドモカンカク
通り方,トオリカタ
ディズニー映画,ディズニーエイガ
映画最新,エイガサイシン
最新作,サイシンサク
５個,ゴコ
どうぶつの森みたい,ドウブツノモリミタイ
パターン黒,パターンクロ
砂肝,スナキモ
耐震材,タイシンザイ
右寄り実写,ミギヨリジッシャ
実写アイコン,ジッシャアイコン
アイコンクラスタ,アイコンクラスタ
クラスタまとめ,クラスタマトメ
そっか今,ソッカイマ
twitter上,ツイッタージョウ
ころきみ,コロキミ
口止め料,クチドメリョウ
口止め料,クチドメリョウ
だれか秘密,ダレカヒミツ
ソじゃなくて,ソジャナクテ
じゃなくてド,ジャナクテド
かずお君,カズオクン
まった覚え,マッタオボエ
入試試験,ニュウシシケン
誰かが採点,ダレカガサイテン
才能うんぬん,サイノウウンヌン
んさん,ンサン
美大受験,ビダイジュケン
ワタルさん,ワタルサン
絶対今,ゼッタイイマ
今胸毛,イマムナゲ
胸毛ボー,ムナゲボー
ボーボー,ボーボー
みんとさん,ミントサン
絶対イラスト,ゼッタイイラスト
最新版,サイシンバン
姉上,アネジョウ
実写化,ジッシャカ
おすすめ新書,オススメシンショ
うちどれ,ウチドレ
ゾンビ化,ゾンビカ
都合良,ツゴウリョウ
良すぎ,リョウスギ
一次元,イチジゲン
完全無視,カンゼンムシ
チャーシュー店,チャーシューテン
これ身体,コレシンタイ
スースースースー,スースースースー
さっちゃんさん,サッチャンサン
バブシャワー,バブシャワー
商品化,ショウヒンカ
ミニーちゃん,ミニーチャン
ビヨンセみたい,ビヨンセミタイ
何回,ナンカイ
洗濯物,センタクブツ
僕たち,ボクタチ
生命体,セイメイタイ
体育成,タイイクセイ
育成キット,イクセイキット
シムシティーみたい,シムシティーミタイ
想像以上,ソウゾウイジョウ
一日,イチニチ
日目,ニチメ
二日,ニニチ
日目,ニチメ
三日,サンニチ
日目,ニチメ
四日,ヨンニチ
日目,ニチメ
桃欲,モモヨク
四日,ヨンニチ
三日,サンニチ
抜き足差し足忍び足暇,ヌキアシサシアシシノビアシヒマ
これ僕,コレボク
一日,イチニチ
味噌鍋,ミソナベ
電気鍋,デンキナベ
長い間,ナガイカン
間保温,カンホオン
干ばつ地,カンバツチ
地みたい,チミタイ
北海道お菓子,ホッカイドウオカシ
お菓子pure,オカシピュア
pure代表,ピュアダイヒョウ
田中なんとか,タナカナントカ
目の下隈,メノシタクマ
日あきらめ,ヒアキラメ
家で大掃除,イエデオオソウジ
素敵ノート,ステキノート
優先席かつお,ユウセンセキカツオ
ガキども,ガキドモ
西武国分寺線,セイブコクブンジセン
国分寺線回文,コクブンジセンカイブン
みんとさん,ミントサン
住所確定,ジュウショカクテイ
ミッキーマウスクラブマーチ,ミッキーマウスクラブマーチ
ミッキマウス,ミッキマウス
顔写真,カオシャシン
引き千切り,ヒキセンギリ
西武新宿,セイブシンジュク
新宿線,シンジュクセン
海賊みたい,カイゾクミタイ
アイドル視,アイドルシ
睡眠時間,スイミンジカン
実写アイコン,ジッシャアイコン
爺ちゃん,ジイチャン
高速回転,コウソクカイテン
モテるん,モテルン
深夜四,シンヤヨン
四時,ヨンジ
出産願望,シュッサンガンボウ
僕たち,ボクタチ
わけぎ,ワケギ
発売当時,ハツバイトウジ
ソース味,ソースミ
カエルさっき,カエルサッキ
キャベツ太郎ソース,キャベツタロウソース
わたしキャベツ太郎,ワタシキャベツタロウ
レコード屋,レコードヤ
屋さん,ヤサン
一日,イチニチ
日一,ニチイチ
一post,イチポスト
チャーシューうまい,チャーシューウマイ
作り始め,ツクリハジメ
時頃,ジゴロ
青みたい,アオミタイ
一郎次郎,イチロウジロウ
次郎三郎,ジロウサブロウ
一人,イチニン
人目,ニンメ
目二,メニ
二人,ニニン
人目,ニンメ
目三,メサン
三人,サンニン
人目,ニンメ
一年,イチネン
大学受験並,ダイガクジュケンナミ
チャリティーなんとか,チャリティーナントカ
こ祭り,コマツリ
一時間,イチジカン
時間二,ジカンニ
二度,ニド
四時間,ヨンジカン
みんなきょうは,ミンナキョウハ
ストライキ用,ストライキヨウ
りむぶんこ,リムブンコ
りむぶんこ,リムブンコ
知人いわく,チジンイワク
高校時代,コウコウジダイ
時代男子,ジダイダンシ
みどりちゃんモデル,ミドリチャンモデル
間接的,カンセツテキ
ゾンビ好き,ゾンビスキ
巨神兵タイプ,キョシンヘイタイプ
これホント,コレホント
時丁度,ジチョウド
高い体温,コウイタイオン
夏休み中,ナツヤスミチュウ
昨日ステージ,キノウステージ
UNIQLOCK,ユニクロシーケイ
味おかず,アジオカズ
ままご飯,ママゴハン
わさんひさし,ワサンヒサシ
ひさしぶり,ヒサシブリ
車いない,クルマイナイ
いない車道,イナイシャドウ
イカレ,イカレ
シエスタ開始,シエスタカイシ
これはいい画像,コレハイイガゾウ
ひといっぱい,ヒトイッパイ
みんとさん,ミントサン
一番左,イチバンヒダリ
やつみたい,ヤツミタイ
微妙説,ビミョウセツ
五十音表,ゴジュウオンヒョウ
犬ワオン,イヌワオン
ハリーポッター以外,ハリーポッターイガイ
人が好きだ,ジンガスキダ
ビュッフェスタイル,ビュッフェスタイル
最後宇多田ヒカル,サイゴウタダヒカル
声真似,コエマネ
汗びしょびしょ,アセビショビショ
中ここ,ナカココ
飲み会会場,ノミカイカイジョウ
会場貸出,カイジョウカシダシ
収入源,シュウニュウゲン
鈴カステラ,スズカステラ
ハイウェスト,ハイウェスト
スペースチャンネル5的,スペースチャンネルファイブテキ
的オーラ,テキオーラ
銀行クーラー,ギンコウクーラー
お金保存,オカネホゾン
熱化学的,ネツカガクテキ
物理現象,ブツリゲンショウ
運び手,ハコビシュ
ろあん,ロアン
ろれいあん,ロレイアン
ろでろでろ,ロデロデロ
でろでろあん,デロデロアン
ろれい,ロレイ
まんじゅうこわい的,マンジュウコワイテキ
ころ蟻,コロアリ
巣付近,スフキン
二人,ニニン
今夜ばら,コンヤバラ
みんな虫,ミンナムシ
ナイスジョーク,ナイスジョーク
ジョークうろ,ジョークウロ
虫じゃなくて,ムシジャナクテ
じゃなくてサッカー選手,ジャナクテサッカーセンシュ
カマドゥーマ,カマドゥーマ
ねえちゃんシド,ネエチャンシド
シドい,シドイ
なにこれ,ナニコレ
カモノハシ大好き,カモノハシダイスキ
ロケット発射,ロケットハッシャ
キンチョール発射,キンチョールハッシャ
後半戦,コウハンセン
戦大変,センタイヘン
レタスドレッシング,レタスドレッシング
もやしネギ,モヤシネギ
ネギだらけ,ネギダラケ
だらけ担々麺,ダラケタンタンメン
国分寺丸井,コクブンジマルイ
魚屋,サカナヤ
屋さん,ヤサン
閉店ギリギリ,ヘイテンギリギリ
コピーライト無視,コピーライトムシ
ほじほじ,ホジホジ
鍋好き,ナベスキ
一人,イチニン
八日間,ハチニチカン
朝食食パン,チョウショクショクパン
八枚,ハチマイ
枚切り,マイギリ
四日,ヨンニチ
日目,ニチメ
脳内みうらじゅん,ノウナイミウラジュン
さん,サン
妖怪道中,ヨウカイドウチュウ
道中膝栗毛,ドウチュウヒザクリゲ
肩幅おばけ,カタハバオバケ
おばけerror,オバケエラー
RTBS日テレ,アールティービーエスニッテレ
BS日テレの,ビーエスニッテレノ
情紹介,ジョウショウカイ
紹介動画,ショウカイドウガ
情サイト,ジョウサイト
Black Eyed Peas大好き,ブラックアイドピーズダイスキ
地味系,ジミケイ
系男,ケイオトコ
男友達,オトコトモダチ
踊り出して,オドリダシテ
二回,ニカイ
回目,カイメ
ブレがち,ブレガチ
メモリアル定規,メモリアルジョウギ
通り夜,トオリヨル
一時半,イチジハン
顔サイズ,カオサイズ
故障具合,コショウグアイ
わ！どれ,ワドレ
ブラウン管テレビ,ブラウンカンテレビ
にもゴキブリ,ニモゴキブリ
何回,ナンカイ
出現経験,シュツゲンケイケン
最近僕,サイキンボク
二時,ニジ
伊藤システム,イトウシステム
まま会話,ママカイワ
値段設定,ネダンセッテイ
もの紙,モノシ
暴れ出して,アバレダシテ
出して紙,ダシテシ
最終的,サイシュウテキ
一枚,イチマイ
黒ごま,クロゴマ
ごま二,ゴマニ
二枚,ニマイ
枚目,マイメ
黒ごま,クロゴマ
ごまペースト,ゴマペースト
想像以上,ソウゾウイジョウ
今日寿司,キョウスシ
寿司食べに,スシショクベニ
食べに行こう,ショクベニギョウコウ
石橋さん,イシバシサン
工藤淳さん,クドウジュンサン
ネミミミミズ,ネミミミミズ
友達いない,トモダチイナイ
いない気,イナイキ
卒業アルバムみたい,ソツギョウアルバムミタイ
今日寿司,キョウスシ
寿司大好き,スシダイスキ
なんだろう最近,ナンダロウサイキン
最近ミドリ,サイキンミドリ
村みたい,ムラミタイ
学長黒,ガクチョウクロ
黒シャツ,クロシャツ
シャツ黒,シャツクロ
黒スーツ,クロスーツ
便意,ビンイ
レ点,レテン
茶葉,チャハ
極選,キョクセン
選茶,センチャ
茶葉,チャハ
男友達,オトコトモダチ
一生懸命作業,イッショウケンメイサギョウ
一駅,イチエキ
オリジンのり,オリジンノリ
のり弁当,ノリベントウ
ケア府中,ケアフチュウ
マンガですよ。,マンガデスヨ
ですよ。僕,デスヨボク
ゆたんさん,ユタンサン
男バージョン,オトコバージョン
僕以外,ボクイガイ
全員格好,ゼンインカッコウ
アイドル化,アイドルカ
おれら,オレラ
いないコケ,イナイコケ
男子四,ダンシヨン
四人,ヨンニン
雪だらけ,ユキダラケ
スティック二,スティックニ
二本,ニホン
男友達,オトコトモダチ
大学恋愛,ダイガクレンアイ
恋愛物語,レンアイモノガタリ
新歓大喜利,シンカンオオギリ
％醤油,パーセントショウユ
％酒,パーセントシュ
％みりん,パーセントミリン
曲DEVO,キョクディーボ
LOVE PSYCHEDELICO風,ラブサイケデリコフウ
風オリジナル,フウオリジナル
オリジナル鼻歌,オリジナルハナウタ
七夕,ナナユウ
二回,ニカイ
明日落語研究会,アシタラクゴケンキュウカイ
大喜利あん,オオギリアン
コケみたい,コケミタイ
理由付け,リユウヅケ
何度も何度も,ナンドモナンドモ
山田錦100％,ヤマダニシキヒャクパーセント
100％使用,ヒャクパーセントシヨウ
使用大吟醸,シヨウダイギンジョウ
大吟醸匠,ダイギンジョウタクミ
お茶くみ,オチャクミ
みんなみんな前屈み,ミンナミンナマエカガミ
デブみたい,デブミタイ
それきっかけ,ソレキッカケ
オードリー春日,オードリーシュンジツ
じんくん,ジンクン
洗濯物,センタクブツ
物ヤバい,ブツヤバイ
殺人鬼みたい,サツジンキミタイ
繊維みたい,センイミタイ
名前電話番号,ナマエデンワバンゴウ
上error,ウエエラー
テーマiTunes,テーマアイチューンズ
名前最初,ナマエサイショ
みたいやつ,ミタイヤツ
妻一,ツマイチ
一人,イチニン
八人,ハチニン
夜風は,ヨルフウハ
風は幸せ,フウハシアワセ
雑巾みたい,ゾウキンミタイ
清掃員,セイソウイン
Helvetica信者,ヘルベチカシンジャ
時５,トキゴ
５歳,ゴサイ
全部ばら,ゼンブバラ
こさん,コサン
ギター演奏,ギターエンソウ
とこ想像,トコソウゾウ
高円寺V系,コウエンジブイケイ
服着,フクギ
着た人,ギタニン
デブッチョさん,デブッチョサン
ナイス鎖,ナイスクサリ
石原のぶ,イシハラノブ
隠しキャラ,カクシキャラ
キャラみたい,キャラミタイ
大学生トーク,ダイガクセイトーク
自分以外,ジブンイガイ
以外全員,イガイゼンイン
人が幸せ,ジンガシアワセ
幸せそう,シアワセソウ
CDウォークマン,シーディーウォークマン
ウォークマン的,ウォークマンテキ
だれか写真,ダレカシャシン
何桁,ナンケタ
一番上,イチバンジョウ
パンツ一,パンツイチ
一丁,イチチョウ
北京鍋,ペキンナベ
指差し,ユビサシ
差し確認,サシカクニン
こと大好き,コトダイスキ
僕糞,ボククソ
糞器用,クソキヨウ
チョコクロワッサン,チョコクロワッサン
全部アート,ゼンブアート
こここ,コココ
体温高,タイオンダカ
高い人,ダカイジン
血液型関係,ケツエキガタカンケイ
カ所以上,カショイジョウ
テスト以来,テストイライ
大陸発見,タイリクハッケン
健康左心房,ケンコウサシンボウ
うんこちんちん,ウンコチンチン
護身用,ゴシンヨウ
自然死,シゼンシ
動きぶり,ウゴキブリ
僕たち,ボクタチ
みんとさん,ミントサン
反射的,ハンシャテキ
朝八,アサハチ
八時,ハチジ
追加日,ツイカビ
日順,ビジュン
和田アキ子勝手にしやがれ,ワダアキコカッテニシヤガレ
勝手にしやがれ和田アキ子,カッテニシヤガレワダアキコ
和田アキ子勝手にしやがれ,ワダアキコカッテニシヤガレ
勝手にしやがれ勝手にしやがれ,カッテニシヤガレカッテニシヤガレ
勝手にしやがれ和田アキ子,カッテニシヤガレワダアキコ
和田アキ子和田アキ子,ワダアキコワダアキコ
和田アキ子和田アキ子,ワダアキコワダアキコ
和田アキ子勝手にしやがれ,ワダアキコカッテニシヤガレ
アキレス君,アキレスクン
アキレス君,アキレスクン
アイドル的,アイドルテキ
的部員,テキブイン
誕生日プレゼント,タンジョウビプレゼント
外国輸入,ガイコクユニュウ
輸入物,ユニュウブツ
シャボン玉セット,シャボンダマセット
オナニーホール,オナニーホール
ホールみたい,ホールミタイ
二種類,ニシュルイ
寄生獣久しぶり,キセイジュウヒサシブリ
パトロールオバサン,パトロールオバサン
一枚,イチマイ
iPod借りて,アイポッドカリテ
国民クイズ小学,コクミンクイズショウガク
最近乳首,サイキンチクビ
予測変換,ヨソクヘンカン
ドンキーコングみたい,ドンキーコングミタイ
ディディーコングみたい,ディディーコングミタイ
全て小麦粉,スベテコムギコ
僕みたい,ボクミタイ
セクシーポーズ,セクシーポーズ
高速ペン回し,コウソクペンマワシ
パナス,パナス
電子レンジ不可,デンシレンジフカ
朝学校,アサガッコウ
鶏そぼろ,ニワトリソボロ
東のエデン全部,ヒガシノエデンゼンブ
Production I.Gヘアー,プロダクションアイジーヘアー
ハンバーグみたい,ハンバーグミタイ
踏切前,フミキリマエ
みんな赤ちゃん,ミンナアカチャン
断片的,ダンペンテキ
ハンムラビfor,ハンムラビフォー
味２,ミニ
２秒,ニビョウ
留学生男子,リュウガクセイダンシ
短髪テカテカ,タンパツテカテカ
歳幾つ,トシイクツ
あとさっき,アトサッキ
ドーナツ3つ,ドーナツミッツ
ことpost,コトポスト
ステッキみたい,ステッキミタイ
オッサンみたい,オッサンミタイ
外人美少年,ガイジンビショウネン
花いちもんめ以来,ハナイチモンメイライ
アキレス君,アキレスクン
風呂場,フロジョウ
アキレス君,アキレスクン
だまし絵展,ダマシエテン
ご飯OR,ゴハンオーアール
ワカワカ,ワカワカ
スクラッチ風,スクラッチフウ
限り僕,カギリボク
閉経B4,ヘイケイビーフォー
ねこらぼ,ネコラボ
カイマン,カイマン
メガネどこ,メガネドコ
マンガかく,マンガカク
ポトシ君,ポトシクン
今一,イマイチ
一人,イチニン
讃岐うどん屋,サヌキウドンヤ
屋さん,ヤサン
新宿紀ノ国屋,シンジュクキノクニヤ
前部員,ゼンブイン
員とふ,イントフ
テキトー,テキトー
知ったかぶり,シッタカブリ
最終的,サイシュウテキ
片手技,カタテワザ
誕生日だし,タンジョウビダシ
粒米,ツブマイ
全員僕,ゼンインボク
玄関ピンポン,ゲンカンピンポン
マジ死ぬかと思った,マジシヌカトオモッタ
パソコンチェア,パソコンチェア
森井さん,モリイサン
一枚,イチマイ
退職届出,タイショクトドケデ
和風キムチ,ワフウキムチ
キムチ風,キムチフウ
韓国キムチ,カンコクキムチ
みんなビートルズ,ミンナビートルズ
くだんさん,クダンサン
ラグビー部みたい,ラグビーブミタイ
一番嫌い,イチバンキライ
それ誰,ソレダレ
これ今日,コレキョウ
今日プレゼント,キョウプレゼント
お前ほんと,オマエホント
ほんとどうし,ホントドウシ
どうしよう,ドウシヨウ
おっさん腰,オッサンコシ
人間全員,ニンゲンゼンイン
一人,イチニン
一年生,イチネンセイ
twitterやってみよう,ツイッターヤッテミヨウ
いないヨーロッパ,イナイヨーロッパ
泥棒小僧,ドロボウコゾウ
小僧みたい,コゾウミタイ
みなさんtwitter,ミナサンツイッター
ですよ。あれ,デスヨアレ
回ふぁ,カイファ
僕理不尽,ボクリフジン
動児,ドウジ
子供みたい,コドモミタイ
子供みたい,コドモミタイ
こと勝手,コトカッテ
ロボット兵,ロボットヘイ
兵みたい,ヘイミタイ
髭全裸,ヒゲゼンラ
相撲力士,スモウリキシ
美大生,ビダイセイ
大喜利友達,オオギリトモダチ
弟は頭,オトウトハトウ
吐血白目,トケツシロメ
白目痙攣,シロメケイレン
RTうち,アールティーウチ
子供達,コドモタチ
今月みんな,コンゲツミンナ
みんな素数,ミンナソスウ
僕自身,ボクジシン
ユニクロみたい,ユニクロミタイ
魚卵シャツ,ギョランシャツ
dmmレンタル,ディーエムエムレンタル
TSUTAYA宅配レンタル,ツタヤタクハイレンタル
三匹,サンヒキ
スリーナイン状態,スリーナインジョウタイ
状態満喫,ジョウタイマンキツ
あと一,アトイチ
一人,イチニン
瞬間天魔,シュンカンテンマ
エラーさん,エラーサン
声真似,コエマネ
iPod紛失,アイポッドフンシツ
自らコゲ,ミズカラコゲ
よう戦場,ヨウセンジョウ
んじゃなくて,ンジャナクテ
一人,イチニン
人きり,ニンキリ
僕がふ,ボクガフ
わたくしerror,ワタクシエラー
ですよ。ぞくぞく,デスヨゾクゾク
カ所以上,カショイジョウ
以上蚊,イジョウカ
道民潰し,ドウミンツブシ
バタートースト,バタートースト
システムエラー,システムエラー
エラー発生,エラーハッセイ
好きだしな,スキダシナ
シリーズもの,シリーズモノ
脳内牛,ノウナイウシ
ぼく再審,ボクサイシン
とかげみたい,トカゲミタイ
落ち武者みたい,オチムシャミタイ
青信号無視,アオシンゴウムシ
ことpost,コトポスト
やな予感,ヤナヨカン
学校行きたくない,ガッコウイキタクナイ
何回,ナンカイ
女子大生みたい,ジョシダイセイミタイ
おばちゃん,オバチャン
キュウリ両手,キュウリリョウテ
二本,ニホン
キュウリ同士,キュウリドウシ
同士叩き,ドウシハタキ
公式HP,コウシキエイチピー
アーチスト好き,アーチストスキ
おなかいっぱい,オナカイッパイ
みんな一,ミンナイチ
一度,イチド
一人,イチニン
中華鍋無敵,チュウカナベムテキ
もし限界,モシゲンカイ
指ドラム,ユビドラム
練習ust,レンシュウユーエスティー
姉さん店員,ネエサンテンイン
二人,ニニン
貴方お金,アナタオカネ
フルマラソン完走,フルマラソンカンソウ
僕は木,ボクハキ
僕以外,ボクイガイ
以外みんな,イガイミンナ
二人,ニニン
みんとさん,ミントサン
直通エレベーター,チョクツウエレベーター
ユザワヤマスター,ユザワヤマスター
自分以外,ジブンイガイ
感動的,カンドウテキ
今回ポイントカード,コンカイポイントカード
カスみたい,カスミタイ
円以下,エンイカ
一緒に数,イッショニスウ
情生,ジョウセイ
タンジブル,タンジブル
何年生,ナンネンセイ
花原さん,ハナゲンサン
原さんチェック,ゲンサンチェック
じゃなくてクレープ,ジャナクテクレープ
午前中,ゴゼンチュウ
スポーツバッグ,スポーツバッグ
午前中,ゴゼンチュウ
吉祥寺冒険,キチジョウジボウケン
姉上,アネジョウ
屈辱的,クツジョクテキ
最近悪夢,サイキンアクム
もずくスープ,モズクスープ
みなさんお待ち,ミナサンオマチ
お待ちかね,オマチカネ
誕生日ですよ,タンジョウビデスヨ
幸せなら手をたたこう不幸せ,シアワセナラテヲタタコウフシアワセ
最近友達,サイキントモダチ
美少女アイコン,ビショウジョアイコン
アイコンクラスタ,アイコンクラスタ
クラスタ代表,クラスタダイヒョウ
宇多田ヒカル風,ウタダヒカルフウ
あずまさん,アズマサン
実写アイコン,ジッシャアイコン
曲中,キョクチュウ
トリプルクリック,トリプルクリック
薄っぺらい服,ウスッペライフク
えらー様,エラーサマ
ディアゴスティーニ,ディアゴスティーニ
人が嫌い,ジンガギライ
感動的,カンドウテキ
森久美子みたい,モリクミコミタイ
ゴスペルみたい,ゴスペルミタイ
白い恋人毎日,シロイコイビトマイニチ
あとロイズ,アトロイズ
今日ドクターペッパー,キョウドクターペッパー
ドクターペッパー久しぶり,ドクターペッパーヒサシブリ
前大学生,マエダイガクセイ
全部Wikipedia,ゼンブウィキペディア
フルパワー,フルパワー
わっちふか,ワッチフカ
一番好き,イチバンスキ
へのへの夢二,ヘノヘノユメジ
一番好き,イチバンスキ
一番好きだ,イチバンスキダ
カイマン,カイマン
やあ首つり,ヤアクビツリ
恵比寿ちゃん,エビスチャン
恵比寿ちゃん,エビスチャン
ジェイソンかわいいよ,ジェイソンカワイイヨ
人物彫塑,ジンブツチョウソ
モデルさん,モデルサン
サイドミラー,サイドミラー
ジェリーじゃなくて,ジェリージャナクテ
日本兵たち,ニホンヘイタチ
忍者ごっこ,ニンジャゴッコ
毎日友達,マイニチトモダチ
二人,ニニン
毎年リレー,マイトシリレー
友達三,トモダチサン
三人,サンニン
草彅君,クサナギクン
君解放,クンカイホウ
SMAP全員,スマップゼンイン
謹慎中,キンシンチュウ
誕生月,タンジョウツキ
姉上,アネジョウ
誕生月,タンジョウツキ
誕生月,タンジョウツキ
チャーハン作,チャーハンサク
作るし,サクルシ
家で寝泊まり,イエデネトマリ
コチャンガン,コチャンガン
エンジュー,エンジュー
エンジュー,エンジュー
粉状,コナジョウ
売人みたい,バイニンミタイ
マイミク女性,マイミクジョセイ
ハチクロドリーマー,ハチクロドリーマー
ドリーマー潰し,ドリーマーツブシ
靴ビショビショ,クツビショビショ
きっと悪夢,キットアクム
モデルさん,モデルサン
何回,ナンカイ
性欲みたい,セイヨクミタイ
アキレス君,アキレスクン
ミソ味,ミソミ
ミソ味,ミソミ
３冊,サンサツ
冊漫画,サツマンガ
漫画たち,マンガタチ
皆一,ミナイチ
一人,イチニン
パンガン,パンガン
パンガン,パンガン
実寸以上,ジッスンイジョウ
木べら,キベラ
食事中,ショクジチュウ
倫理学演習,リンリガクエンシュウ
絶対友達,ゼッタイトモダチ
ムダ雨乞い,ムダアマゴイ
むだ雨乞い,ムダアマゴイ
誰かが外,ダレカガガイ
キンコンカンコン,キンコンカンコン
モーガン・フリーマン選手権,モーガンフリーマンセンシュケン
選手権予選,センシュケンヨセン
予選敗退,ヨセンハイタイ
敗退みたい,ハイタイミタイ
年中無休,ネンジュウムキュウ
二人,ニニン
ファミリーコース,ファミリーコース
ファミリーだしね,ファミリーダシネ
あははそれ,アハハソレ
一時間,イチジカン
時間遅刻,ジカンチコク
キンチョールジェット,キンチョールジェット
刑務所好き,ケイムショスキ
17日ら,ジュウシチニチラ
僕20日,ボクハツカ
残念僕,ザンネンボク
上京組,ジョウキョウグミ
何日,ナンニチ
京都行き,キョウトイキ
歳以下,トシイカ
心身共,シンシンドモ
具体的,グタイテキ
３日,サンニチ
一回,イチカイ
姉上,アネジョウ
全部僕,ゼンブボク
自作自演だし,ジサクジエンダシ
僕高校生,ボクコウコウセイ
